name,type,fullname,plan,isPro,isVerified,numModels,numDatasets,numSpaces,numFollowers,numLikes,numDiscussions,numPapers,numUsers,createdAt,crawled_at
001aachal,user,Aachal,,False,,1,0,0,0,0,0,0,,2024-03-21T08:21:30.000Z,1786078790.640673
00Kimi,user,jiachen qiu,,False,,1,0,0,0,0,0,0,,2026-04-18T13:38:34.000Z,1786078975.4221637
00hiderevert,user,Odelia Stephen,,False,,1,0,0,0,0,0,0,,2025-09-28T05:34:20.000Z,1786079084.353537
00ri,user,Oori Schubert,,False,,5,4,0,0,12,1,0,,2024-12-15T16:08:56.000Z,1786079117.718535
01540101548aaa,user,KB Akash,,False,,1,0,0,0,0,0,0,,2024-12-24T15:08:13.000Z,1786079202.4672327
0129201thegoat,user,Vivaan Giri,,False,,1,0,0,0,1,0,0,,2026-06-24T01:00:53.000Z,1786079220.5493126
012shin,user,Shinyoungil,,False,,7,6,0,0,3,0,0,,2024-03-29T06:38:15.000Z,1786079220.5631268
012zI19e7u,user,ROpBqsCXq5,,False,,1,0,0,0,0,0,0,,2025-06-09T23:57:29.000Z,1786079220.5997038
0199ae31-6bb7-7c8d-bb6e-a4d8862d23fd,user,G,,False,,3,0,0,0,1,0,0,,2025-10-04T07:49:30.000Z,1786079220.6080272
0137jirawat,user,jirawat intananok,,False,,1,0,0,0,0,0,0,,2026-08-03T02:45:45.000Z,1786079220.6225772
01Abdulhadi,user,Muhammad Abdulhadi Qureshi,,False,,1,0,0,0,0,0,0,,2025-11-16T05:28:21.000Z,1786079220.6532292
01Ajeet,user,Ajeet Kumar,,False,,1,0,0,0,0,0,0,,2025-09-21T13:45:42.000Z,1786079220.669769
01Akash01,user,Akash Singh ,,False,,1,0,0,0,0,0,0,,2024-09-22T06:18:00.000Z,1786079220.7011774
01FE22BEC307,user,KRUTHIKA A,,False,,1,0,0,0,0,0,0,,2024-12-03T18:45:43.000Z,1786079220.7228673
01GangaPutraBheeshma,user,Uttasarga Singh,,False,,5,0,1,0,0,1,0,,2023-10-24T03:34:22.000Z,1786079220.726994
01Gaurav10,user,Gaurav Jangid,,False,,1,0,1,0,3,0,0,,2025-09-23T11:50:25.000Z,1786079220.7593992
015346pat,user,Patri,,False,,2,0,0,0,0,0,0,,2025-02-16T08:25:21.000Z,1786079220.7611988
01Lin01,user,01,,False,,3,0,0,0,0,0,0,,2024-07-25T03:11:51.000Z,1786079220.7743556
01N02,user,Luis Miguel M dos Santos,,False,,1,0,1,0,0,0,0,,2024-06-22T04:32:55.000Z,1786079220.8005607
01PrathamS,user,Pratham Savaliya,,False,,16,0,0,1,4,0,0,,2023-10-06T06:20:11.000Z,1786079220.8285942
01Nur,user,Beyza Nur Yıldırım,,False,,3,2,1,0,0,0,0,,2024-11-04T12:18:30.000Z,1786079220.829865
01Tauhid,user,Tauhid alam,,False,,1,0,1,0,0,0,0,,2026-02-15T09:03:30.000Z,1786079220.8639102
01abay,user,AK,,False,,2,0,0,0,0,0,0,,2023-08-28T09:52:41.000Z,1786079220.8745275
01aircrewaplomb,user,Jeff Parker,,False,,1,0,0,0,0,0,0,,2025-09-28T04:38:59.000Z,1786079220.9044285
01Yassine,user,Yassine El Kheir,,False,,9,5,1,28,27,3,12,,2025-01-29T10:56:22.000Z,1786079220.9127274
01anuraganand,user,Anurag Anand,,False,,1,0,0,0,0,0,0,,2022-04-09T10:54:06.000Z,1786079220.9352207
01chaitanya01,user,Chaitanya Choudhari,,False,,1,0,3,0,0,0,0,,2023-11-07T06:24:40.000Z,1786079220.9777627
01cheddarbattery,user,Moore Patrick,,False,,1,0,0,0,0,0,0,,2025-09-24T07:09:45.000Z,1786079221.0074127
01choco,user,Lee Seohyeong,,False,,216,15,0,1,5,1,0,,2024-10-29T07:24:41.000Z,1786079221.011332
01bala,org,balamurugan01,,,False,1,0,0,1,,,0,1,,1786079221.027359
01crownswoofers,user,Nathan Powell,,False,,1,0,0,0,0,0,0,,2025-09-30T03:52:39.000Z,1786079221.0382984
01data-ai,user,Russell Yoskowitz,,False,,15,0,0,0,1,0,0,,2026-04-29T21:17:38.000Z,1786079221.1109524
01devManish,user,Manish Yadav,,False,,1,0,14,0,0,0,0,,2024-11-09T07:42:57.000Z,1786079221.112463
01barisklc,user,BARIŞ KILIÇ,,False,,1,0,0,0,0,1,0,,2023-11-10T12:49:02.000Z,1786079221.1229503
01eg0,user,Oleg,,False,,9,0,0,0,0,0,0,,2025-10-20T13:14:45.000Z,1786079221.1263483
01fe20bcs251,user,01fe20bcs251,,False,,2,0,0,0,0,0,0,,2023-05-03T21:46:01.000Z,1786079221.1338124
01das,org,01DAS CTU course,,,False,1,0,0,25,,,0,1,,1786079221.1830893
01fe22mcs003,user,Vidya K,,False,,1,0,0,0,0,0,0,,2024-07-22T12:04:05.000Z,1786079221.2157435
01fiddlewelder,user,Jo Hamilton,,False,,1,0,0,0,0,0,0,,2025-09-30T04:36:34.000Z,1786079221.2184424
01johnchiang10,user,John Chiang,,False,,6,0,0,0,4,0,0,,2025-11-10T07:43:42.000Z,1786079221.2196841
01metal,user,dfbdf,,False,,3,0,0,0,0,0,0,,2026-03-08T18:21:48.000Z,1786079221.2304084
01miku,user,miku,,False,,1,0,0,0,0,0,0,,2025-07-13T14:45:11.000Z,1786079221.2356076
01moneyedprisms,user,Nicole Barton,,False,,1,0,0,0,0,0,0,,2025-09-28T05:03:09.000Z,1786079221.2835083
01streetware,user,Rafael Modesto,,False,,1,0,0,0,0,0,0,,2024-10-03T04:28:54.000Z,1786079221.3207028
01pratyush,user,Pratyush Singh,,False,,1,0,2,0,0,0,0,,2024-03-07T18:38:32.000Z,1786079221.3253546
01tOd4uq6D,user,wnAe8PdW97,,False,,1,0,0,0,0,0,0,,2025-06-14T06:48:00.000Z,1786079221.3324807
01thatchbobbin,user,Chad Gladstone,,False,,1,0,0,0,0,0,0,,2025-09-23T10:28:27.000Z,1786079221.3336105
01trishal,user,dhote,,False,,1,0,0,0,0,0,0,,2024-04-02T15:08:15.000Z,1786079221.3348947
01xiaoyan,user,xiaoyan,,False,,2,2,0,0,0,0,0,,2025-03-04T01:45:21.000Z,1786079221.3798058
01yubin,user,hanyubin,,False,,1,0,0,0,0,0,0,,2024-12-07T16:25:55.000Z,1786079221.4254766
02-DS-Prakash,user,Prakash Mali,,False,,1,0,0,0,0,1,0,,2024-12-13T08:15:56.000Z,1786079221.4326785
02039Chs82,user,Olivares,,False,,1,0,0,0,0,0,0,,2024-11-09T23:05:47.000Z,1786079221.4363759
0206RA221001,user,aakanksha sahu,,False,,1,0,0,0,0,0,0,,2025-04-11T09:08:56.000Z,1786079221.437639
0205RA231001,user,aadrika rai,,False,,2,0,4,0,0,0,0,,2025-04-11T09:09:32.000Z,1786079221.441259
021lessaxn,user,Caio Lessa de Almeida,,False,,1,0,0,0,0,0,0,,2024-11-14T17:09:07.000Z,1786079221.5246627
0208suin,user,Suin Hong,,False,,14,1,3,0,0,0,0,,2024-06-25T06:43:44.000Z,1786079221.5319536
0222chen,user,blueblue,,False,,3,0,0,0,0,0,0,,2026-07-20T06:14:03.000Z,1786079221.5393698
0226ash,user,ash chem,,False,,1,0,0,0,0,0,0,,2025-04-15T10:19:37.000Z,1786079221.5406754
024vishnu,user,Vishnu Kumar,,False,,1,0,0,0,0,0,0,,2026-06-09T12:08:24.000Z,1786079221.543899
0225pang,user,Pang Xiao,,False,,1,0,0,0,0,0,0,,2025-04-11T09:20:55.000Z,1786079221.5478938
0253Napapat,user,Napapat,,False,,1,0,0,0,0,0,0,,2026-08-03T03:13:04.000Z,1786079221.6306305
026g,user,Jesse,,False,,1,1,2,0,1,0,0,,2023-10-19T13:43:22.000Z,1786079221.6324368
0272-Natnaree,user,Natnaree Yuttachit,,False,,1,0,0,0,0,0,0,,2026-08-03T03:14:16.000Z,1786079221.6363227
02FACE,user,Tinashe Gift Ganyekanye,,False,,1,0,0,0,0,0,0,,2025-04-23T12:40:53.000Z,1786079221.6385274
02fe22bee008,user,Bhoomika_Patil,,False,,4,0,0,0,0,0,0,,2025-03-01T03:47:24.000Z,1786079221.6495788
02jae,user,yu,,False,,5,5,0,0,0,0,0,,2026-03-24T04:28:55.000Z,1786079221.7290094
02N,org,02N LLC,,,False,1,0,0,1,,,0,1,,1786079221.7351866
02fghfg,user,ogba,,False,,1,0,0,0,0,0,0,,2025-10-17T19:02:18.000Z,1786079221.7368038
02fe25bme401,user,saad,,False,,1,0,0,0,0,0,0,,2026-03-10T07:07:14.000Z,1786079221.7378142
02jmp,user,Money day,,False,,2,0,3,1,10,3,0,,2025-09-21T08:43:38.000Z,1786079221.7409282
02littersfortune,user,Bishop Turner,,False,,1,0,0,0,0,0,0,,2025-09-28T03:39:19.000Z,1786079221.7740626
02loveslollipop,user,Mateo Monsalve Valencia,,False,,1,0,0,0,6,0,0,,2023-12-18T17:39:10.000Z,1786079221.820869
02mjpark,user,mjpark,,False,,1,1,0,0,1,0,0,,2024-09-06T00:58:37.000Z,1786079221.8397813
02quest,user,02quest,,False,,1,0,0,0,0,0,0,,2025-02-04T05:56:05.000Z,1786079221.8425782
02spansbiter,user,Olga Nehemiah,,False,,1,0,0,0,0,0,0,,2025-09-28T03:57:53.000Z,1786079221.8436732
02shanky,user,Shivshankar,,False,,11,0,0,0,0,0,0,,2022-06-05T12:41:24.000Z,1786079221.9243991
0310weiyang,user,lwy,,False,,3,0,0,0,1,0,0,,2025-10-10T12:15:21.000Z,1786079221.9381652
030lolo,user,lolo,,False,,1,0,1,0,0,0,0,,2025-04-19T05:36:51.000Z,1786079221.9419622
033nzrchk,user,Nazar,,False,,1,0,0,0,0,0,0,,2026-02-21T18:41:40.000Z,1786079221.9463358
02surfersbikes,user,Andy Stowe,,False,,1,0,0,0,0,0,0,,2025-09-30T05:03:19.000Z,1786079221.9491427
0307061430,user,wuhuhu,,False,,1,0,0,0,0,0,0,,2021-12-27T07:09:55.000Z,1786079222.0026414
0350su,user,YOOSUMIN,,False,,1,0,0,0,0,0,0,,2025-02-14T01:48:48.000Z,1786079222.033671
03Komalpreet,user,Komalpreet kaur,,False,,1,0,6,0,1,0,0,,2025-08-22T12:21:42.000Z,1786079222.0482435
0390adjasjkda,user,Alejandra Vera,,False,,1,0,0,0,0,0,0,,2023-09-10T01:33:29.000Z,1786079222.0495477
03Sys,user,឵឵,,False,,1,0,0,1,6,0,0,,2022-10-06T01:11:11.000Z,1786079222.0544477
03838382john,user,Ali rida,,False,,1,0,0,0,0,0,0,,2025-06-09T19:04:43.000Z,1786079222.0556226
03dilatoridyll,user,Marjorie Jeremy,,False,,1,0,0,0,0,0,0,,2025-09-24T06:56:59.000Z,1786079222.0999246
03nineteenjo,user,Joshua M. Ranin,,False,,1,0,1,0,0,0,0,,2025-12-03T00:19:44.000Z,1786079222.128625
03sjd,user,오디,,False,,1,0,0,0,0,0,0,,2025-05-06T06:50:21.000Z,1786079222.1501603
03y54h,user,理遇,,False,,1,0,0,0,0,0,0,,2026-07-29T04:57:15.000Z,1786079222.1525104
0408happyfeet,user,JC,,False,,4,4,5,0,0,0,0,,2025-09-18T01:09:49.000Z,1786079222.1536498
0415Hatakeyama,user,畠山豊彦,,False,,1,0,0,0,0,0,0,,2024-04-25T10:23:33.000Z,1786079222.1545637
04d-4711,user,Jiaqian Wu,,False,,1,0,0,0,0,0,0,,2026-03-18T04:10:42.000Z,1786079222.2488565
07alfaiz,user,Mohd Alfaiz,,False,,1,0,0,0,0,0,0,,2025-06-01T17:30:20.000Z,1786079515.8746417
07jahnavi,user,Bollineni Jahnavi,,False,,4,2,0,0,0,0,0,,2024-07-01T10:38:46.000Z,1786079519.0678954
07roostford,user,Gordon Sophia,,False,,1,0,0,0,0,0,0,,2025-09-28T14:07:50.000Z,1786079519.1727173
07shubham,user,Shubham Prasad,,False,,1,0,0,0,0,0,0,,2024-08-25T17:30:41.000Z,1786079519.27122
07siddharth,user,Siddharth Barua,,False,,1,0,1,0,0,0,0,,2025-06-25T10:16:54.000Z,1786079519.364582
07wewake,user,Vivek Kumar,,False,,1,0,0,0,0,0,0,,2023-07-10T14:27:53.000Z,1786079519.4737682
07xShubham,user,Shubham Yadav,,False,,1,0,0,0,0,0,0,,2025-09-14T06:50:44.000Z,1786079519.569857
07yi,user,YiLiu,,False,,1,0,0,0,0,0,0,,2024-08-30T14:37:34.000Z,1786079519.6663227
080-ai,org,zeroeightzero,,,True,6,4,7,1,,,0,1,,1786079519.8845706
0814harry,user,harry hu,,False,,1,0,0,0,0,0,0,,2026-04-08T09:06:18.000Z,1786079519.9951088
0816013lin,user,Anna Lin,,False,,1,0,0,0,0,0,0,,2022-06-11T20:31:27.000Z,1786079520.1189325
08210821iy,user,ishikawayuito,,False,,2,0,6,0,1,4,0,,2025-09-12T06:44:28.000Z,1786079520.2213433
0840annalee,user,annalee,,False,,1,0,0,0,0,0,0,,2024-03-08T13:01:57.000Z,1786079520.2872124
08443u0,user,Yte3r4,,False,,3,0,0,0,0,0,0,,2026-03-29T06:08:27.000Z,1786079520.343431
088ankit088,user,Ankit,,False,,4,2,0,0,0,0,0,,2024-06-05T07:12:50.000Z,1786079520.3907623
08ay,user,Black,,False,,1,0,1,0,0,0,0,,2024-07-27T21:01:53.000Z,1786079520.4499803
08hakr,user,Hrushikesh Anil Kshirsagar,,False,,2,0,1,0,0,0,0,,2023-09-17T13:31:13.000Z,1786079520.4923458
08shineheaters,user,Afra Mond,,False,,1,0,0,0,0,0,0,,2025-09-30T03:25:34.000Z,1786079520.5424922
090020202sg,user,Shubham Gupta,,False,,1,0,0,0,0,0,0,,2024-12-26T03:47:07.000Z,1786079520.596819
0914eagle,user,ChonHeeJae,,False,,6,4,0,0,0,0,0,,2023-11-10T16:07:01.000Z,1786079520.6448038
09353gg,user,09353gg,,False,,16,11,0,0,27,0,0,,2026-01-23T21:47:57.000Z,1786079520.7033494
093s,user,stephen grider,,False,,1,0,0,0,0,0,0,,2023-03-20T19:31:21.000Z,1786079520.7506256
094210-d2131f,user,"foaodps,c.'zx",,False,,1,0,0,0,0,0,0,,2024-08-14T19:41:07.000Z,1786079520.7995517
094sant,user,s,,False,,1,0,0,0,0,0,0,,2025-02-10T06:49:51.000Z,1786079520.8556447
095ey11,user,Emily Yan,,False,,1,0,0,0,0,0,0,,2023-01-02T22:42:22.000Z,1786079520.8961375
097goo,user,joel,,False,,1,0,0,0,0,0,0,,2025-12-10T04:30:49.000Z,1786079520.957705
09878656E54543347,user,Elsa,,False,,1,0,0,0,0,0,0,,2022-10-14T10:49:22.000Z,1786079521.0199556
099huggingjg,user,khalid alwaleed,,False,,1,0,0,0,0,0,0,,2024-08-20T18:53:38.000Z,1786079521.0557494
09AsimamawNigusie,user,Asimamaw Nigusie Nigusie,,False,,1,0,0,0,0,0,0,,2025-02-03T12:20:53.000Z,1786079521.1594987
09AKISSI,user,KOUAKOU,,False,,1,0,1,0,0,0,0,,2026-03-10T21:17:13.000Z,1786079521.1780264
09Catho,user,fango top,,False,,2,3,1,0,3,4,0,,2024-10-31T18:05:41.000Z,1786079521.2680562
09Vaarun,user,Varun Agrawal,,False,,2,0,0,0,0,0,0,,2025-12-02T16:42:24.000Z,1786079521.2793953
09banterattempt,user,Andre Leacock,,False,,1,0,0,0,0,0,0,,2025-09-30T04:11:09.000Z,1786079521.3729217
09asmita,user,asmita,,False,,1,0,1,0,0,0,0,,2026-02-08T15:40:58.000Z,1786079521.3744183
09gjw40tj,user,St Bo,,False,,2,0,0,0,0,0,0,,2025-05-10T16:54:11.000Z,1786079521.4670331
09ijhggggy,user,Jong111,,False,,1,0,0,0,0,0,0,,2025-01-24T21:09:00.000Z,1786079521.4815116
09panesara,user,Amrita Panesar,,False,,1,0,0,0,1,0,0,,2021-12-21T13:39:03.000Z,1786079521.5857172
09tilersplasmid,user,Pandora Bray,,False,,1,0,0,0,0,0,0,,2025-09-28T12:41:19.000Z,1786079521.589772
09xShubhamydv,user,Shubham Yadav,,False,,1,0,0,0,0,0,0,,2025-07-04T06:42:00.000Z,1786079521.6819646
09z,user,1a,,True,,4,0,0,1,1,0,0,,2023-05-20T18:22:13.000Z,1786079521.6887355
0A8rNDeuj2,user,m9hB4bsvny,,False,,1,0,0,0,0,0,0,,2025-06-05T06:29:33.000Z,1786079521.7835116
0AbdelGhani0,user,Abdel Ghani,,False,,1,0,2,0,2,0,0,,2024-06-03T21:31:13.000Z,1786079521.7888234
0AndyIsHere,user,Andy Duvaey,,False,,1,0,0,0,0,0,0,,2023-04-26T16:38:30.000Z,1786079521.89808
0Aminya0,user,Aminya,,False,,1,0,0,0,0,0,0,,2026-03-08T05:31:45.000Z,1786079521.9079914
0Anu,user,Annapurna Singh,,False,,2,0,4,0,0,0,0,,2025-07-31T04:14:24.000Z,1786079521.9933414
0Archivist0,user,Kris Tomplait,,False,,1,0,0,0,0,0,0,,2023-04-01T21:11:31.000Z,1786079522.007875
0Blossom0,user,Goseoyeon,,False,,1,0,0,0,0,0,0,,2025-07-22T23:55:41.000Z,1786079522.0944912
0CHAE,user,YUN YEONGCHAE,,False,,6,19,0,0,2,0,0,,2024-06-06T04:09:47.000Z,1786079522.1133325
0CL383xgjWR,user,ertuyrju,,False,,1,0,0,0,0,0,0,,2025-06-03T05:35:53.000Z,1786079522.2001717
0Corvid0,user,Charles,,False,,1,1,0,2,0,1,0,,2025-12-24T17:44:44.000Z,1786079522.3000715
0Cheng0,user,ChengQ,,False,,4,0,0,2,0,3,22,,2023-04-27T02:20:08.000Z,1786079522.3096519
0DongHyeon0,user,김동현,,False,,1,0,0,0,0,0,0,,2025-10-22T02:10:59.000Z,1786079522.3912523
0EAosdRsu,user,reduhyj,,False,,1,0,0,0,0,0,0,,2025-05-30T09:03:06.000Z,1786079522.484212
0Drxai,org,Dr.x,,,False,1,0,1,1,,,0,1,,1786079522.5030615
0EXDbc93,user,srhyfg,,False,,1,0,0,0,0,0,0,,2025-05-29T08:55:49.000Z,1786079522.5861764
0GBnjejfWx,user,Yiz56fGpaZ,,False,,1,0,0,0,0,0,0,,2025-06-06T22:07:50.000Z,1786079522.6780818
0G-AI,org,0G.AI,,,False,1,0,0,12,,,0,5,,1786079522.7006383
0RADIUS,user,HAMED JOMOA,,False,,1,0,0,0,0,0,0,,2026-02-21T19:20:18.000Z,1786079680.2323618
0XVCCujcbg,user,YoptBM7rKm,,False,,1,0,0,0,0,0,0,,2025-06-05T09:09:35.000Z,1786079762.6536949
0alfajar,user,ALFAJAR,,False,,1,0,3,0,1,0,0,,2024-06-01T08:44:52.000Z,1786079776.3591192
0c,user,Pedro Cordeiro,,False,,1,0,0,0,0,0,0,,2022-10-06T00:42:31.000Z,1786079819.598421
0c3107,user,will kane,,False,,1,0,0,0,0,0,0,,2022-09-21T21:21:59.000Z,1786079819.7249663
0c66dd811f,user,fireboxmail,,False,,1,0,0,0,0,0,0,,2023-05-21T19:52:01.000Z,1786079819.8257782
0ce10t,user,Oyon ganguli,,False,,1,0,0,0,0,0,0,,2026-03-05T04:37:14.000Z,1786079819.9174197
0chai,user,A D,,False,,1,0,1,0,1,0,0,,2025-07-28T16:42:53.000Z,1786079820.0217633
0chanly,user,0chanly,,False,,6,0,1,0,0,0,0,,2026-01-02T09:29:15.000Z,1786079820.1185822
0clubby,user,0clubby,,False,,4,0,0,0,0,0,0,,2025-06-25T14:43:31.000Z,1786079820.2258549
0ctoblo,user,reyd,,False,,1,0,0,0,0,0,0,,2025-03-21T01:01:18.000Z,1786079820.3305867
0cve0,user,Full name,,False,,1,0,0,0,1,0,0,,2026-06-04T21:30:45.000Z,1786079820.4287245
0d1n,user,Oleg Razumov,,False,,3,0,0,0,0,0,0,,2023-11-24T19:24:59.000Z,1786079820.5286598
0dAI,org,0dAI Offensive ML,,,False,5,1,1,21,,,0,1,,1786079820.7188487
0danielfonseca,user,Daniel FOnseca,,False,,3,0,0,0,0,2,0,,2026-03-14T12:18:08.000Z,1786079820.8197064
0dinai,org,0DIN.ai,,,False,2,1,1,10,,,0,9,,1786079821.0149887
0dinofc0din,user,Carl H ,,False,,1,0,0,0,0,0,0,,2024-06-24T16:58:15.000Z,1786079821.11557
0don,user,Don,,False,,1,0,0,0,0,0,0,,2025-12-21T00:04:32.000Z,1786079821.2181556
0ear,user,Eugene Hsieh,,False,,1,0,0,0,0,0,0,,2023-08-17T05:46:22.000Z,1786079821.323627
0elena0,user,Elena Nesovic,,False,,1,1,0,0,0,0,0,,2025-11-13T22:01:30.000Z,1786079821.4320447
0enguin,user,0enguin1,,False,,1,0,0,0,0,0,0,,2025-08-16T19:10:53.000Z,1786079821.536051
0b10headedcalf,user,d,,False,,2,0,0,0,0,0,0,,2025-11-09T19:54:47.000Z,1786079821.5504353
0farecom,user,0fare,,False,,1,0,0,0,0,0,0,,2024-12-08T04:50:21.000Z,1786079821.6398103
0fatemehsalmani,user,Fatemeh Salmani,,False,,2,0,0,0,0,1,0,,2024-11-13T11:25:08.000Z,1786079821.6547668
0bernard0,user,steven,,False,,1,0,1,0,0,0,0,,2024-12-13T01:40:42.000Z,1786079821.6599433
0fg,user,Bryce,,False,,2,1,1,0,1,0,0,,2022-09-29T12:28:33.000Z,1786079821.7379653
0fluff0,user,Eya Chebbi,,False,,4,0,0,0,0,0,0,,2024-02-05T21:58:13.000Z,1786079821.7597125
0freespace,user,Samuel,,False,,1,0,0,1,0,0,0,,2026-05-03T08:44:20.000Z,1786079821.7647734
0breezie0,user,Zach Baros,,False,,1,0,0,0,0,0,0,,2025-06-10T17:55:06.000Z,1786079821.8288105
0g-Alpha,user,Binay Kadel,,False,,1,0,0,0,0,0,0,,2025-04-21T10:51:36.000Z,1786079821.8356254
0gites,user,gites,,False,,1,0,0,0,0,0,0,,2026-04-05T20:20:08.000Z,1786079821.859211
0bi0n3,user,Oberon Buckingham-West,,False,,7,0,0,1,9,2,0,,2023-08-25T12:02:23.000Z,1786079821.8616898
0giv,user,Oğuzhan Bayarslan,,False,,1,0,0,0,0,0,0,,2024-08-05T17:14:05.000Z,1786079821.9185457
0gokul0,user,Gokul K P,,False,,1,0,0,0,0,0,0,,2026-03-02T16:56:53.000Z,1786079821.9314003
0gonge,user,Song,,False,,1,0,0,0,0,2,0,,2023-10-09T07:54:25.000Z,1786079821.9598103
0hFywu7sWF24,user,zxcvzxcv,,False,,1,0,0,0,0,0,0,,2025-05-22T03:09:59.000Z,1786079821.9610803
0gal1,user,gal1ium,,False,,1,0,0,1,1,0,0,,2025-08-03T13:07:31.000Z,1786079821.9995234
0gmldms,user,kk,,False,,1,0,0,0,0,0,0,,2026-04-13T08:19:37.000Z,1786079822.014892
0hack,user,Manish Gupta ,,False,,2,0,1,0,0,0,0,,2024-07-25T14:19:27.000Z,1786079822.0234325
0hawkeye33,user,Shivam Chauhan,,False,,2,0,0,0,1,0,0,,2024-06-27T13:01:04.000Z,1786079822.0314097
0higgsboson,user,Sid Shaik,,False,,1,1,0,0,2,0,0,,2024-03-24T00:34:21.000Z,1786079822.059083
0ho,user,choiyoungho,,False,,5,8,0,0,0,0,0,,2023-11-13T12:32:11.000Z,1786079822.0975237
0hei0,user,0hei0,,False,,1,0,0,0,9,0,0,,2026-01-13T01:18:39.000Z,1786079822.1011426
0kabe,user,Rintaro,,False,,1,0,0,0,0,1,0,,2022-08-21T06:56:14.000Z,1786149420.308953
0ken,user,t,,False,,1,0,0,0,0,0,0,,2023-05-23T13:28:47.000Z,1786149422.322709
0kumi,user,Kumi,,False,,1,0,1,0,1,0,0,,2026-01-02T19:05:44.000Z,1786149424.5492249
0khaledbenahmed0,user,ben ahmed,,False,,6,2,0,0,0,0,0,,2025-04-08T13:10:49.000Z,1786149426.3088868
0l70,user,Lee Kyungmin,,False,,1,0,0,0,0,0,0,,2025-10-16T01:14:46.000Z,1786149428.304709
0lUaSDWaDL,user,TzUuHZJs6h,,False,,1,0,0,0,0,0,0,,2025-06-06T11:35:27.000Z,1786149430.312384
0k9d0h1,user,Donghun Kang,,False,,10,2,0,0,2,0,0,,2024-07-15T14:51:23.000Z,1786149432.3161314
0k-t0,user,Mok,,False,,1,0,0,0,0,0,0,,2026-02-22T07:42:11.000Z,1786149434.3040583
0k4nd0s,user,okand,,False,,1,0,0,0,0,0,0,,2024-11-24T03:16:15.000Z,1786149436.3090563
0ldev,user,albert,,False,,3,0,0,0,1,0,0,,2025-10-21T04:07:47.000Z,1786149438.3052056
0liveira,user,Alexandre Oliveira,,False,,1,0,0,0,0,0,0,,2026-05-10T20:54:04.000Z,1786149440.3334053
0kazeo,user,wryyyy,,False,,1,0,2,0,0,0,0,,2022-10-08T12:27:43.000Z,1786149442.3052914
0lucky,user,junyeong,,False,,1,0,0,0,0,0,0,,2024-03-13T09:11:29.000Z,1786149444.3104649
0luwatunmise,user,Oluwatunmise Fasida,,False,,1,0,0,0,0,0,0,,2025-10-16T16:11:56.000Z,1786149446.308025
0m,user,malte holger,,False,,1,0,0,0,0,0,0,,2023-07-04T20:49:03.000Z,1786149448.3062272
0lipa,user,jisoo park,,False,,8,1,0,2,16,0,0,,2025-08-27T05:24:46.000Z,1786149450.3258703
0khacha,user,Mohamed Khacha,,False,,1,0,0,2,2,0,0,,2022-12-31T03:07:37.000Z,1786149452.322905
0mOx5zs9yJ,user,BxgNUtWM1z,,False,,1,0,0,0,0,0,0,,2025-06-06T07:55:19.000Z,1786149454.305776
0marAshraf,user,Omar Ashraf,,False,,1,0,0,0,0,0,0,,2024-07-02T13:41:56.000Z,1786149456.323273
0k0,user,Lucia James,,False,,1,0,0,0,0,0,0,,2024-05-09T03:11:57.000Z,1786149458.3161643
0llheaven,user,anukul,,False,,41,0,9,0,1,0,0,,2024-07-15T03:33:10.000Z,1786149460.3679128
0merSolmaz,user,Omer Solmaz,,False,,1,0,0,0,0,0,0,,2025-03-04T18:52:58.000Z,1786149462.305657
0marr,user,Omar Hani,,False,,1,0,1,0,2,0,0,,2024-05-08T14:09:53.000Z,1786149464.3113937
0la4pf,user,olaitan,,False,,1,0,0,0,0,0,0,,2025-05-11T09:21:09.000Z,1786149466.3094435
0mij,user,omij,,False,,10,0,1,0,4,8,2,,2023-05-26T00:31:42.000Z,1786149468.3454952
0mercjh,user,Mudassir,,False,,1,0,0,0,1,0,0,,2023-06-01T13:27:29.000Z,1786149470.3083434
0mesh,user,Om Soni,,False,,1,0,0,0,4,0,0,,2024-01-20T05:34:13.000Z,1786149472.3317096
0mnisinm0,user,0mnis,,False,,1,0,1,0,0,0,0,,2026-05-26T06:44:23.000Z,1786149474.3074539
0maverick0,user,Nikhil,,False,,1,0,0,0,0,0,0,,2025-10-25T20:51:52.000Z,1786149476.3114738
0mdrza,user,Omidreza Pourrahimi,,False,,1,0,0,0,0,0,0,,2024-12-25T09:35:56.000Z,1786149478.3303628
0mrrabbit0,user,ZhangLinJun,,False,,1,6,0,0,0,0,0,,2025-11-05T10:11:05.000Z,1786149480.321049
0lippedcosmic,user,Wallis Toynbee,,False,,1,0,0,0,0,0,0,,2025-09-23T16:03:05.000Z,1786149482.3057652
0oAbdelrahman0o,user,1,,False,,1,0,1,0,0,0,0,,2025-10-24T18:37:39.000Z,1786149484.3127952
0oD8e8HM1H,user,mfExyngAfm,,False,,1,0,0,0,0,0,0,,2025-06-06T03:47:50.000Z,1786149486.3077254
0marAhmeed,user,OmarAhmed,,False,,1,0,0,0,0,0,0,,2026-02-18T13:02:10.000Z,1786149488.312374
0nell0,user,Nilabja Mandal,,False,,1,0,0,0,1,1,0,,2024-02-23T14:47:18.000Z,1786149490.3127184
0op,user,Swathiga,,False,,1,0,0,0,0,0,0,,2024-10-04T05:15:08.000Z,1786149492.3086703
0nex,user,Tech Wyzz,,False,,1,0,1,1,0,0,0,,2024-10-30T04:19:58.000Z,1786149494.3072164
0miz,user,omiz,,False,,1,0,0,0,2,0,0,,2023-01-22T18:47:16.000Z,1786149496.311609
0nkl,user,Ivo Rappenecker,,False,,1,0,0,0,0,0,0,,2022-11-01T00:23:15.000Z,1786149498.3165748
0oualidd,user,ait,,False,,1,0,0,0,0,0,0,,2023-11-18T12:00:47.000Z,1786149500.3147228
0ozyonkemal,user,Kemal Özyön,,False,,1,0,0,0,1,0,0,,2024-08-13T08:23:53.000Z,1786149502.3114076
0pera,user,ferrets_wong,,False,,1,0,0,0,0,0,0,,2024-12-18T02:46:19.000Z,1786149504.3185086
0ochipso0,user,asdasda,,False,,2,0,0,0,0,0,0,,2025-12-03T00:03:52.000Z,1786149508.31553
0labs-in,org,0labs,,,False,10,0,0,2,,,0,2,,1786149510.311007
0order,user,country,,False,,1,0,0,0,0,0,0,,2023-07-05T13:02:55.000Z,1786149512.3148978
0outerrapier,user,Todd Joseph,,False,,1,0,0,0,0,0,0,,2025-09-28T04:37:33.000Z,1786149514.3087175
0plushappy,user,Chiale-Le Lin,,False,,2,0,0,0,1,0,0,,2024-02-04T00:29:58.000Z,1786149516.5927465
0nexx,user,Yaroslav,,False,,1,1,1,0,0,0,0,,2024-08-05T00:31:23.000Z,1786149518.3215785
0piumlab,user,0 Lab,,False,,1,0,0,0,0,0,0,,2023-02-11T15:45:40.000Z,1786149520.3114161
0ploT,user,Maksym  Konstantin,,False,,1,0,0,0,0,0,0,,2025-03-12T11:25:58.000Z,1786149522.3205516
0perevodchik,user,Vadim Zaharevich,,False,,1,0,0,0,0,0,0,,2023-09-12T11:34:09.000Z,1786149524.3133452
0pokersimmers,user,Arno Horace,,False,,1,0,0,0,0,0,0,,2025-09-28T05:08:44.000Z,1786149526.315854
0pix,user,Anto Benedetti,,False,,3,0,0,0,0,0,0,,2025-09-12T18:33:27.000Z,1786149528.3173926
0r4ngy,user,OrangyCube,,False,,2,0,0,0,0,0,0,,2025-11-23T20:56:25.000Z,1786149530.3160837
0qwpifs,user,Diff_Ai05,,False,,144,0,2,4,13,0,0,,2024-01-11T10:08:14.000Z,1786149532.3128004
0qln,user,0qln,,False,,1,0,0,0,0,0,0,,2026-02-16T17:58:17.000Z,1786149534.3132339
0penAGI,user,0penAGI,,False,,2,0,0,1,9,1,0,,2025-08-12T05:06:57.000Z,1786149536.318279
0reieJbKth,user,zTLrru9TOf,,False,,1,0,0,0,0,0,0,,2025-06-14T04:58:16.000Z,1786149538.3110745
0rcus,user,Omar Terán González,,False,,2,0,0,0,0,0,0,,2024-09-14T19:59:18.000Z,1786149540.314913
0prR4Z3vzm,user,oc43QHaZ5o,,False,,1,0,0,0,0,0,0,,2025-06-05T13:26:35.000Z,1786149542.3322964
0rbito,user,yassine boudra,,False,,1,0,0,0,0,0,0,,2025-11-08T22:09:25.000Z,1786149544.3184068
0rfeo,user,Cesar Flores,,False,,1,0,0,0,0,0,0,,2024-08-31T23:18:01.000Z,1786149546.3248265
0rb11,user,Orb,,False,,1,0,0,0,0,0,0,,2025-06-01T07:04:23.000Z,1786149548.311237
0oTPo0,user,Peng Tan,,False,,1,0,0,0,1,0,0,,2024-09-10T06:24:55.000Z,1786149550.3164403
0prodigy,user,Akash Pathak,,False,,1,0,0,0,0,0,0,,2023-07-24T18:34:22.000Z,1786149552.312212
0rn0,user,Aryan D,,False,,6,1,0,0,0,0,0,,2024-06-26T02:19:44.000Z,1786149554.3685033
0ppxnhximxr,user,woojin Roh,,False,,12,2,4,2,103,0,0,,2022-10-21T00:40:33.000Z,1786149556.3331861
0ronoCris,user,Orono Critine,,False,,10,0,0,0,1,0,0,,2026-07-04T16:43:00.000Z,1786149558.3133016
0ribi,user,Oribi,,False,,1,0,0,0,0,0,0,,2025-12-25T22:48:00.000Z,1786149560.314162
0riginalGandalf,user,Andrew Thompson,,False,,2,0,0,0,0,0,0,,2026-01-11T03:08:52.000Z,1786149562.317075
0rtiz64,user,David Ortiz,,False,,1,0,0,0,0,0,0,,2023-12-27T14:36:23.000Z,1786149564.3133662
0s7f,user,Firas Majid,,False,,1,0,0,0,0,0,0,,2026-04-15T08:58:30.000Z,1786149566.3183682
0sAma123,user,abo-bakr,,False,,1,0,2,0,0,0,0,,2024-02-05T01:08:30.000Z,1786149568.316427
0saker,user,Simar Malhotra,,False,,2,0,1,0,0,0,0,,2026-02-10T07:30:18.000Z,1786149570.3149102
0rvil,user,Orvil Escalante,,False,,1,0,0,0,0,0,0,,2025-11-07T06:16:22.000Z,1786149572.3156276
0sama189,user,Osama Shamim,,False,,7,0,0,0,0,0,0,,2024-12-06T04:40:16.000Z,1786149574.3156536
0sdwfsd,user,jack,,False,,1,0,0,0,0,0,0,,2024-08-25T06:45:32.000Z,1786149576.3150547
0rionis,user,Yanis B.,,False,,1,0,0,0,0,0,0,,2024-03-03T14:53:24.000Z,1786149578.3159158
0rshi,user,Orshi,,False,,1,0,0,0,0,0,0,,2023-10-15T11:34:17.000Z,1786149580.314255
0si0,user,Ryu,,False,,1,0,1,0,3,0,0,,2025-12-22T12:17:04.000Z,1786149582.3178418
0rlanther,user,Orlando Heredia,,False,,2,0,1,0,0,1,0,,2023-08-27T16:26:35.000Z,1786149584.3197896
0selim,user,suleyman,,False,,26,0,0,0,0,0,0,,2025-08-05T11:48:17.000Z,1786149586.3142931
0smm8k9V9r,user,LGKLpDEkjN,,False,,1,0,0,0,0,0,0,,2025-06-06T11:32:34.000Z,1786149588.319583
0rion77,user,Matthew,,False,,1,0,0,0,0,0,0,,2023-09-13T10:36:36.000Z,1786149590.3164194
0ssamaak0,user,Usama Ahmed,,False,,3,0,0,2,1,3,0,,2022-08-15T07:41:29.000Z,1786149592.374394
0sunfire0,user,Wissam Metawee,,False,,18,2,0,0,0,4,0,,2023-04-21T16:53:02.000Z,1786149594.3148777
0swDe9tTY,user,sdhffbgdhb,,False,,1,0,0,0,0,0,0,,2025-06-02T07:52:47.000Z,1786149596.3154197
0sparsh2,user,Sparsh Nagpal,,False,,4,0,2,0,1,1,0,,2022-08-24T07:53:07.000Z,1786149598.3299458
0szogun0,user,szogun,,False,,1,0,0,0,0,0,0,,2024-12-13T21:47:10.000Z,1786149600.3665304
0tSrdxj3vG,user,bJ0ndkmIZw,,False,,1,0,0,0,0,0,0,,2025-06-06T21:28:39.000Z,1786149602.317199
0sama18,user,Shamim,,False,,3,0,0,0,0,0,0,,2023-10-27T16:35:15.000Z,1786149604.3169594
0tae,user,ChoiYongtae,,False,,1,0,0,0,1,0,0,,2024-04-15T19:11:27.000Z,1786149606.3236423
0rfajardo,user,Orlando fajardo,,False,,3,0,0,0,0,0,0,,2025-02-16T14:05:30.000Z,1786149608.3350503
0thekrow0,user,gabriel  romer ocruz,,False,,1,0,1,0,0,0,0,,2026-06-25T09:50:29.000Z,1786149610.3236873
0rphei,user,Igor,,False,,1,0,0,0,0,0,0,,2022-10-04T10:43:58.000Z,1786149612.3184347
0tist,user,Jayesh Vasudeva,,False,,1,1,0,0,0,0,0,,2020-08-23T16:10:28.000Z,1786149614.3245285
0soyo0,user,Xiangzhen Shen,,False,,1,1,0,0,0,0,0,,2024-12-08T03:17:33.000Z,1786149616.3268285
0sha,user,0sha,,False,,1,0,0,0,0,0,0,,2024-04-19T13:25:41.000Z,1786149618.317951
0tohr,user,asdasd,,False,,7,0,0,0,0,0,0,,2024-09-27T00:29:01.000Z,1786149620.3172805
0u7,user,Sergio Chisaka,,False,,2,0,0,0,0,0,0,,2024-09-15T15:41:36.000Z,1786149622.3174865
0tuandz,user,nguyen thanh tuan,,False,,1,0,0,0,0,1,0,,2025-06-03T16:44:33.000Z,1786149624.3239377
0to1partners,user,ZeroToOne,,False,,2,0,0,0,0,0,0,,2026-01-06T02:26:58.000Z,1786149626.3198779
0ulDA3KbIv,user,00qTIS7aii,,False,,1,0,0,0,0,0,0,,2025-06-05T09:56:01.000Z,1786149628.3208785
0uma,user,Chater Oumaima,,False,,1,0,0,0,0,0,0,,2023-03-03T09:03:06.000Z,1786149630.3203516
0sz1,user,Serghei Zaghinaico,,False,,1,1,2,0,0,2,0,,2026-04-26T08:52:12.000Z,1786149634.3176475
0uTmd5qNU2,user,NY9MS9D0OD,,False,,1,0,0,0,0,0,0,,2025-06-06T03:12:09.000Z,1786149636.318764
0utis9,user,Agus Tizon,,False,,1,0,0,0,0,0,0,,2025-04-29T09:07:15.000Z,1786149638.477525
0tt049,user,Otavio,,False,,1,0,0,0,0,0,0,,2023-05-22T17:54:00.000Z,1786149640.3219745
0starrysky0,user,zhixin wu,,False,,2,0,0,0,0,0,0,,2024-06-25T03:24:49.000Z,1786149644.3246262
0v01111,user,runyang,,False,,2,2,0,2,2,0,0,,2023-05-26T08:51:50.000Z,1786149646.325559
0v0paco,user,francesco domenico,,False,,1,0,64,0,0,1,0,,2025-05-20T02:49:51.000Z,1786149648.3231528
0tizm0,user,0tizm0,,False,,2,3,2,0,0,1,0,,2026-03-22T10:33:06.000Z,1786149650.320183
0utCast,org,L-Laboratory,,,False,1,12,0,6,,,0,6,,1786149652.3178444
0why0,user,why,,False,,2,0,0,0,4,0,0,,2023-08-10T13:20:32.000Z,1786149654.3245063
0wls2T8gGd,user,DCu1fOADLP,,False,,13,0,0,0,0,0,0,,2025-06-06T04:29:52.000Z,1786149656.3202186
0wovv0,user,Pham Viet Hung,,False,,6,0,0,0,1,0,0,,2024-10-20T04:10:37.000Z,1786149658.3241386
0utsideness,user,red40maxxer,,False,,7,0,0,11,26,1,0,,2023-09-25T19:22:30.000Z,1786149660.323967
0x-74,user,Aviral Jain,,False,,11,1,5,1,1,0,0,,2023-08-08T14:18:49.000Z,1786149662.4274197
0x-Mennatullah,user,Mennatullah Khaled,,False,,1,0,0,0,0,0,0,,2025-07-16T12:35:21.000Z,1786149664.3203866
0x-YuAN,user,YuanLu,,False,,4,0,0,0,2,4,0,,2022-07-15T07:01:55.000Z,1786149666.3266807
0weny,user,SongMiHan,,False,,1,0,2,0,2,0,0,,2024-12-04T08:15:03.000Z,1786149668.3269918
0to60ai,org,"ZeroToSixty, Inc.",,,False,3,0,0,4,,,0,2,,1786149670.3186212
0x-Jayveersinh-Raj,user,Jayveersinh Raj,,False,,1,7,3,0,0,0,0,,2025-09-29T09:04:05.000Z,1786149672.3289094
0uz2z,user,Oğuz Kaan,,False,,4,0,0,0,2,0,0,,2024-02-02T14:20:10.000Z,1786149674.3225312
0ukuio,user,uoyuip,,False,,1,0,0,0,0,0,0,,2025-05-18T13:08:47.000Z,1786149676.34283
0x000001,user,name surname,,False,,5,0,0,0,2,1,0,,2022-08-22T20:10:50.000Z,1786149678.3193848
0x007zehi,user,zehi,,False,,1,0,0,0,0,0,0,,2025-06-29T06:34:56.000Z,1786149680.3324988
0x00001111,user,z,,False,,2,2,0,0,1,0,0,,2025-02-19T07:54:23.000Z,1786149682.3271565
0x001100,user,0x001100,,False,,1,0,0,1,0,0,0,,2024-03-20T17:42:18.000Z,1786149684.3267736
0x00ac,user,Aavash Chhetri,,False,,1,0,1,0,0,0,0,,2023-10-03T12:34:12.000Z,1786149686.3316581
0x044,user,Dharun Balasubramanian,,False,,1,0,0,0,0,0,0,,2023-04-17T01:44:02.000Z,1786149688.3248987
0vqxxxxxx,user,John Doe,,False,,2,0,0,0,0,0,0,,2026-07-03T04:20:10.000Z,1786149690.3241894
0x-alx,user,Alex C,,False,,1,0,0,0,0,0,0,,2024-08-23T12:24:10.000Z,1786149692.3240564
0x0daughter1,user,wifuuu,,False,,7,0,0,1,2,1,0,,2024-03-21T04:36:00.000Z,1786149694.321794
0x0flair,user,Flair,,False,,1,0,0,0,0,0,0,,2026-06-28T08:15:13.000Z,1786149696.3961442
0x0le,user,0x 0le,,False,,2,0,0,0,0,0,0,,2025-09-20T19:27:19.000Z,1786149698.3227303
0x0000dead,user,Sergey,,False,,1,0,0,0,0,0,0,,2022-05-10T18:37:43.000Z,1786149700.3242388
0x00jack,user,dlowa,,False,,1,0,0,0,0,0,0,,2025-04-22T09:41:30.000Z,1786149702.323733
0x-genesys,user,Karan Ahuja,,False,,2,3,2,0,1,0,0,,2026-01-18T08:46:13.000Z,1786149704.3236434
0x0lla,user,Olawale,,False,,3,0,0,0,0,0,0,,2025-07-07T02:16:43.000Z,1786149706.3222194
0x0mom,user,0x0mom,,False,,70,0,0,0,0,0,0,,2024-03-15T21:02:37.000Z,1786149708.3351939
0x0uncle0,user,0x0uncle0,,False,,1,0,0,0,0,0,0,,2024-04-02T03:00:44.000Z,1786149710.3260527
0x0nion,user,el,,False,,1,0,0,0,0,0,0,,2024-05-07T02:40:25.000Z,1786149712.3302112
0x05a4,user,Vladimir Valeyev,,False,,5,0,0,0,0,0,0,,2022-05-04T07:11:29.000Z,1786149714.3446786
0x1202,user,0x1202,,False,,661,0,0,0,0,0,0,,2024-12-23T17:23:57.000Z,1786149716.3342505
0uts1de,user,0uts1de,,False,,1,0,0,0,0,0,0,,2022-08-25T16:29:10.000Z,1786149720.3282104
0x0son0,user,Son,,False,,102,0,0,0,0,1,0,,2024-03-21T14:40:43.000Z,1786149722.3280914
0x20100,user,Vincent Maurin,,False,,2,0,0,0,8,0,0,,2022-09-08T12:30:06.000Z,1786149724.4644341
0x20d,user,Daniel,,False,,3,0,0,0,0,0,0,,2023-08-23T05:57:21.000Z,1786149726.3617563
0x1001101101,user,0x1001101101,,False,,1,0,0,0,0,0,0,,2023-08-30T09:55:30.000Z,1786149728.3249896
0x221A,user,M,,False,,1,0,0,0,0,0,0,,2024-04-25T22:41:20.000Z,1786149730.3333278
0x0515,user,HASSAN,,False,,1,0,0,0,0,0,0,,2025-10-05T17:16:37.000Z,1786149732.3340373
0x2bbtochi,user,Ndugbe Tochukwu ,,False,,1,0,0,0,0,0,0,,2024-09-12T06:34:31.000Z,1786149734.3289177
0x2196f3,user,0x2196f3,,False,,1,0,0,0,0,0,0,,2025-01-26T02:21:32.000Z,1786149736.333531
0x3,user,Hoge,,False,,36,25,0,2,9,0,0,,2021-08-15T03:57:14.000Z,1786149738.3333638
0x0dad0,org,0x0dad0,,,False,1,0,0,2,,,0,2,,1786149740.3268764
0x1546,user,NICK,,False,,1,0,0,0,0,0,0,,2022-10-12T08:10:15.000Z,1786149742.3302114
0x2a34,user,Woojin Jeong,,False,,5,0,0,0,0,0,0,,2023-11-21T01:54:13.000Z,1786149744.3278031
0x3a0x29,user,星☆彡⭐,,False,,2,0,0,0,11,0,0,,2025-03-26T16:47:11.000Z,1786149746.3383963
0x3at,user,Ethan,,False,,1,0,0,0,0,0,0,,2025-01-23T13:31:19.000Z,1786149748.328591
0x12,user,a,,False,,8,0,0,0,3,2,0,,2022-04-16T13:40:19.000Z,1786149750.3298018
0x3ec00dc975,user,A,,False,,2,0,0,0,0,0,0,,2025-07-29T23:57:10.000Z,1786149752.3299239
0x2bear,user,YUSUF SUPRIADI,,False,,4,3,0,1,3,0,0,,2025-09-14T15:33:16.000Z,1786149754.3289132
0x0xx,user,0x0xx,,False,,40,0,0,2,0,0,0,,2024-07-30T15:35:25.000Z,1786149756.331591
0x369MS,user,Mahabub,,False,,1,2,0,0,0,0,0,,2025-11-01T02:18:02.000Z,1786149758.3294857
0x307ff,user,Dabiao Zhang,,False,,1,0,0,0,0,0,0,,2023-04-21T03:39:38.000Z,1786149760.3302372
0x33B,user,Yihao Quan,,True,,1,0,0,0,0,2,0,,2025-09-29T14:50:14.000Z,1786149762.327821
0x456665,user,Efemena Maxwell Esegbue,,False,,1,0,1,0,1,0,0,,2024-12-09T14:39:58.000Z,1786149764.3319116
0x4139,user,Vali Malinoiu,,False,,1,1,0,0,0,1,0,,2023-02-13T08:31:21.000Z,1786149766.3268585
0x46455,user,Abass Oguntade,,False,,1,0,2,0,0,1,0,,2025-09-14T22:10:45.000Z,1786149768.3274002
0x4C57,user,Light White,,False,,2,0,0,0,0,0,0,,2026-07-12T05:31:37.000Z,1786149770.3305511
0x4c48,user,LoHhhha,,False,,1,0,0,1,1,0,0,,2025-05-14T14:19:31.000Z,1786149772.3289
0x404,user,zengqunhong,,False,,3,1,0,0,1,0,0,,2023-06-29T11:43:51.000Z,1786149774.3325915
0x46,user,Kritsadapong Suta,,False,,1,0,0,0,0,0,0,,2023-03-01T02:42:33.000Z,1786149776.3267715
0x1nsomnia,user,Brandon E,,False,,1,0,0,0,0,0,0,,2024-05-01T15:20:56.000Z,1786149778.331876
0x434D,user,Christian Mayr,,False,,1,0,0,0,0,0,0,,2023-12-07T14:03:52.000Z,1786149780.3337996
0x48piraj,user,Piyush Raj,,False,,1,0,0,0,0,0,0,,2024-09-23T11:48:01.000Z,1786149782.3348336
0x66656c6978,user,Felix Grothkopp,,False,,1,0,0,0,0,0,0,,2024-02-04T12:57:36.000Z,1786149784.3312259
0x69f24713e6eaf,user,0x69f24713e,,False,,1,0,0,0,0,0,0,,2025-05-11T02:35:33.000Z,1786149786.3286178
0x6A4B,user,0x 6A 4B,,False,,1,0,0,0,0,0,0,,2024-11-06T18:11:32.000Z,1786149788.33414
0x588,user,p,,False,,36,0,0,0,0,0,0,,2024-07-19T06:09:16.000Z,1786149790.3296182
0x3e9,user,Peter S,,False,,37,0,0,8,0,1,0,,2023-06-26T20:17:40.000Z,1786149792.3598604
0x6e676e,user,Nguyễn Giang Nam,,False,,1,0,0,0,0,0,0,,2025-01-29T08:28:08.000Z,1786149794.3342636
0x79de,user,0x79de,,False,,1,0,0,0,5,0,0,,2023-12-27T11:04:27.000Z,1786149796.3348713
0x7d0,user,saryd,,False,,2,0,0,0,0,0,0,,2023-04-09T13:33:11.000Z,1786149798.3443785
0x50b,user,Ryowa,,False,,1,0,0,0,0,0,0,,2023-06-21T09:22:55.000Z,1786149800.336586
0x70DA,user,Mahmoud Hussein,,False,,15,9,4,0,6,1,0,,2022-10-06T12:52:40.000Z,1786149802.3328161
0x7o,user,Danil Kononyuk,,True,,43,50,12,27,350,27,0,,2022-01-07T07:52:50.000Z,1786149804.3824487
0x7f,user,Hussein T. Hasan,,False,,1,0,0,0,3,0,0,,2022-10-28T17:25:28.000Z,1786149806.33435
0x5am5,user,Samuel Gregory,,False,,1,0,0,0,0,0,0,,2024-08-16T12:32:42.000Z,1786149808.3335986
0x566,user,edi prastiyo,,False,,1,1,0,0,0,0,0,,2025-04-01T09:57:25.000Z,1786149810.334662
0x7s0lt1,user,0x7s0lt1,,False,,1,1,0,1,37,0,0,,2023-10-08T17:35:08.000Z,1786149812.3367047
0x440x46,user,0x440x46,,False,,1,0,0,0,5,2,0,,2022-12-03T04:35:31.000Z,1786149814.3387167
0x8badbeef,user,Irvin Owens Jr,,True,,1,0,0,1,0,0,0,,2025-10-20T03:12:29.000Z,1786149816.3394794
0x88844451,user,Chris Lakes,,False,,206,0,0,0,0,0,0,,2025-02-25T12:19:55.000Z,1786149818.3363442
0x910nni,user,George Hiroshi,,False,,1,0,0,0,2,1,0,,2023-04-06T06:36:04.000Z,1786149820.333566
0x92030,user,iroaK,,False,,1,0,0,0,0,0,0,,2023-08-18T21:39:27.000Z,1786149822.3356361
0xAbhi,user,ABHINIVESH S,,False,,2,1,1,2,3,0,0,,2025-11-26T09:58:37.000Z,1786149824.337472
0xAgamy,user,Mohamed Elagamy,,False,,2,1,0,0,0,0,0,,2026-04-20T15:23:00.000Z,1786149826.3377764
0x9O,user,Samir,,False,,2,0,0,0,0,0,0,,2023-10-08T21:00:03.000Z,1786149828.3715868
0x4f1f,user,0x4f1f,,False,,1,0,0,1,1,0,0,,2023-07-25T09:31:45.000Z,1786149830.3469427
0xAmey,user,Amey,,False,,1,0,0,1,1,0,0,,2023-06-09T13:37:40.000Z,1786149832.3375776
0x7godzi,user,Godzi,,False,,1,0,0,0,0,0,0,,2025-06-04T14:09:33.000Z,1786149834.3403254
0xAhmad8383,user,Mazz,,False,,1,0,0,0,1,0,0,,2025-04-04T20:35:05.000Z,1786149836.342188
0xAgo,user,0x,,False,,49,0,0,0,0,0,0,,2025-01-28T12:16:24.000Z,1786149838.3339818
0xAnders,user,Anders,,False,,1,2,6,1,100,0,0,,2022-08-05T14:17:02.000Z,1786149840.3476183
0xArdiansah,user,Ardiansah,,False,,1,0,0,0,0,0,0,,2024-08-28T11:10:06.000Z,1786149842.3426318
0xArkad,user,TONY RIMANDO,,False,,6,1,0,0,0,0,0,,2025-03-25T11:04:11.000Z,1786149844.3398695
0xAram,user,Salehi,,False,,2,0,0,0,0,0,0,,2025-04-06T20:05:11.000Z,1786149846.3424659
0xBahar,user,Salehi,,False,,2,0,0,0,0,0,0,,2025-04-07T06:50:59.000Z,1786149848.3352468
0x71fe8,user,Fuminng Yang,,False,,1,0,0,1,0,0,0,,2026-04-21T13:43:50.000Z,1786149850.3392804
0xBasiliskAI,user,0xBasiliskAI,,False,,6,0,0,0,13,0,0,,2024-05-17T05:48:54.000Z,1786149852.3365633
0xBaran,user,Salehi,,False,,2,0,0,0,0,0,0,,2025-04-05T09:18:50.000Z,1786149854.3425703
0xBatuhan4,user,Batuhan Bayazit,,False,,1,0,2,2,0,0,0,,2025-04-13T09:16:50.000Z,1786149856.3372102
0xBid,user,Julian,,False,,1,0,0,0,0,0,0,,2024-10-18T21:29:22.000Z,1786149858.3391943
0xAmmie,user,Ammie A,,False,,1,0,0,0,0,0,0,,2025-10-13T12:29:27.000Z,1786149860.3448658
0xBrandon,user,Brandon,,False,,1,0,0,0,47,0,0,,2023-04-04T21:02:42.000Z,1786149862.3421865
0xAnkitSingh,user,Ankit Singh,,False,,1,0,0,0,1,0,0,,2024-10-23T15:30:57.000Z,1786149864.3576648
0xBerlin,user,Naum,,False,,3,0,0,0,0,0,0,,2025-09-15T19:59:05.000Z,1786149866.3379047
0xBahaa,user,Bahaa Najjar,,False,,1,0,0,0,0,0,0,,2024-12-30T20:51:29.000Z,1786149868.3925703
0xC0000005,user,sTEVE ZHAo,,False,,1,0,1,0,1,0,0,,2023-08-28T03:23:01.000Z,1786149870.3383393
0xC4LL3,user,0xC4LL3,,False,,15,0,1,2,1,0,0,,2023-09-19T20:35:18.000Z,1786149872.339181
0xBrian,user,Ade Febrian,,False,,2,0,0,0,0,0,0,,2023-03-11T16:04:27.000Z,1786149874.3392017
0xCha0s,user,DJ XCHa0s,,False,,1,0,2,0,0,0,0,,2024-01-03T02:29:56.000Z,1786149876.3344061
0xCode,user,Mahmoud Said,,False,,1,0,0,0,0,0,0,,2025-10-18T00:09:15.000Z,1786149878.3606317
0xAJPanda,user,AJ,,False,,1,0,0,0,0,0,0,,2025-03-31T22:59:14.000Z,1786149880.3388088
0xDEADBEA7,user,Waseem Gorgi,,False,,1,0,0,0,0,0,0,,2022-02-22T04:04:26.000Z,1786149882.3375998
0xDan,user,shan hui,,False,,3,0,0,0,0,0,0,,2023-05-14T01:08:28.000Z,1786149884.341494
0xCyrus17,user,Cyrus Peter,,False,,2,0,0,0,0,0,0,,2025-10-30T08:52:07.000Z,1786149886.36481
0x8D,user,XanX,,False,,2,0,1,0,5,0,0,,2022-11-19T01:51:49.000Z,1786149888.3385687
0xDee,user,Mak Mak,,False,,1,0,0,0,5,0,0,,2026-01-24T09:45:36.000Z,1786149890.3410292
0xDesert,user,Rino Hidayat,,False,,1,1,0,1,6,0,0,,2025-03-26T01:09:47.000Z,1786149892.338858
0xCamilo,user,Camilo Lopez,,False,,2,0,0,0,2,0,0,,2024-10-09T05:20:24.000Z,1786149894.3361924
0xDominic,user,Dominic Uko,,False,,1,0,0,0,2,2,0,,2026-02-11T11:50:17.000Z,1786149896.3406718
0xDave,user,JP,,False,,1,0,0,0,0,0,0,,2025-08-08T06:40:55.000Z,1786149898.3383267
0xDonya,user,Salehi,,False,,2,0,0,0,0,0,0,,2025-04-08T06:00:51.000Z,1786149900.3453808
0xDroppy,user,andreepratama,,False,,1,0,0,0,0,0,0,,2025-04-01T10:14:29.000Z,1786149902.344742
0xBonge,user,Sheikh,,False,,2,0,0,0,0,0,0,,2025-04-08T23:21:53.000Z,1786149904.3449168
0xBrojack,user,Bro Jack,,False,,1,3,0,0,0,0,0,,2025-01-04T12:40:44.000Z,1786149906.3412962
0xDony07,user,Dony Dwi P,,False,,1,0,0,0,0,0,0,,2026-07-17T17:18:46.000Z,1786149908.3386073
0xEloco,user,Eloco,,False,,1,0,0,0,4,0,0,,2022-10-16T13:43:35.000Z,1786149910.3416865
0xBreath,user,Drew Riester,,False,,3,5,0,1,7,3,0,,2024-09-28T15:13:27.000Z,1786149912.3405168
0xDuB,user,Atef Jmai,,False,,1,0,0,0,0,0,0,,2026-05-13T07:25:32.000Z,1786149914.3403184
0xFE00,user,Feng Ye,,False,,5,0,0,0,5,0,0,,2024-01-16T04:24:36.000Z,1786149916.3398666
0xFramer,user,FRAMER,,False,,5,0,0,0,0,0,0,,2024-09-24T11:55:55.000Z,1786149918.3421886
0xFarzad,user,Farzad Shami,,False,,7,1,1,0,3,1,3,,2023-04-11T08:08:49.000Z,1786149920.3415613
0xFlex,user,Alaa Atef Elsayed Ahmed,,False,,2,0,0,0,0,0,0,,2025-06-03T21:29:56.000Z,1786149922.4403179
0xA50C1A1,user,Vladimir G.,,False,,24,0,0,31,32,17,0,,2025-06-16T10:05:54.000Z,1786149924.3514447
0xDing,user,Boris Ding,,False,,1,1,1,5,483,5,0,,2022-12-10T16:39:16.000Z,1786149926.4039881
0xEdmundo,user,murat altun,,False,,2,0,0,0,0,0,0,,2025-08-10T22:33:50.000Z,1786149928.3404744
0xHanta,user,Hanata,,False,,15,0,0,0,0,0,0,,2025-10-01T22:11:45.000Z,1786149930.342616
0xEljh,user,Elijah Ng,,False,,1,0,0,0,1,0,0,,2022-10-26T12:25:40.000Z,1786149932.3514652
0xHexE,user,Omkar Yadav,,False,,1,0,1,0,42,0,0,,2023-07-22T06:16:18.000Z,1786149934.3437865
0xHiva,user,Salehi,,False,,2,0,0,0,0,0,0,,2025-04-06T07:44:58.000Z,1786149936.3396995
0xHoodee,user,Narub,,False,,1,0,0,0,0,0,0,,2025-08-27T05:01:01.000Z,1786149938.3427842
0xGareeb,user,Gareeb,,False,,58,0,0,0,1,1,0,,2024-12-14T13:30:50.000Z,1786149940.3424308
0xGreyson,user,H,,False,,2,0,0,1,9,2,0,,2023-03-21T12:44:34.000Z,1786149942.3417346
0xGURU,user,GURU,,False,,1,0,0,0,6,4,0,,2025-11-19T13:49:57.000Z,1786149944.341706
0xHashLord,user,0206,,False,,1,0,0,0,0,0,0,,2025-05-07T14:34:23.000Z,1786149946.3425412
0xIbra,user,Ibra,,False,,3,0,0,1,8,2,0,,2023-03-09T17:32:57.000Z,1786149948.3428283
0xJRD,user,Awobajo Gbolahan,,False,,7,0,0,0,0,0,0,,2025-08-12T11:13:02.000Z,1786149950.3447757
0xJacks,user,0XJacks,,False,,1,0,0,0,0,0,0,,2026-02-10T08:23:40.000Z,1786149952.346746
0xJCarlos,user,Juan Carlos Solórzano,,False,,2,0,0,0,2,0,0,,2023-11-22T18:25:05.000Z,1786149954.3416858
0xJuicybear,user,Juicy bear,,False,,2,0,0,0,0,0,0,,2025-04-29T01:50:10.000Z,1786149956.3454802
0xJ3r3my,user,Jeremy,,False,,3,0,0,0,0,0,0,,2025-04-12T15:02:12.000Z,1786149958.34174
0xKayra,user,0xKayra,,False,,2,0,0,0,30,0,0,,2023-01-25T19:05:12.000Z,1786149960.3517432
0xKevin76,user,Kevin Alfayed,,False,,1,0,0,0,0,0,0,,2025-08-23T02:07:13.000Z,1786149962.3465285
0xKarin,user,Karin,,False,,6,0,0,0,0,0,0,,2025-08-10T10:53:16.000Z,1786149964.346428
0xKudoX,user,Layne Kudo,,False,,1,0,0,0,0,0,0,,2026-04-10T01:16:29.000Z,1786149966.3421361
0xLDF,user,0xLDF,,False,,1,2,0,0,0,0,1,,2024-09-10T06:24:36.000Z,1786149968.3497753
0xLeoFX,user,Leonardo,,False,,1,0,0,0,0,0,0,,2025-08-26T07:11:50.000Z,1786149970.345846
0xGarfield,user,Finlay Campbell,,False,,1,0,0,0,0,0,0,,2022-10-25T13:23:52.000Z,1786149972.3466322
0xLobaloba,user,L'obaloba,,False,,1,0,0,0,1,0,0,,2025-05-01T17:16:05.000Z,1786149974.3468494
0xGUI,user,Guilherme Silva,,False,,1,2,0,1,0,0,0,,2024-10-23T08:06:20.000Z,1786149976.3448622
0xMaka,user,Maka Gucci,,False,,2,2,0,3,3,3,0,,2023-07-03T13:44:04.000Z,1786149978.3540304
0xManjeet,user,Manjeet Singh,,False,,9,0,0,1,1,0,0,,2025-10-22T01:00:39.000Z,1786149980.3457143
0xMashrafe,user,Mashrafe Molla,,False,,1,0,0,0,0,0,0,,2025-10-26T12:06:34.000Z,1786149982.3478894
0xMathew,user,Mathew Joseph,,False,,1,0,5,0,0,0,0,,2025-11-14T04:08:00.000Z,1786149984.3900008
0xMifune,user,0xMifune,,False,,4,0,1,3,4,0,0,,2023-09-28T03:53:33.000Z,1786149986.3468862
0xM3th,user,jhon russel masigcal,,False,,1,0,1,0,0,0,0,,2025-06-05T01:36:37.000Z,1786149988.3604012
0xMori,user,YoonSeo Kong,,False,,4,0,0,0,0,0,0,,2025-11-28T06:50:06.000Z,1786149990.3444462
0xMrNiko,user,Ansh Patel,,False,,1,0,0,0,1,0,0,,2026-06-20T11:24:07.000Z,1786149992.3426259
0xKript,user,kk,,False,,1,0,1,0,0,0,0,,2026-01-14T00:00:18.000Z,1786149994.3450215
0xHope77,user,Hope Estheim,,False,,1,0,0,0,0,0,0,,2025-06-18T11:15:00.000Z,1786149996.341357
0xNateben,user,Natan Benish,,False,,1,0,0,2,1,0,0,,2024-12-22T13:45:29.000Z,1786149998.4407618
0xNomind,user,n o m i n d,,False,,2,0,0,0,0,0,0,,2024-08-22T13:49:41.000Z,1786150000.346927
0xLiquix,user,mahan hamidi,,False,,1,0,0,0,0,0,0,,2025-04-28T10:43:21.000Z,1786150002.344192
0xJustin,user,Justin Joyce,,False,,3,2,1,16,12,13,0,,2022-10-06T01:38:38.000Z,1786150004.3475854
0xPPP,user,0xPPP,,False,,2,0,0,0,0,0,0,,2024-12-23T11:07:47.000Z,1786150006.3506355
0xPitss,user,Rahmat,,False,,9,9,0,0,0,0,0,,2025-12-10T16:28:23.000Z,1786150008.347261
0xRafu,user,Juuso Saavalainen,,False,,4,0,0,1,28,1,0,,2023-10-26T15:19:06.000Z,1786150010.3522289
0xRenSec,user,0xRenSec,,False,,3,0,0,0,0,0,0,,2026-01-25T02:36:44.000Z,1786150012.350761
0xRey,user,0x,,False,,1,0,0,0,0,0,0,,2024-05-16T05:16:52.000Z,1786150014.350512
0xRhmnsyh,user,0xRhmnsyh,,False,,1,0,0,0,0,0,0,,2025-05-10T17:57:19.000Z,1786150016.3521671
0xNandhi,user,Balasubramanian,,False,,2,0,0,0,1,1,0,,2024-03-22T17:16:44.000Z,1786150018.3482032
0xRick0x,user,0xRick,,False,,1,0,0,0,0,0,0,,2025-04-17T05:08:19.000Z,1786150020.350523
0xRiku,user,Riku,,False,,1,0,0,0,0,0,0,,2022-11-23T05:59:01.000Z,1786150022.350013
0xRjd,user,Rezjd,,False,,1,0,0,0,0,0,0,,2025-10-24T05:04:52.000Z,1786150024.362815
0xRunner,user,JP Hanquez,,False,,1,0,0,1,16,0,0,,2023-03-09T02:49:28.000Z,1786150026.3513424
0xRyanda,user,Ryanda,,False,,2,0,0,0,0,0,0,,2026-01-15T01:10:18.000Z,1786150028.3504174
0xRichardH,user,Richard H,,False,,5,0,0,2,8,0,0,,2023-11-08T02:47:36.000Z,1786150030.3672404
0xSH1V4M,user,Shivam,,False,,2,0,0,0,0,0,0,,2024-01-23T11:27:04.000Z,1786150032.3486376
0xMonia,user,a man with a gan,,False,,1,0,0,0,1,1,0,,2022-10-10T05:36:57.000Z,1786150034.3589718
0xSafwan,user,Safwan,,False,,2,0,0,0,0,0,0,,2025-04-03T17:54:19.000Z,1786150036.3498697
0xSachinSahani,user,Sachin Sahani,,False,,1,0,0,0,0,0,0,,2025-04-20T14:32:06.000Z,1786150038.350181
0xHorizon,user,Yousef Abdelraouf,,False,,1,5,0,0,0,0,0,,2025-01-06T13:26:40.000Z,1786150040.3548422
0xSero,user,0xSero,,False,,90,22,1,1229,14,26,0,,2025-10-06T13:32:11.000Z,1786150042.3536353
0xRyuma,user,Ryuma,,False,,6,0,0,0,0,0,0,,2025-08-10T12:34:40.000Z,1786150044.381854
0xNOY,user,Naoya TAKENAKA,,False,,3,6,0,1,0,0,0,,2024-06-29T19:22:04.000Z,1786150046.352531
0xShonen,user,0xgrizz,,False,,6,0,0,0,0,0,0,,2023-08-04T01:54:58.000Z,1786150048.3532867
0xShivam,user,Shivam Yadav,,False,,1,0,0,0,0,1,0,,2025-04-16T14:29:35.000Z,1786150050.3535044
0xOracle,user,Stanley Onwuatu,,False,,4,0,0,1,4,2,0,,2023-05-26T13:43:07.000Z,1786150052.3546703
0xSingletOnly,user,0xSingletOnly,,False,,6,0,2,0,0,1,0,,2022-09-19T05:24:04.000Z,1786150054.5010452
0xSennSenn,user,sensen,,False,,6,0,0,0,0,0,0,,2025-08-10T08:49:42.000Z,1786150056.360954
0xShyron,user,Atharv Chawan,,False,,6,0,0,0,0,0,0,,2025-10-15T10:09:58.000Z,1786150058.383429
0xStarChaser,user,0xstarchaser,,False,,17,0,0,0,0,0,0,,2025-08-23T18:45:03.000Z,1786150060.3519819
0xTengen,user,gen,,False,,4,0,0,0,0,0,0,,2025-11-06T01:03:50.000Z,1786150062.3505363
0xSahamed,user,Sakib Ahamed,,False,,4,0,3,0,0,0,0,,2025-05-06T06:19:21.000Z,1786150064.3505416
0xV4h3,user,Vahe Babayan,,False,,1,0,0,0,0,0,0,,2026-03-14T14:57:59.000Z,1786150066.3487859
0xVessell,user,Ikhsan Sept,,False,,1,0,0,0,0,0,0,,2025-04-21T13:23:45.000Z,1786150068.353248
0xOzii,user,Paul,,False,,12,0,0,0,0,0,0,,2025-04-09T16:08:18.000Z,1786150070.3503916
0xWanax,user,0xWanax,,False,,2,0,0,0,0,0,0,,2024-05-20T17:09:16.000Z,1786150072.357478
0xDeadRey,user,Apt Rey,,False,,1,0,0,0,0,0,0,,2025-04-01T14:47:54.000Z,1786150074.3493717
0xTrue,user,Rian Eka Wiratma,,False,,1,0,0,0,0,0,0,,2023-09-22T20:19:46.000Z,1786150076.3497875
0xTank,user,Based AI Foundry,,False,,2,0,0,1,0,1,0,,2026-04-24T22:50:27.000Z,1786150078.3504062
0xYashar,user,0xYashar,,False,,1,0,0,0,0,0,0,,2025-04-25T05:23:48.000Z,1786150080.3497188
0xYuan,user,Yuan_lu,,False,,1,0,0,0,0,0,0,,2023-05-18T00:25:58.000Z,1786150082.3560202
0xZRA,user,0xZRA,,False,,1,0,0,0,0,0,0,,2025-03-23T22:06:37.000Z,1786150084.350481
0xZaid10,user,Mohammed Zaid,,False,,1,1,0,0,0,0,0,,2026-05-08T01:34:08.000Z,1786150086.3596802
0xWei,user,LEVI,,False,,2,2,0,0,0,0,0,,2025-06-29T12:55:36.000Z,1786150088.3503742
0xShirin,user,Salehi,,False,,2,0,0,0,0,0,0,,2025-04-08T22:04:48.000Z,1786150090.3559964
0xZeno,user,Zac,,False,,19,2,0,0,5,0,0,,2025-08-13T07:14:18.000Z,1786150092.3558092
0xSonia,user,Salehi,,False,,2,0,0,0,0,0,0,,2025-04-07T15:00:50.000Z,1786150094.3548653
0xZohar,user,Zohar Huang,,False,,1,0,2,0,1,0,0,,2023-04-29T17:49:46.000Z,1786150096.357381
0xZee,user,0x,,False,,8,30,2,5,0,0,0,,2023-03-30T15:22:02.000Z,1786150098.3543942
0xZetty,user,0xZetty,,False,,1,0,0,0,0,0,0,,2025-12-20T18:32:45.000Z,1786150100.3786678
0xWe11es,user,Welles Sun,,False,,8,0,0,0,23,0,0,,2023-03-27T12:25:44.000Z,1786150102.359694
0xabhay,user,Abhay shri,,False,,2,0,0,0,0,0,0,,2025-04-01T20:57:32.000Z,1786150104.3574252
0xabaki,user,Kentaro Vadney,,False,,1,0,0,0,0,3,0,,2024-02-12T07:19:43.000Z,1786150106.353715
0xWebd3,user,D3 genoh,,False,,1,0,0,0,0,0,0,,2025-05-22T08:31:13.000Z,1786150108.3555293
0xadityam,user,Aditya Moharana,,False,,5,0,0,1,2,0,0,,2025-03-13T09:42:32.000Z,1786150110.358065
0xahzam,user,Ahzam Khan,,False,,1,0,0,0,1,0,0,,2023-02-23T04:35:15.000Z,1786150112.3531556
0xSparked,user,0xSparked,,False,,1,0,1,0,2,0,0,,2022-11-07T00:41:19.000Z,1786150114.3645675
0xagentai,user,agent,,False,,6,0,0,0,0,0,0,,2025-04-15T06:55:09.000Z,1786150116.4069648
0xZoya,user,Estiv,,False,,1,0,0,0,0,0,0,,2025-04-05T21:01:54.000Z,1786150118.3545496
0xaltan,user,altan,,False,,1,0,2,0,1,0,0,,2024-10-04T09:25:42.000Z,1786150120.3863869
0xamiroo,user,Amir Shocker,,False,,1,0,0,0,0,0,0,,2025-10-25T15:12:04.000Z,1786150122.356093
0xalty,user,Ryuta Takahashi,,False,,1,0,0,0,0,0,0,,2023-02-07T07:02:44.000Z,1786150124.3517237
0xarchit,user,Archit Jain,,False,,3,2,7,0,2,0,0,,2024-12-30T08:39:17.000Z,1786150126.3549986
0xaarav,user,aarav,,False,,1,0,0,0,0,0,0,,2025-07-21T14:13:04.000Z,1786150128.3689659
0xadamm,user,Adam Mourade,,False,,1,0,1,1,0,0,0,,2023-06-30T01:00:29.000Z,1786150130.3589873
0xaoyama,user,Dani Hermawan,,False,,556,1,0,0,0,0,0,,2025-04-02T13:27:19.000Z,1786150132.363216
0xanarki,user,Galang,,False,,3,0,0,0,4,0,0,,2024-10-07T05:25:22.000Z,1786150134.3636227
0xaryan,user,aryan,,False,,1,1,2,0,1,0,0,,2023-01-07T08:50:48.000Z,1786150136.3523145
0xZelaya,user,Andrew Zelaya,,False,,2,0,0,0,0,0,0,,2024-12-18T21:51:24.000Z,1786150138.3560498
0xaji,user,aji putra,,False,,1,0,0,0,0,0,0,,2025-04-02T16:20:35.000Z,1786150140.3548179
0xardeth,user,KenArd,,False,,1,1,0,0,2,0,0,,2025-12-10T03:08:16.000Z,1786150142.3554637
0xarun,user,Arun kumar,,False,,1,0,0,0,3,0,0,,2024-10-01T14:07:38.000Z,1786150144.3551428
0xarnav,user,Arnav,,False,,2,0,1,0,1,1,0,,2024-09-15T11:57:14.000Z,1786150146.3559139
0xashley,user,Ashley Ifuru,,False,,1,0,0,0,0,0,0,,2025-10-13T00:39:47.000Z,1786150148.3586786
0xWyan,user,Emmanuel,,False,,1,0,0,0,0,0,0,,2025-04-01T11:08:51.000Z,1786150150.357496
0xassou,user,matgarom,,False,,16,0,0,0,0,0,0,,2025-10-12T20:31:59.000Z,1786150152.36172
0xbabayo,user,ervan,,False,,3,3,0,0,0,0,0,,2025-12-12T06:30:01.000Z,1786150154.3723848
0xastro98,user,Amrit Shenava,,False,,1,2,0,0,3,0,0,,2023-03-18T11:48:31.000Z,1786150156.3605516
0xb1,user,Paolo V.,,False,,6,0,0,0,1,0,0,,2022-07-31T08:08:52.000Z,1786150158.3598762
0xaud,user,George Peter,,False,,4,0,0,0,1,0,0,,2024-08-11T08:14:14.000Z,1786150160.367571
0xbeachball,user,beach ball,,False,,1,0,1,0,0,0,0,,2023-02-16T15:43:19.000Z,1786150162.3588629
0xbamse,user,bamse,,False,,1,0,0,0,0,0,0,,2025-05-20T18:13:27.000Z,1786150164.3616018
0xazz,user,Olivier Vernando,,False,,1,1,0,0,2,1,0,,2025-04-02T17:06:26.000Z,1786150166.3585753
0xasi,user,ASI,,False,,1,0,0,0,0,0,0,,2025-04-01T12:14:55.000Z,1786150168.3584511
0xbiki69,user,biki,,False,,1,0,0,0,0,0,0,,2025-05-01T08:48:34.000Z,1786150170.3584924
0xbidkslj1,user,Ana Conda,,True,,0,1,0,0,0,0,0,,2026-05-18T04:48:58.000Z,1786150172.3669186
0xazaka,user,Azaka,,False,,3,0,0,0,0,0,0,,2025-10-16T15:53:25.000Z,1786150174.3589582
0xbkr,user,bkr,,False,,1,1,0,0,0,0,0,,2025-03-31T19:28:46.000Z,1786150176.3579836
0xbidkslj3,user,0xbidkslj3,,True,,2,0,0,0,0,0,0,,2026-06-30T15:32:43.000Z,1786150178.35942
0xbadman,user,arul armstrong,,False,,3,0,0,0,0,0,0,,2025-09-22T06:32:34.000Z,1786150182.3636324
0xbjdkslj2,org,0xbjdkslj2,,,False,1,0,0,1,,,0,1,,1786150184.3582067
0xblackrabbit,user,YuanqingTang,,False,,1,0,0,0,0,0,0,,2024-05-13T13:54:01.000Z,1786150186.3611882
0xbidkslj2,user,0xbidkslj2,,False,,1,0,0,0,0,0,0,,2026-05-10T13:34:44.000Z,1786150188.369313
0xca7,user,Conor Sheridan,,False,,2,0,0,0,0,0,0,,2023-04-03T00:15:52.000Z,1786150190.3616579
0xchicharito,user,Chicharito,,False,,2,0,0,0,1,0,0,,2025-09-18T16:30:41.000Z,1786150192.3582659
0xbotted,user,noobest,,False,,1,0,0,0,0,0,0,,2025-05-23T05:08:59.000Z,1786150194.3973272
0xcajjad,user,sajjad habibi,,False,,2,0,0,1,0,0,0,,2024-08-30T06:02:44.000Z,1786150196.361767
0xchuks,user,Chukwudi Emmanuel,,False,,3,0,0,0,1,0,0,,2025-01-19T20:57:16.000Z,1786150198.360728
0xchimps,user,awal edy oktavianto,,False,,15,12,0,1,0,0,0,,2025-04-17T01:20:26.000Z,1786150200.3947914
0xchamp,user,ok,,False,,1,0,0,0,0,0,0,,2025-10-12T20:42:17.000Z,1786150202.3624346
0xchum,user,Bunny,,False,,1,1,0,0,0,0,0,,2025-02-11T02:29:07.000Z,1786150204.3676186
0xcrypticmilex,user,Ogunyemi oluwaferanmi daniel,,False,,2,0,0,0,1,2,0,,2026-02-12T08:39:56.000Z,1786150206.363301
0xcjy22221,user,Chen Jingyun,,False,,1,0,1,0,4,0,0,,2025-11-16T15:07:07.000Z,1786150208.5095656
0xartin,user,Yuda Ramdani P,,False,,1,0,0,0,0,0,0,,2025-06-07T15:46:54.000Z,1786150210.385952
0xbone,user,Lolu Bolarinwa,,False,,1,0,0,0,0,0,0,,2023-07-13T12:30:26.000Z,1786150212.3757005
0xd1rac,user,Derek Zaw,,False,,1,0,0,0,0,0,0,,2024-07-06T10:07:07.000Z,1786150214.362954
0xd2d,user,D2D,,False,,1,2,5,0,0,0,0,,2024-07-28T12:43:56.000Z,1786150216.440662
0xcynyx,user,辛迪,,False,,6,1,5,3,28,1,0,,2023-03-30T12:42:02.000Z,1786150218.3649867
0xdaniel-ai,user,malatji,,False,,1,0,1,0,0,0,0,,2025-06-04T09:08:37.000Z,1786150220.3885176
0xcd21h,user,M S,,False,,2,0,0,0,0,0,0,,2023-07-17T06:08:49.000Z,1786150222.4476106
0xcubin,user,Dylan jingga,,False,,1,3,0,0,0,0,0,,2025-12-10T07:08:28.000Z,1786150224.3757517
0xdecentparadox,user,Sasank Reddy,,False,,1,0,0,0,0,0,0,,2025-05-14T14:07:31.000Z,1786150226.3659582
0xd4t4,user,0xd4t4,,False,,3,1,0,1,0,32,0,,2024-05-03T22:14:56.000Z,1786150228.3669631
0xdecentralizer,user,Mohammad Mahdi Keshavarz,,False,,1,0,0,0,0,0,0,,2025-05-06T12:33:39.000Z,1786150230.4944391
0xbasol,user,eyelpe,,False,,1,0,0,0,0,0,0,,2026-01-23T02:14:28.000Z,1786150232.3642316
0xdeltai,user,deltai,,False,,8,0,0,0,0,0,0,,2024-04-17T01:06:38.000Z,1786150234.380711
0xdeoxyz,user,arnaldo ramores,,False,,1,0,0,0,0,0,0,,2026-02-03T02:59:35.000Z,1786150236.3834846
0xcsaradev,user,sara jird,,False,,1,0,0,0,0,0,0,,2025-11-03T11:03:45.000Z,1786150238.3821416
0xdewy,user,Dewy,,False,,4,0,0,0,1,0,0,,2026-04-01T15:38:49.000Z,1786150240.428443
0xcz,user,Yadav,,False,,3,0,0,0,0,0,0,,2025-08-29T07:47:01.000Z,1786150242.362612
0xdemon,user,hosein maleki,,False,,2,0,1,0,0,0,0,,2024-08-27T14:12:55.000Z,1786150244.4660292
0xdekape,user,dekape,,False,,2,0,1,0,1,2,0,,2026-02-03T19:59:13.000Z,1786150246.372968
0xdia,user,Dhai Eddine Zebbiche,,False,,1,0,0,0,0,0,0,,2022-12-11T21:06:51.000Z,1786150248.4008734
0xdfi,user,dfi,,False,,12,0,0,8,3,0,0,,2026-02-11T19:40:56.000Z,1786150250.376772
0xdogacan,user,Dogacan,,False,,1,0,0,0,0,0,0,,2025-05-24T16:42:49.000Z,1786150252.365339
0xdtdx,user,9x8a2z,,False,,1,0,0,0,1,0,0,,2023-03-22T06:24:41.000Z,1786150254.3882353
0xealaa,user,Alana Emery,,False,,1,0,0,2,0,0,0,,2025-07-12T18:03:39.000Z,1786150256.3662992
0xech0,user,echoecho,,False,,2,0,0,0,0,0,0,,2022-09-01T03:18:28.000Z,1786150258.3689654
0xemikey,user,mike,,False,,1,0,0,0,0,0,0,,2025-05-01T12:57:35.000Z,1786150260.3766236
0xdorame,user,Reynaldo,,False,,2,0,0,0,0,0,0,,2025-04-02T04:46:19.000Z,1786150262.365164
0xekez,user,zeke,,False,,1,0,0,0,1,1,0,,2025-07-10T16:24:07.000Z,1786150264.400139
0xdev23,user,Akshay Srivastava,,False,,1,2,2,0,1,0,0,,2023-10-13T04:35:19.000Z,1786150266.3647137
0xemx9ed4y77,org,花,,,False,3,0,0,2,,,0,1,,1786150270.365259
0xesilva,user,silva,,False,,1,0,0,0,0,0,0,,2025-05-03T07:18:25.000Z,1786150272.369343
0xcindyv,user,0xcindyv,,False,,1,0,0,0,0,0,0,,2024-12-05T12:56:53.000Z,1786150274.368921
0xfader,user,kola ope,,False,,17,0,0,0,0,0,0,,2025-03-31T23:07:17.000Z,1786150276.3683567
0xfani,user,fani,,False,,20,0,0,1,0,0,0,,2025-04-01T10:37:09.000Z,1786150278.3713086
0xemkey,user,Mehmet KARA,,False,,3,0,0,2,4,0,0,,2025-05-29T07:55:32.000Z,1786150280.368339
0xdant,user,Dan T,,False,,1,0,1,0,0,0,0,,2023-11-15T04:28:19.000Z,1786150282.3657796
0xfaskety,user,0xfaskety,,False,,191,0,0,0,3,0,0,,2024-05-13T13:54:02.000Z,1786150284.369235
0xffffull,user,0xffffull,,False,,1,0,0,0,2,0,0,,2024-02-04T16:05:36.000Z,1786150286.417563
0xdip009,user,nantu,,False,,2,0,0,0,0,0,0,,2025-10-11T17:39:46.000Z,1786150288.4045796
0xfaga,user,Arifaga Favour Ayodeji,,False,,1,0,0,0,0,0,0,,2025-10-12T15:05:40.000Z,1786150290.3725572
0xfedev,user,Federico,,False,,1,1,1,0,1,0,0,,2025-06-18T15:55:18.000Z,1786150292.3742666
0xfliz,user,0xfliz,,False,,2,0,0,0,0,0,0,,2025-04-10T11:34:58.000Z,1786150294.3681707
0xdeadhead,user,Sai Kumar,,False,,1,0,0,0,0,0,0,,2023-06-08T02:01:45.000Z,1786150296.3670397
0xenyos,user,enyos cpder,,False,,1,0,0,0,0,0,0,,2025-04-05T14:58:16.000Z,1786150298.3681905
0xfffm4bs,user,Mohamed Aymen Ben Slimane,,False,,1,0,0,0,0,0,0,,2025-05-08T19:43:52.000Z,1786150300.3703783
0xghagevaibhav,user,Vaibhav Ghage,,False,,2,0,0,0,0,0,0,,2023-04-13T13:46:18.000Z,1786150302.376942
0xgaryy,user,aflalo,,False,,2,0,1,1,0,0,0,,2022-03-17T20:23:47.000Z,1786150304.370817
0xh3,user,hysis,,False,,22,0,0,0,0,0,0,,2024-08-24T19:20:59.000Z,1786150306.3687816
0xevm,user,ImtiazzT,,False,,1,0,0,0,0,0,0,,2025-04-03T06:46:10.000Z,1786150308.4198217
0xfiregirl,user,Olamide,,False,,2,1,0,0,2,0,0,,2025-10-14T14:51:56.000Z,1786150310.3725827
0xgautam,user,Gautam Ahuja,,False,,3,0,0,0,1,0,0,,2024-03-10T07:16:43.000Z,1786150312.372229
0xgr3y,user,Greyscope Labs,,False,,8,1,1,1,9,1,0,,2024-08-27T10:38:09.000Z,1786150314.3766108
0xgan,user,0xgan,,False,,3,0,0,3,17,0,0,,2024-08-24T06:04:35.000Z,1786150316.396419
0xhalfmoonkid,user,Wally Chang,,False,,2,0,0,1,0,0,0,,2025-10-06T17:14:42.000Z,1786150318.3719993
0xheathcliff,user,0xheathcliff,,False,,1,0,0,0,0,0,0,,2025-10-12T19:25:38.000Z,1786150320.3798814
0xhelios,user,Luis Correa,,False,,3,0,0,0,0,0,0,,2023-11-11T20:35:29.000Z,1786150322.3833146
0xharib,user,Hari B,,False,,6,3,4,0,1,0,0,,2022-09-22T13:32:54.000Z,1786150324.4798355
0xhamid,user,Salehi,,False,,2,0,0,0,0,0,0,,2025-04-04T20:45:49.000Z,1786150326.3753898
0xhaz,user,Haze Cor,,False,,3,0,0,0,0,0,0,,2022-04-25T03:44:43.000Z,1786150328.3725455
0xhemo,user,Haidar Rafi A.,,False,,1,0,0,0,0,0,0,,2025-06-12T07:37:02.000Z,1786150330.378375
0xibe,user,Ibe Aboh,,False,,1,0,0,0,0,0,0,,2025-04-02T12:15:37.000Z,1786150332.372155
0xhikae,user,hikae,,False,,6,0,0,0,9,0,0,,2023-05-16T14:45:24.000Z,1786150334.3769698
0xid,user,Michael Krasnyk,,False,,18,0,0,0,0,0,0,,2022-11-30T16:03:20.000Z,1786150336.4418626
0xideas,user,Leon Luithlen,,False,,3,0,0,0,3,0,0,,2022-08-23T12:19:39.000Z,1786150338.373474
0xhark,user,Hark Singh,,False,,1,0,0,0,0,0,0,,2026-03-19T00:42:43.000Z,1786150340.3750029
0xj95,user,John,,False,,1,0,0,0,0,0,0,,2023-05-18T03:58:00.000Z,1786150342.3736687
0xjane2002,user,jane,,False,,1,0,0,0,0,0,0,,2025-05-01T12:28:15.000Z,1786150344.377281
0xharsh11,user,Harsh Gupta,,False,,2,0,0,0,0,0,0,,2025-09-01T13:13:38.000Z,1786150346.3755057
0xjanger,user,janger,,False,,1,0,0,0,1,0,0,,2025-09-30T14:26:58.000Z,1786150348.3753128
0xhb,user,Chenna Kautilya,,False,,3,0,0,0,4,0,2,,2023-03-05T19:07:54.000Z,1786150350.3791492
0xjiggy,user,Oluwasegun,,False,,1,0,0,0,0,0,0,,2025-04-29T14:48:46.000Z,1786150352.3775957
0xichl,user,charles,,False,,2,0,0,0,0,0,0,,2025-10-08T10:46:31.000Z,1786150354.3735538
0xjones,user,Ethan,,False,,1,0,0,0,0,0,0,,2024-05-23T07:41:12.000Z,1786150356.3762362
0xhieu01,user,Hieu Ho,,False,,18,0,0,0,0,0,0,,2023-04-07T05:39:01.000Z,1786150358.3755407
0xjulius,user,Julius Stewart,,False,,1,0,0,0,0,0,0,,2025-02-06T00:29:31.000Z,1786150360.3727467
0xk1h0,user,0xk1h0,,False,,17,4,0,2,0,2,0,,2023-08-07T03:10:41.000Z,1786150362.3725722
0xjason-jacobs,user,Jason Jacobs,,False,,1,0,1,0,0,0,0,,2025-01-23T20:41:54.000Z,1786150364.4017375
0xiviel,user,Eva Crystal,,False,,42,26,0,0,0,0,0,,2026-02-06T02:22:30.000Z,1786150366.3841493
0xkaba,user,0xkaba,,False,,3,0,0,0,0,0,0,,2025-10-09T09:13:38.000Z,1786150368.3754795
0xkhass,user,Mohammad Abukhass,,False,,1,0,0,0,0,1,0,,2025-11-22T17:51:58.000Z,1786150370.377448
0xk1ru,user,Kiru,,False,,2,0,0,0,0,0,0,,2026-04-11T05:50:09.000Z,1786150372.4849472
0xjesus,user,Jesus Dev,,False,,1,1,1,0,0,0,0,,2025-09-01T19:51:50.000Z,1786150374.3843756
0xkhairi,user,khairi hammami,,False,,2,0,0,0,0,0,0,,2023-12-08T01:06:29.000Z,1786150376.3756838
0xjunhao,user,Junhao,,False,,3,1,0,0,0,0,0,,2025-08-27T17:48:02.000Z,1786150378.3780868
0xkronos,user,Muzamil Jillani,,False,,1,0,0,0,0,0,0,,2023-08-01T12:55:29.000Z,1786150380.3751302
0xkayode,user,Ajibade Solomon,,False,,1,0,0,0,0,0,0,,2025-05-10T10:38:55.000Z,1786150382.374659
0xlexor,user,lexor dev,,False,,3,1,0,0,0,0,0,,2023-05-04T14:27:51.000Z,1786150384.3760202
0xgumi,user,0xgumi,,False,,1,0,0,0,0,0,0,,2025-04-01T09:01:34.000Z,1786150386.374826
0xkl,user,0xkl,,False,,1,0,0,0,11,0,0,,2023-03-29T07:47:53.000Z,1786150388.3845656
0xleoTH,user,VIKRAM,,False,,1,0,0,0,0,0,0,,2025-10-10T15:51:10.000Z,1786150390.3803487
0xknightt,user,knight,,False,,2,0,0,0,0,0,0,,2025-11-02T12:56:32.000Z,1786150392.4263241
0xlich,user,Lich,,False,,2,0,0,0,0,0,0,,2025-02-20T08:09:11.000Z,1786150394.3791664
0xhzx,user,Zhihan Xu,,False,,4,0,0,0,1,0,0,,2024-02-07T21:05:48.000Z,1786150396.3843246
0xkrm,user,KRM,,False,,4,0,0,0,0,0,0,,2022-07-26T01:21:05.000Z,1786150398.3775048
0xm4sk,user,Brandon White,,True,,1,0,1,0,0,0,0,,2024-02-23T16:05:38.000Z,1786150400.3940685
0xmaax,user,max h,,False,,1,0,0,0,0,0,0,,2025-10-19T16:11:12.000Z,1786150402.3771577
0xmaddie,user,Madison Brooks,,False,,1,0,0,0,3,0,0,,2021-06-22T22:59:37.000Z,1786150404.378751
0xmagical,user,Kool,,False,,3,0,0,1,0,0,0,,2023-10-16T02:50:29.000Z,1786150406.3877225
0xluffy,user,Abir Hasan,,False,,1,0,0,0,0,0,0,,2025-10-02T18:14:23.000Z,1786150408.3783402
0xmattv,user,mattv,,False,,1,0,0,0,0,0,0,,2025-04-17T08:56:27.000Z,1786150410.3796937
0xliqhtworks,user,Liqhtworks,,False,,3,2,0,0,0,0,0,,2024-06-02T08:07:39.000Z,1786150412.3837574
0xmaxi,user,Maxi,,False,,1,0,0,0,0,0,0,,2024-06-06T20:32:52.000Z,1786150414.376368
0xmason,user,Mason Hall,,False,,3,0,0,0,0,0,0,,2022-09-07T03:10:33.000Z,1786150416.3796616
0xlohith,user,jhi,,False,,1,0,0,0,0,0,0,,2025-10-16T19:54:29.000Z,1786150418.3786902
0xmedk,user,sarah gha,,False,,1,0,0,0,0,0,0,,2025-11-11T14:27:12.000Z,1786150420.3772042
0xmaddix,user,Maddixs,,False,,1,1,0,0,1,0,0,,2026-06-27T09:40:03.000Z,1786150422.3756745
0xluen,user,atlas,,False,,7,0,0,0,0,0,0,,2025-04-10T21:06:32.000Z,1786150424.3771846
0xlws,user,0xlws,,False,,1,1,0,0,0,0,0,,2023-01-04T19:09:40.000Z,1786150426.4086173
0xmph,user,tyowisnan,,False,,1,0,0,0,0,0,0,,2025-04-26T19:57:45.000Z,1786150428.3830633
0xmrmasry,user,Abdullah Elmasry,,False,,1,0,5,0,0,0,0,,2024-07-26T13:42:27.000Z,1786150430.3787796
0xmrn,user,0xMrn,,False,,1,0,0,0,0,0,0,,2026-06-27T05:19:40.000Z,1786150432.3790631
0xmsd,user,Michael Santo Domingo,,False,,1,0,2,0,0,0,0,,2023-10-21T23:10:18.000Z,1786150434.378727
0xmatty,user,Matt you,,False,,2,0,0,0,1,0,0,,2023-06-08T01:53:03.000Z,1786150436.3885593
0xmtnslk,user,metin,,False,,1,2,0,0,0,0,0,,2025-11-20T09:52:19.000Z,1786150438.3784957
0xmutaz,user,mutaz,,False,,1,0,1,0,0,0,0,,2023-07-07T17:09:22.000Z,1786150440.3822455
0xmoose,user,Ads Dawson,,False,,1,4,26,20,29,1,3,,2024-04-04T19:49:44.000Z,1786150442.4266834
0xmshal,user,Laith Mashal,,False,,1,0,0,0,0,0,0,,2026-02-13T05:56:18.000Z,1786150444.435205
0xnavid,user,Mohammed Navid,,False,,3,0,0,0,0,0,0,,2025-01-08T18:47:51.000Z,1786150446.3791234
0xmer,user,Omer Niv,,False,,4,0,0,1,5,0,0,,2024-12-03T07:13:01.000Z,1786150448.3869967
0xnarcotique,user,Tulay,,False,,1,0,0,0,0,0,0,,2025-09-23T20:50:02.000Z,1786150450.382145
0xling,user,merryfling,,False,,2,0,0,0,1,0,0,,2024-11-06T18:40:24.000Z,1786150452.3830354
0xmlm,user,yacine dolivet,,False,,3,0,0,0,1,0,0,,2024-10-08T16:04:55.000Z,1786150454.3856006
0xnbk,user,nbk,,False,,2,3,1,0,3,0,0,,2025-06-12T10:15:16.000Z,1786150456.3839204
0xnoww,user,calti,,False,,3,0,0,0,0,0,0,,2025-04-01T09:30:39.000Z,1786150458.3820562
0xmola,user,chandra,,False,,1,0,2,0,0,0,0,,2026-04-19T19:43:20.000Z,1786150460.3925767
0xnoob,user,Ashutosh Kumar,,False,,3,0,0,0,0,0,0,,2025-04-03T16:24:14.000Z,1786150462.3833177
0xogi,user,Oguzhan,,False,,20,0,0,0,0,1,0,,2024-09-12T12:23:02.000Z,1786150464.3880184
0xorca,user,0xorca,,False,,1,0,0,0,0,0,0,,2025-05-22T19:27:52.000Z,1786150466.383032
0xobafemi,user,Abiona Yusuf Obafemi,,False,,1,0,0,0,0,0,0,,2025-09-25T17:52:39.000Z,1786150468.3856094
0xnenen,user,dillah abdullah,,False,,1,0,0,0,0,0,0,,2025-05-24T19:43:25.000Z,1786150470.4505382
0xohzsh,user,m,,False,,2,0,0,0,0,0,0,,2025-01-05T17:27:36.000Z,1786150472.3844342
0xnftmayhem,user,0x,,False,,1,0,0,0,0,0,0,,2025-04-02T09:14:28.000Z,1786150474.4103708
0xpok,user,Yard,,False,,1,0,0,0,0,0,0,,2025-04-03T19:03:00.000Z,1786150476.3823733
0xnu,user,Finbarrs Oketunji,,False,,10,13,4,4,0,15,6,,2023-12-31T16:53:09.000Z,1786150478.3825507
0xp3rc,user,Rca,,False,,1,0,0,0,0,0,0,,2025-10-05T00:15:09.000Z,1786150480.3866498
0xpranav,user,pranav prakash,,False,,1,0,2,1,11,0,0,,2023-04-04T15:20:46.000Z,1786150482.381914
0xozo,user,Ozovehe Umar,,False,,2,0,0,0,0,0,0,,2025-11-09T21:57:17.000Z,1786150484.4107227
0xquickx0,user,quick,,False,,2,0,0,0,0,0,0,,2025-08-30T16:47:51.000Z,1786150486.3862698
0xr3d,user,sime rag,,False,,1,0,0,0,0,0,0,,2024-07-24T14:49:14.000Z,1786150488.3853786
0xpop,user,architekme,,False,,3,0,0,0,0,0,0,,2025-10-24T02:57:05.000Z,1786150490.38386
0xrayson,user,rayson,,False,,4,0,0,0,0,0,0,,2025-10-13T00:35:50.000Z,1786150492.385897
0xreapper,user,Osu Azibaolalema Derikuma,,False,,1,0,0,0,0,0,0,,2024-12-09T13:43:54.000Z,1786150494.3828363
0xrijj,user,Rijj,,False,,1,0,0,0,0,0,0,,2025-04-30T13:29:38.000Z,1786150496.3835292
0xp0rtals,user,ctc,,False,,2,0,2,0,0,0,0,,2023-02-12T09:59:46.000Z,1786150498.3842547
0xr3007,user,chaincont0,,False,,1,0,0,0,0,0,0,,2025-04-19T23:05:49.000Z,1786150500.3854578
0xpwdz,user,Pwdz,,False,,1,0,0,0,0,1,0,,2026-07-28T06:26:45.000Z,1786150502.3828995
0xndika,user,Andik Pujianto,,False,,30,27,0,1,0,0,0,,2025-12-10T17:47:38.000Z,1786150504.3816993
0xriqi,user,riqi,,False,,2,0,0,0,0,0,0,,2025-10-22T08:21:25.000Z,1786150506.386196
0xroyce,user,Petr Royce,,True,,3,3,0,19,20,2,0,,2023-01-08T22:09:22.000Z,1786150508.3876798
0xrushi,user,Rushi,,False,,20,3,12,3,1,12,0,,2022-01-21T03:51:47.000Z,1786150510.4255385
0xryunknown,user,Tenma,,False,,1,0,0,0,0,0,0,,2025-08-09T05:51:33.000Z,1786150512.386916
0xsage,user,Ayodeji Fakolade,,False,,1,0,0,0,0,0,0,,2025-06-04T02:30:22.000Z,1786150514.3843234
0xress,user,Eyüphan Kaymak,,False,,1,0,0,0,0,0,0,,2025-10-12T18:12:48.000Z,1786150516.383428
0xryan888,user,ryan orino,,False,,6,0,0,0,0,0,0,,2025-09-18T16:05:15.000Z,1786150518.3945534
0xrudy,user,rudy antara,,False,,1,0,0,0,0,0,0,,2025-04-02T18:42:42.000Z,1786150520.397574
0xsaurabh,user,Saurabh A.,,False,,1,1,0,0,0,0,0,,2026-02-16T10:23:57.000Z,1786150522.3867779
0xroba,user,Roba Adnew,,False,,1,0,0,0,0,0,0,,2024-04-03T19:33:56.000Z,1786150524.3858883
0xsav,user,savy,,False,,1,0,0,0,0,0,0,,2024-08-30T17:20:02.000Z,1786150526.3908427
0xshaf,user,MUZAMMIL SHARIEF,,False,,37,1,0,0,0,0,0,,2024-08-22T06:27:36.000Z,1786150528.3935907
0xsheinaa,user,sheinasalisha,,False,,1,1,0,0,0,0,0,,2026-06-26T11:43:11.000Z,1786150530.387683
0xshinigami,user,Jatin Mehta,,False,,1,2,1,0,0,0,0,,2024-02-14T21:06:25.000Z,1786150532.3837771
0xshiza,user,Shiza,,False,,1,0,0,0,0,0,0,,2025-02-13T15:24:26.000Z,1786150534.384553
0xsinn,user,dennis luna,,False,,15,7,0,0,1,0,0,,2025-05-10T03:37:45.000Z,1786150536.3857846
0xs19rakib,user,KAMRUL HASAN,,False,,1,0,0,0,0,0,0,,2025-04-21T18:28:56.000Z,1786150538.384477
0xsamsepiol,user,Sam,,False,,1,0,0,0,0,0,0,,2024-12-09T15:20:29.000Z,1786150540.3916392
0xskrilla,user,Islam Hamdy,,False,,1,1,0,0,0,1,0,,2025-11-23T19:21:10.000Z,1786150542.3858378
0xseraph,user,Seraph,,False,,1,0,0,0,0,0,0,,2026-02-20T14:03:11.000Z,1786150544.3929346
0xsk,user,shib army,,False,,2,0,0,0,0,0,0,,2025-10-12T07:59:11.000Z,1786150546.3854005
0xsainnt,user,Saint,,False,,1,0,0,0,0,0,0,,2025-08-26T12:10:01.000Z,1786150548.3897681
0xsky,user,zhangsan,,False,,1,0,0,0,0,0,0,,2026-04-08T03:46:33.000Z,1786150550.3868997
0xsuid,user,Harsh Godhani,,False,,5,0,0,0,0,0,0,,2022-10-15T13:45:10.000Z,1786150552.389541
0xt4k,user,Tyler Keller,,False,,1,0,0,0,1,0,0,,2023-09-25T18:50:15.000Z,1786150554.395117
0xskydark,user,skydax,,False,,1,0,2,0,0,0,0,,2024-12-26T20:59:26.000Z,1786150556.3870516
0xsoh,user,Soham Chakraborty,,False,,2,0,0,0,1,0,0,,2025-11-26T10:10:26.000Z,1786150558.3866599
0xpashey,user,pashey,,False,,1,0,0,0,0,0,0,,2025-05-04T10:08:04.000Z,1786150560.3889694
0xsarox,user,sarox,,False,,16,0,0,0,0,0,0,,2024-08-16T16:30:55.000Z,1786150562.3874314
0xtaptap29,user,taptap,,False,,2,0,0,0,0,0,0,,2025-12-01T22:39:07.000Z,1786150564.3853955
0xmpf,user,mpf,,False,,2,0,0,0,0,0,0,,2025-01-20T07:57:01.000Z,1786150566.3883626
0xsubash,user,Subash Gautam,,False,,1,0,0,0,0,0,0,,2025-08-09T03:58:11.000Z,1786150568.3902938
0xsoftboi,user,Tsolmondorj Natsagdorj,,False,,1,0,0,0,0,0,0,,2026-04-03T14:12:57.000Z,1786150570.4210782
0xtimi,user,0xtimi,,False,,25,3,3,0,15,1,0,,2025-01-07T10:23:08.000Z,1786150572.3920114
0xtega,user,Able Ogbonna - Ekeugo,,False,,1,0,0,0,2,2,0,,2025-12-18T13:38:44.000Z,1786150574.3919132
0xtimooo,user,Timothy Olowoyo,,False,,3,0,0,0,0,0,0,,2025-07-30T20:26:17.000Z,1786150576.397667
0xtimmy,user,Timothy Hein,,False,,2,1,0,1,2,0,0,,2023-07-23T18:10:18.000Z,1786150578.3914557
0xtinuviel,user,twilight,,False,,65,0,0,0,0,0,0,,2025-03-31T18:00:52.000Z,1786150580.3887277
0xtoshi,user,Toshilio,,False,,1,0,0,0,0,0,0,,2026-04-05T12:32:12.000Z,1786150582.3912244
0xtimi2233,user,sony,,False,,3,0,0,0,13,8,0,,2026-04-22T18:57:26.000Z,1786150584.3935885
0xtosin,user,Tosin Olayiwola,,False,,7,0,0,0,0,0,0,,2025-09-15T11:47:38.000Z,1786150586.3929214
0xtuba,user,0xtuba,,False,,1,0,0,1,0,0,0,,2024-08-22T06:17:40.000Z,1786150588.3937657
0xtungdx,user,tung dao,,False,,2,0,4,0,0,0,0,,2024-04-08T19:53:49.000Z,1786150590.4368544
0xtaipoian,user,Pager Chan,,False,,2,0,0,0,0,0,0,,2024-07-21T12:37:10.000Z,1786150592.389716
0xveil,user,Rama,,False,,1,0,0,0,0,0,0,,2022-11-06T21:35:34.000Z,1786150594.4296548
0xvoid0000,user,Void,,False,,3,1,4,3,1,1,0,,2026-03-14T07:33:08.000Z,1786150596.4151995
0xtherichard,user,ricahrd obinson,,False,,5,0,0,0,0,0,0,,2024-11-26T11:43:28.000Z,1786150598.394754
0xtc,user,Daniel Smith,,False,,1,0,0,0,0,0,0,,2023-04-30T10:16:20.000Z,1786150600.3885639
0xtomorrow,user,Mono tomorrow,,False,,1,1,0,0,1,0,0,,2025-05-16T18:37:41.000Z,1786150602.3966525
0xwolf12,user,Jamshed Ali,,False,,1,0,1,0,0,0,0,,2025-08-27T11:27:59.000Z,1786150604.3932915
0xweb3pro,user,isijola olasunkanmi,,False,,1,0,0,0,0,0,0,,2025-10-09T07:09:37.000Z,1786150606.392918
0xxchrollo,user,chrollo cruz,,False,,2,1,0,0,0,0,0,,2025-04-14T14:25:26.000Z,1786150608.398061
0xwajal,user,suwajal,,False,,2,0,0,0,0,0,0,,2025-09-16T16:08:30.000Z,1786150610.3941977
0xyao,user,Yao,,False,,1,1,0,0,0,1,0,,2022-12-26T07:03:13.000Z,1786150612.3948116
0xyf,user,0xyf,,False,,7,3,0,0,0,0,0,,2024-11-09T09:23:07.000Z,1786150614.3990781
0xwatashi,user,watashi,,False,,1,0,0,0,0,0,0,,2026-06-05T13:56:24.000Z,1786150616.3977866
0xuccee,user,Success Odibeno,,False,,1,0,0,0,0,0,0,,2025-04-23T00:22:48.000Z,1786150618.3976305
0xtuncay,user,tuncay,,False,,4,0,0,0,0,0,0,,2025-10-19T15:41:04.000Z,1786150620.3926666
0xwumade,user,Adesope Adewale,,False,,1,2,1,0,2,3,0,,2025-12-08T09:37:35.000Z,1786150622.3953967
0xzer0day,user,Wahid Shaikh,,False,,1,0,0,0,0,0,0,,2023-10-18T04:32:46.000Z,1786150624.3988738
0xzerowave,user,ZeroWave,,False,,2,0,0,0,0,0,0,,2024-12-18T05:21:08.000Z,1786150626.399064
0xzyro,user,Ranjit B,,False,,1,0,0,0,0,0,0,,2025-11-13T18:03:46.000Z,1786150628.397943
0xzap,user,0a,,False,,8,0,1,0,0,0,0,,2026-06-20T23:31:09.000Z,1786150630.3900726
0xtest1231,user,test,,False,,2,0,0,0,1,2,0,,2026-07-21T23:35:42.000Z,1786150632.3945787
0ys,user,Ye Seul Gong,,False,,1,0,0,0,2,0,0,,2022-09-08T02:16:36.000Z,1786150634.4507504
0yT5AOpa1Y,user,XSRBSPKCk2,,False,,1,0,0,0,0,0,0,,2025-06-06T04:03:56.000Z,1786150636.3956962
0yukky0,user,Sugita Yukinari,,False,,4,0,0,0,0,0,0,,2024-09-11T12:10:19.000Z,1786150638.396208
0xtShinchan,user,Yaron Abramovich,,False,,1,0,0,0,0,0,0,,2024-11-14T15:00:19.000Z,1786150640.3988762
0xz4cking,user,Zack,,False,,1,0,0,0,0,0,0,,2025-05-04T09:56:43.000Z,1786150642.3957074
0xzksnark,user,DM,,False,,2,0,2,0,0,0,0,,2025-06-19T15:17:57.000Z,1786150644.3962047
0xxxlin,user,lin,,False,,1,0,0,1,0,0,0,,2025-04-10T16:16:48.000Z,1786150646.3955832
0xygen1,user,Sahar yona,,False,,1,0,0,0,0,0,0,,2024-08-23T22:14:37.000Z,1786150648.407583
0zymand1as,user,Louis Miguel Pawaon,,False,,1,0,0,0,0,0,0,,2023-10-06T00:58:11.000Z,1786150650.403252
0zLCCgim87,user,A8b6CuHYKa,,False,,1,0,0,0,0,0,0,,2025-06-05T11:00:06.000Z,1786150652.400387
0ybo,user,Roy Chi,,False,,2,0,0,0,0,0,0,,2025-04-22T06:39:22.000Z,1786150656.394351
0zuttag,user,ABDELKADER BENMERIEM,,False,,2,0,0,0,0,0,0,,2025-11-21T23:49:53.000Z,1786150660.396432
1-13-am,user,Hai Pham,,False,,6,2,3,0,11,0,0,,2023-10-04T05:00:54.000Z,1786150662.3975496
1-800-BAD-CODE,user,sc,,False,,6,0,0,14,0,8,0,,2022-07-16T23:40:49.000Z,1786150664.397367
1-800-SHARED-TASKS,org,1-800-SHARED-TASKS,,,False,32,34,2,73,,,0,57,,1786150666.3984003
0zkaya,user,Esad,,False,,1,0,0,0,0,0,0,,2025-03-31T11:06:35.000Z,1786150668.3967102
0zo,user,a,,False,,2,3,0,1,4,0,0,,2024-02-09T18:56:50.000Z,1786150670.4011703
10008654321i,user,Kapil Shrivastava ,,False,,1,0,0,1,6,1,0,,2024-09-16T07:55:08.000Z,1786150672.399195
1-800-LLMs,org,Indic LLMs,,,False,59,37,3,96,,,0,52,,1786150674.3956106
1000len-4959,user,Mohamed Fekkaki,,False,,1,0,1,0,0,0,0,,2024-10-20T13:07:42.000Z,1786150676.479643
1000feet,user,Angelo Magni,,False,,2,0,0,0,0,0,0,,2025-05-14T16:22:23.000Z,1786150678.4008343
1-lock,user,one_lock,,False,,543,0,0,0,0,0,0,,2024-12-04T17:10:55.000Z,1786150680.4017189
1-AAA777,user,Антипович Анатолий,,False,,1,0,1,0,0,0,0,,2026-05-30T08:24:16.000Z,1786150682.398905
1008tommy,user,Darren Chor,,False,,1,0,0,0,0,0,0,,2025-10-23T06:49:42.000Z,1786150684.405616
1008611sS,user,落花飘呀,,False,,2,0,0,0,0,0,0,,2023-05-04T00:50:34.000Z,1786150686.3953075
1009bmj,user,Baek Min Jeong,,False,,1,0,0,0,0,0,0,,2025-02-14T01:48:59.000Z,1786150690.397358
1000kavya,user,Kamish Upadhyay,,False,,1,0,0,0,0,0,0,,2024-02-13T23:32:50.000Z,1786150692.5393093
100Pudoff,user,Borisov,,False,,3,0,0,0,0,0,0,,2023-03-27T19:37:11.000Z,1786150694.399805
100XZX001,user,yuvraj,,False,,1,0,5,0,2,0,0,,2025-12-20T07:13:33.000Z,1786150696.4399567
100Stephen001,user,StephenViana,,False,,1,0,3,0,0,1,0,,2026-03-29T05:44:10.000Z,1786150698.4010336
1-Vassago-1,user,Vassago,,False,,1,0,0,0,0,0,0,,2026-03-06T12:15:16.000Z,1786150700.3985736
100click,user,100click,,False,,1,0,0,0,0,0,0,,2022-11-12T23:01:04.000Z,1786150702.4233532
100friends,user,SB,,False,,1,0,4,0,0,0,0,,2024-10-30T22:23:40.000Z,1786150704.3991134
100PAP,org,Sans Papier de Belgique,,,False,1,0,0,1,,,0,1,,1786150706.3972516
1000stopgoing,user,adhvik balamurugan,,False,,1,0,0,0,0,0,0,,2025-07-01T02:56:22.000Z,1786150708.4002042
100customs,user,Ruben M Guerra,,False,,5,4,0,0,1,0,0,,2024-06-10T02:42:21.000Z,1786150710.4030185
100Tdmals,user,ryan100,,False,,1,0,3,0,0,0,0,,2026-05-11T05:26:48.000Z,1786150712.3974853
100jm,org,100jm,,,False,1,0,0,1,,,0,1,,1786150716.4049442
100percentrobot,user,A.Robot,,False,,1,0,0,14,39,2,0,,2024-06-12T15:06:02.000Z,1786150718.4071376
100rish,user,Sourish,,False,,9,3,0,0,0,0,0,,2026-03-19T08:02:30.000Z,1786150720.4040515
100seokyung,user,Sukyung Baek,,False,,5,0,0,0,1,0,0,,2025-04-16T07:31:44.000Z,1786150722.399562
1000Umar,user,Umar,,False,,1,0,0,0,0,0,0,,2025-02-19T20:35:36.000Z,1786150724.4011564
100box,user,100box,,False,,1,0,0,0,0,0,0,,2025-10-23T14:31:33.000Z,1786150726.4194636
100ton,user,eth,,False,,2,0,0,0,0,0,0,,2025-05-03T07:16:01.000Z,1786150728.406077
100rabhkr,user,saurabh kumar,,False,,1,0,11,1,5,0,0,,2024-09-24T11:55:44.000Z,1786150730.4053204
100xFORTUNE,user,saubhagya ji,,False,,1,0,0,0,0,0,0,,2025-12-26T15:21:20.000Z,1786150732.403202
100rozh,user,Maks Black,,False,,1,0,0,0,0,0,0,,2025-06-24T15:11:13.000Z,1786150734.4000762
100xROhitDev,user,Rohit Kumar,,False,,1,0,0,0,0,0,0,,2025-04-23T08:37:34.000Z,1786150736.4004362
100yen,user,100yen,,False,,9,0,0,0,0,2,0,,2023-11-06T13:33:54.000Z,1786150738.4052284
100stacks,user,James Thompson,,False,,1,0,2,1,3,6,0,,2023-09-04T17:32:33.000Z,1786150740.3993897
100xEngineers,user,100xEngineers,,False,,5,0,0,3,0,0,0,,2024-08-21T08:25:41.000Z,1786150742.4022815
101208YF,user,101208 YF,,False,,5,1,1,0,1,0,0,,2026-01-29T16:42:40.000Z,1786150744.4047346
1017qud,user,김병준,,False,,1,0,1,0,0,0,0,,2025-12-24T23:10:43.000Z,1786150746.4007986
1019yerin,user,박예린,,False,,1,0,0,0,0,0,0,,2026-02-20T15:14:39.000Z,1786150748.400609
101Sorel,user,Chongshan Wan,,False,,5,0,0,0,0,0,0,,2024-03-20T06:41:53.000Z,1786150750.4089022
1010stonely,user,Stanley Lim,,False,,96,1,0,1,0,0,0,,2024-10-06T05:11:27.000Z,1786150752.4043689
101World,user,World,,False,,3,0,0,0,0,0,0,,2025-04-27T11:21:46.000Z,1786150756.4062734
1010happy,user,1010,,True,,182,0,0,0,0,0,0,,2026-03-17T12:21:37.000Z,1786150758.4085302
100rab25,user,saurabh jain,,False,,20,0,0,0,0,0,0,,2023-07-14T17:37:53.000Z,1786150760.4087996
101twk,user,natasha,,False,,1,0,1,0,0,0,0,,2024-08-20T10:34:41.000Z,1786150762.403585
101rakibulhasan,user,Rakibul Hasan,,False,,8,0,0,0,0,1,0,,2023-11-01T19:12:52.000Z,1786150764.4073927
1024m,user,Ram Kadiyala,,True,,271,23,2,29,340,66,13,,2023-05-11T03:28:29.000Z,1786150766.6344783
101anshuman,user,anshuman mishra,,False,,2,0,0,0,2,1,0,,2025-01-02T07:27:33.000Z,1786150768.4070094
1027coffee,user,Rui Guo,,False,,3,0,3,0,3,1,0,,2025-08-03T05:17:25.000Z,1786150770.4097726
1038lab,user,ailab,,False,,30,0,0,60,1,4,0,,2024-08-05T14:28:47.000Z,1786150772.4051547
10424lisa,user,Ning Li,,False,,1,0,0,0,0,0,0,,2025-01-30T14:25:26.000Z,1786150774.4094293
10432mztn,user,Toshimitsu Mizutani,,False,,2,0,0,0,0,0,0,,2024-08-04T03:28:33.000Z,1786150776.4044228
104tutorials104,user,Muslim Ahmed,,False,,1,0,0,0,0,0,0,,2026-07-10T03:02:46.000Z,1786150778.4079742
104up,user,104up,,False,,1,1,1,0,0,0,0,,2026-02-20T00:47:28.000Z,1786150780.4064753
100suping,org,100suping,,,False,3,4,0,7,,,0,6,,1786150782.4024339
1073ju,user,413,,False,,1,0,0,0,0,0,0,,2024-10-06T07:25:52.000Z,1786150784.4059677
1096King5150,user,zachery munger,,False,,1,0,0,0,0,0,0,,2025-02-03T13:45:36.000Z,1786150786.4065368
109emitch901,user,Mitch Tom,,False,,1,0,0,0,0,0,0,,2026-04-11T01:49:48.000Z,1786150788.4098604
10086zz,user,10086,,False,,1,0,0,0,0,0,0,,2026-05-02T04:35:55.000Z,1786150790.4165406
103040rex,user,科展,,False,,2,0,1,0,0,0,0,,2024-03-23T13:09:31.000Z,1786150792.40517
101Rad,user,Dimitris Nastos,,False,,1,0,0,0,0,0,0,,2022-11-02T12:44:50.000Z,1786150794.4097881
10FCPRO,user,Mohamed Wael,,False,,1,0,0,0,0,0,0,,2023-11-14T20:19:35.000Z,1786150796.4026809
101bytespeedkunal,user,Kunal Mishra,,False,,8,0,0,0,0,0,0,,2026-02-10T13:25:53.000Z,1786150798.408941
10Aizen01,user,Gun_man,,False,,4,0,1,0,1,0,0,,2025-08-20T16:20:04.000Z,1786150800.419372
10Ngoc,user,Văn Thị Mười Ngọc,,False,,5,0,0,0,0,0,0,,2025-02-12T09:53:37.000Z,1786150802.4113593
1093212290a,user,马明,,False,,2,0,1,0,2,0,0,,2023-05-05T01:35:19.000Z,1786150804.4070358
10Prem09,user,Prem Kaushik S,,False,,1,0,0,0,0,0,0,,2025-04-21T12:14:06.000Z,1786150806.408691
10Ring,user,10Ring,,False,,1,0,0,0,0,4,0,,2023-11-15T12:42:10.000Z,1786150808.5479708
10Devanshi,user,Jsohii,,False,,1,1,0,1,0,0,0,,2025-05-01T11:27:00.000Z,1786150810.4128485
10Sage6,user,santosh joshi,,False,,1,0,3,0,0,0,0,,2023-02-14T21:03:08.000Z,1786150812.4099758
10TheCreator,user,Stephen Flemming,,False,,6,0,0,0,0,0,0,,2025-02-25T19:10:15.000Z,1786150814.4096081
10Try,user,Aping,,False,,2,0,0,0,1,0,0,,2024-05-31T13:55:20.000Z,1786150816.4072638
10bodrex,user,rendy saputra,,False,,119,119,0,0,3,0,0,,2025-12-10T07:26:38.000Z,1786150818.408777
1024khandsom,user,yin pengcheng,,False,,2,1,2,0,3,3,0,,2023-02-14T02:04:41.000Z,1786150820.411929
10BenTen10,user,Иван,,False,,1,0,0,0,0,0,0,,2025-02-10T08:17:58.000Z,1786150822.408235
10Komu,user,Komendra Sahu,,False,,2,0,11,0,1,0,0,,2024-08-24T09:08:13.000Z,1786150824.4123104
10cbvkw,user,Yez,,False,,1,0,0,0,0,0,0,,2024-05-12T12:24:25.000Z,1786150826.4089606
10doshi12,user,Dashank Doshi,,False,,3,1,2,0,0,0,0,,2025-11-15T19:24:14.000Z,1786150828.4152837
10Sirus,user,Shahzeb Suri,,False,,2,1,0,0,0,0,0,,2024-03-23T02:22:39.000Z,1786150830.4175549
10elkiller,user,10elkiller,,False,,2,0,0,0,0,0,0,,2024-12-31T12:14:00.000Z,1786150832.416074
10gallonhead,user,Pushkar Raj,,False,,1,0,0,0,0,0,0,,2023-02-27T05:43:24.000Z,1786150834.4090047
10Hen10,user,Jozef Vivodik,,False,,2,0,0,0,2,0,0,,2026-07-28T08:59:27.000Z,1786150836.4091532
10cdizzle,user,Christopher Davis,,False,,1,0,0,0,0,0,0,,2026-01-25T04:00:59.000Z,1786150838.4085732
10hith,user,Lohith Basavaraj,,False,,3,0,0,0,0,0,0,,2023-04-05T21:08:02.000Z,1786150840.4118505
10ge6,user,jgm,,False,,1,0,0,1,1,0,0,,2026-04-05T13:47:28.000Z,1786150842.408139
10mabdulmoid,user,Mohammed abdul Moid,,False,,2,0,3,0,0,0,0,,2024-09-23T18:08:06.000Z,1786150844.4079406
10Pratibh,user,Pratibh,,False,,1,0,0,1,0,0,0,,2025-07-07T17:51:30.000Z,1786150846.421693
100realnofake,user,Miguel Cittadini,,False,,2,0,0,0,0,0,0,,2024-10-01T01:36:26.000Z,1786150848.4152179
10e0,user,byron tang,,False,,1,0,0,0,5,0,0,,2023-06-05T03:21:17.000Z,1786150850.4150338
10peter01,user,zhang,,False,,1,0,0,0,0,0,0,,2025-07-03T00:55:12.000Z,1786150852.4438636
10moonshine,user,Kaleb Beinert,,False,,3,0,0,0,0,0,0,,2023-12-25T03:30:02.000Z,1786150854.4120536
10raghavjha,user,prashant kumar,,False,,1,0,2,0,0,0,0,,2026-07-05T16:50:25.000Z,1786150856.4116564
10dallasj,user,Dallas,,False,,1,0,0,0,1,1,0,,2022-11-20T19:53:18.000Z,1786150858.413478
10serginho10,user,Sergio Pradeda Gajardo,,False,,2,1,0,0,0,0,0,,2026-02-26T21:21:12.000Z,1786150860.4098322
10musab,user,musab mustaf isman,,False,,1,0,0,0,0,0,0,,2024-01-18T21:49:10.000Z,1786150862.4132166
10park,user,wonyoungpark,,False,,3,4,0,0,0,0,0,,2025-10-04T09:39:51.000Z,1786150864.4772046
10sasuke11,user,gangy,,False,,1,0,0,0,0,0,0,,2023-09-19T01:34:00.000Z,1786150866.4099462
10nen,user,Mohamed Abdelkarim,,False,,1,0,0,0,0,0,0,,2022-09-20T19:28:48.000Z,1786150868.4140043
10ths,user,Brian Wu,,False,,5,0,0,0,0,0,0,,2022-09-06T17:17:47.000Z,1786150870.4115956
10varun17,user,Varun Rayamajhi,,False,,2,0,0,0,0,0,0,,2024-08-26T20:11:55.000Z,1786150872.4105563
10jqk1,user,park dong hyun,,False,,7,1,0,0,0,0,0,,2023-10-07T07:14:40.000Z,1786150874.4122968
10xwithankit,user,AM,,False,,1,0,0,0,1,0,0,,2023-05-03T13:17:01.000Z,1786150876.4154625
10zinten,user,Tenzin Khenrab,,False,,2,1,0,3,2,0,0,,2022-03-23T09:32:35.000Z,1786150878.4165952
11-47,user,G.D.II,,False,,36,95,0,11,89,5,0,,2026-06-17T18:11:25.000Z,1786150880.424635
11-Egor-11,user,Egor,,False,,1,0,0,0,0,0,0,,2023-10-06T07:40:29.000Z,1786150882.4105434
1101psy2,user,Parkseoyoon,,False,,2,1,0,0,0,0,0,,2024-11-28T06:22:34.000Z,1786150884.4093218
10centavosfalsos,user,falsos,,False,,2,0,0,0,0,0,0,,2024-10-24T12:22:10.000Z,1786150886.408164
1107yoyo,user,DYY,,False,,1,0,0,0,0,0,0,,2022-10-05T13:48:47.000Z,1786150888.4108717
110s6oEqF2,user,teXrvtRpqZ,,False,,1,0,0,0,0,0,0,,2025-06-05T11:31:25.000Z,1786150890.4337819
1102Aryan,user,Aryan,,False,,1,0,1,0,0,0,0,,2026-07-01T13:21:18.000Z,1786150892.5168483
10shq10,user,Huiqiang Sun,,False,,3,4,0,0,0,0,0,,2025-04-01T07:53:21.000Z,1786150894.4129455
10ur,user,onur,,False,,1,0,0,0,0,0,0,,2024-12-24T08:41:08.000Z,1786150896.412028
111111,user,232323,,False,,3,0,0,0,1,0,0,,2021-06-09T04:21:46.000Z,1786150898.40969
10wind,user,Lingfeng Yao,,False,,1,3,0,0,0,0,0,,2025-05-03T22:54:56.000Z,1786150900.413001
1111ddd,user,didu,,False,,1,0,0,0,3,0,0,,2025-02-13T08:43:14.000Z,1786150902.4145997
1111dw,user,wdaa,,False,,2,0,0,0,0,1,0,,2024-08-12T03:18:31.000Z,1786150904.4283888
1111zzzzzz,user,1111111,,False,,1,0,0,0,0,0,0,,2025-03-27T14:45:45.000Z,1786150906.423607
1111NoA000,user,Nora,,False,,1,0,0,0,0,0,0,,2026-02-11T05:03:39.000Z,1786150908.4204423
10soham10,user,Soham Bhattacharya,,False,,2,0,0,0,0,0,0,,2026-07-18T14:44:35.000Z,1786150910.4200158
10shi,user,jingqi,,False,,1,0,0,0,0,2,0,,2023-09-05T11:58:26.000Z,1786150912.4147298
1111111fdg,user,Matveeva Alina gennagievna,,False,,4,0,0,0,0,0,0,,2025-04-06T14:09:31.000Z,1786150914.413081
1118zm,user,zhangman,,False,,1,0,1,0,0,0,0,,2024-12-16T13:24:41.000Z,1786150916.4172482
111111test11,user,test123,,False,,1,0,0,0,0,0,0,,2025-04-14T21:40:31.000Z,1786150918.4296305
1112lee,user,Ben,,False,,4,0,0,0,0,0,0,,2023-01-27T12:33:43.000Z,1786150920.414243
111Chloe111,user,Chloe Harrison,,False,,1,0,12,0,0,0,0,,2026-02-07T00:33:04.000Z,1786150922.4141703
111Ak47,user,Muzamil khan,,False,,1,0,0,0,1,0,0,,2025-02-13T16:45:27.000Z,1786150924.4203386
111BaoLe111,user,ßA0 L£,,False,,1,2,1,0,0,0,0,,2024-10-03T13:00:22.000Z,1786150926.4183948
111Luk111,user,Luk Chen,,False,,1,1,0,1,0,0,0,,2025-12-25T08:04:46.000Z,1786150928.4146228
111deblina,user,Deblina Roy,,False,,1,0,0,0,0,0,0,,2026-05-24T07:20:33.000Z,1786150930.4152827
111LII,user,LINING,,False,,1,0,3,0,0,0,0,,2025-05-07T13:05:36.000Z,1786150932.4176013
111mohan111,user,Mohan Surendra,,False,,2,1,1,0,1,0,0,,2025-05-15T03:21:15.000Z,1786150934.416975
1112-AV,user,ÁNGEL MENA RODRÍGUEZ ,,False,,1,0,0,0,0,0,0,,2024-09-06T18:56:20.000Z,1786150936.413186
1113132das,user,蒂法,,False,,1,0,0,1,0,0,0,,2023-04-15T10:31:40.000Z,1786150938.415448
1112luke,user,Luke Scholler,,False,,1,2,0,0,0,0,0,,2023-04-21T20:31:46.000Z,1786150940.420993
11111122222wwww,user,11,,False,,1,0,0,0,0,0,0,,2024-12-27T14:24:08.000Z,1786150942.4202523
1122334411a,user,1122334411,,False,,1,0,0,0,0,0,0,,2025-04-05T16:56:47.000Z,1786150944.418732
1122Micheal,user,Micheal,,False,,1,0,0,0,0,0,0,,2025-03-14T18:01:55.000Z,1786150946.4283915
1121238634cc,user,Wenxi Cao,,False,,1,2,0,0,0,0,0,,2026-02-26T11:14:16.000Z,1786150948.4128973
1122truly,user,RHA Team,,False,,2,0,0,0,0,0,0,,2025-08-23T07:36:41.000Z,1786150950.4153373
111whyness,user,Yash,,False,,1,0,0,0,0,0,0,,2023-11-23T04:16:43.000Z,1786150952.418345
111wwwww,user,1111111111,,False,,16,4,1,0,4,5,0,,2023-07-19T02:30:35.000Z,1786150954.4180245
111abhay111,user,Abhay Kumar,,False,,1,0,0,0,1,0,0,,2025-05-14T08:45:54.000Z,1786150956.4194198
1129ljc,user,1129ljc,,False,,1,2,0,0,0,2,0,,2023-12-04T13:43:49.000Z,1786150958.4222178
114-HK,user,karim hammoud,,False,,7,0,0,0,0,0,0,,2025-01-26T17:06:18.000Z,1786150960.5266516
112qq,user,Cody Peng,,False,,1,0,0,0,0,0,0,,2026-02-27T02:28:12.000Z,1786150962.4156966
1126ms,user,李明石,,False,,1,0,0,0,0,0,0,,2024-12-01T03:58:18.000Z,1786150964.417786
111iillil11iil,user,GUNHO SHIN,,False,,3,1,0,0,2,0,0,,2024-11-12T05:55:39.000Z,1786150966.4136095
10roxx,user,Emil Eldho,,False,,1,0,0,0,0,0,0,,2024-03-26T16:09:43.000Z,1786150968.418542
1145141919yaju,user,arai,,False,,1,0,0,0,0,0,0,,2022-10-09T04:54:21.000Z,1786150970.4174159
114df,user,dfgg,,False,,2,0,1,0,0,0,0,,2026-02-18T16:20:11.000Z,1786150974.4336643
1122QQTT,user,QT,,False,,1,0,0,0,0,0,0,,2025-06-14T14:01:07.000Z,1786150976.4203513
117jahfar,user,Jahfar Muhammed,,False,,1,0,0,0,0,0,0,,2023-09-16T16:19:13.000Z,1786150978.4184637
1145aa,user,114514,,False,,1,0,6,0,0,0,0,,2023-08-03T02:35:11.000Z,1786150980.4225805
1149852889qq,user,physio therepist,,False,,1,0,0,0,2,0,0,,2023-03-07T09:56:12.000Z,1786150982.4207768
117mino117,user,minoru yamada,,False,,1,0,0,0,0,0,0,,2022-10-11T20:06:58.000Z,1786150984.4200776
11Anupam,user,G,,False,,3,0,3,0,1,0,0,,2023-02-08T11:01:43.000Z,1786150986.4230492
112sawd,user,fei,,False,,2,0,0,0,0,0,0,,2026-03-26T16:47:41.000Z,1786150988.418557
11Alex11,user,Alex,,False,,2,1,0,0,1,0,0,,2022-10-14T11:01:36.000Z,1786150990.4177413
11Hope11,user,hope,,False,,1,0,0,0,0,0,0,,2025-04-13T12:45:55.000Z,1786150992.4195368
11Aurus11,user,//,,False,,1,0,0,0,0,0,0,,2026-02-21T10:30:24.000Z,1786150994.4387681
11James11222,user,James Antony Paul,,False,,1,0,1,0,0,0,0,,2024-02-02T04:05:13.000Z,1786150996.4251852
114514Matthew,user,wu,,False,,1,0,0,0,0,0,0,,2026-03-06T09:46:02.000Z,1786150998.4201806
11Mohamed121,user,Mohamed Ashraf,,False,,1,0,1,0,1,0,0,,2025-11-14T15:37:52.000Z,1786151000.4331276
11Spades,user,Daniel,,False,,4,0,0,0,0,0,0,,2023-04-26T18:43:25.000Z,1786151002.4226527
11Raghav,user,Raghav Grover,,False,,8,0,0,0,8,0,0,,2024-11-30T10:22:09.000Z,1786151004.4721537
11ZaeOI7PA,user,gUR3CaKLI8,,False,,1,0,0,0,0,0,0,,2025-06-05T10:23:10.000Z,1786151006.420331
1191636b,user,wsk,,False,,1,0,0,1,51,0,0,,2023-02-27T12:37:43.000Z,1786151008.432133
11amri,user,sidiq,,False,,3,2,0,0,0,0,0,,2025-05-18T05:22:57.000Z,1786151010.4222353
11andrea2233,user,Andrea Sombilon,,False,,3,2,0,0,0,0,0,,2024-10-12T07:15:16.000Z,1786151012.4191658
112bb,user,John Doe,,False,,1,2,0,0,0,0,0,,2025-01-24T02:04:24.000Z,1786151014.4326563
11cuongcuong11,user,Phạm Văn Cường,,False,,1,0,0,0,0,0,0,,2024-12-14T05:01:47.000Z,1786151016.4197721
11bigmarc,user,Perter,,False,,1,0,0,0,0,0,0,,2026-03-13T08:29:39.000Z,1786151018.4220564
11flora,user,Flora,,False,,1,0,0,0,0,0,0,,2025-01-05T14:34:08.000Z,1786151020.4194815
11hifish,user,Shuli Jiang,,False,,1,0,0,0,0,0,0,,2023-06-01T20:39:02.000Z,1786151022.4205124
11cvawnn,user,Quang Công Văn,,False,,5,0,0,0,0,0,0,,2025-06-09T15:27:26.000Z,1786151024.433745
11huzaifa,user,Mr. Huzaifa,,False,,1,0,0,0,0,0,0,,2025-08-18T13:42:33.000Z,1786151026.4196327
11aaee,user,abir triki,,False,,1,0,0,0,0,0,0,,2026-07-22T10:23:07.000Z,1786151028.4207985
11Johan11,user,Johan,,False,,16,0,0,0,0,0,0,,2022-08-12T15:57:01.000Z,1786151030.4215047
11luna,user,lg zzz,,False,,1,0,0,0,0,0,0,,2026-07-22T11:20:48.000Z,1786151032.4180028
11linear11,user,lin linear,,False,,1,0,0,0,0,0,0,,2025-10-02T15:53:47.000Z,1786151034.446892
11mish-01-moshface0,user,Tyler Griffith,,False,,1,0,0,0,0,0,0,,2023-04-19T21:50:15.000Z,1786151036.424257
11Aryan,user,Aryan Tyagi,,False,,2,0,0,0,0,0,0,,2024-07-14T07:45:28.000Z,1786151040.4225414
11mleo10,user,Tu Nguyen,,False,,1,0,0,0,0,0,0,,2023-07-03T09:16:10.000Z,1786151042.4332416
11667-EHR-Team,org,11667-EHR-Team,,,False,5,0,0,3,,,0,3,,1786151044.4214287
11Yash09,user,Shinde,,False,,1,0,0,0,0,0,0,,2024-12-18T17:23:07.000Z,1786151046.427843
11najs,user,Nurnajieha,,False,,1,0,0,0,0,0,0,,2024-08-09T15:00:05.000Z,1786151048.420974
11ol,user,nasr,,False,,1,0,0,0,0,1,0,,2025-05-23T22:22:07.000Z,1786151050.421833
116m,org,matrixyrrak,,,False,1,0,0,1,,,0,1,,1786151054.4209807
11sam11,user,SAM BABU,,False,,2,0,0,0,1,0,0,,2024-03-04T13:23:40.000Z,1786151056.423732
11kaze,user,Pawan Singh,,False,,2,0,0,0,0,0,0,,2025-08-28T04:55:31.000Z,1786151058.4239576
11syx,user,Yixin Shi,,False,,3,0,3,0,1,0,0,,2023-03-10T07:51:34.000Z,1786151060.4639318
11old,user,1,,False,,1,0,0,0,0,0,0,,2023-07-14T01:12:15.000Z,1786151062.4439044
11nightfox,user,11nightfox,,False,,2,0,0,0,0,0,0,,2026-01-30T16:51:06.000Z,1786151064.4229796
11michael11,user,Michael Spector,,False,,1,0,0,0,0,0,0,,2022-12-31T07:03:01.000Z,1786151066.422457
11hoo,user,Hooria Zainab,,False,,1,0,0,0,0,0,0,,2025-05-22T12:23:05.000Z,1786151068.422354
11zofqhk,user,iyfvv,,False,,1,0,0,0,0,0,0,,2023-02-11T05:56:22.000Z,1786151070.4274778
11thhokage,user,andrew robin,,False,,1,0,0,0,0,0,0,,2024-02-22T08:29:09.000Z,1786151072.4254928
120inblue,user,alicia,,False,,7,0,0,0,0,0,0,,2025-08-22T15:24:53.000Z,1786151076.4245064
11muhammad99,user,Muhammad Bin Rashad,,False,,1,0,3,0,1,0,0,,2026-01-24T19:15:10.000Z,1786151078.4281833
1212abc,user,yuan,,False,,1,0,0,0,0,0,0,,2026-04-10T10:33:08.000Z,1786151080.4231806
120CUPGPRODUCTIONS,user,120CUPGPRODUCTIONS,,False,,1,0,0,0,0,0,0,,2023-09-02T14:12:40.000Z,1786151082.4240038
11w12312,user,joey corsie,,False,,1,0,0,0,0,0,0,,2026-07-17T01:18:22.000Z,1786151084.428929
11mlabs,org,Indri Labs,,,False,3,0,1,14,,,0,4,,1786151086.4235253
1212k,user,Raketa RAKETA,,False,,2,0,0,0,0,0,0,,2026-02-08T15:18:31.000Z,1786151088.431961
1215skdus,user,NayeonKim,,False,,2,0,0,0,0,0,0,,2026-04-08T00:12:46.000Z,1786151090.4254599
12138wenbo,user,张文博,,False,,1,6,0,1,0,0,0,,2025-05-11T09:11:18.000Z,1786151092.4307547
120ft,org,120ft Factory AB,team,,True,5,10,0,6,,,0,4,,1786151094.467747
12138Lee,user,Shine,,False,,2,0,0,0,0,0,0,,2025-08-13T06:53:39.000Z,1786151096.426517
1212alina,user,Kaliuga,,False,,1,0,0,0,0,0,0,,2026-03-20T15:49:51.000Z,1786151098.4292436
11sefa11,user,Sefa,,False,,1,0,0,0,1,0,0,,2024-01-28T22:38:52.000Z,1786151100.433151
1223992693aa,user,黄健辉,,False,,1,0,0,0,1,0,0,,2023-05-16T17:56:44.000Z,1786151102.4264047
1207koo,user,Junseo Koo,,False,,1,0,0,0,0,0,0,,2022-11-12T14:46:47.000Z,1786151104.427358
12121A1,user,A,,False,,1,0,1,0,0,0,0,,2025-10-30T11:58:23.000Z,1786151106.4266462
1221wddww,user,Angel Baby,,False,,1,0,0,0,0,0,0,,2026-02-09T10:42:30.000Z,1786151108.4411926
122962rnd,user,Robert N Davis,,False,,1,0,0,0,0,0,0,,2023-07-10T16:31:11.000Z,1786151110.4284465
122-122,user,Naba Kishore Das,,False,,1,0,0,0,0,0,0,,2023-06-23T02:14:35.000Z,1786151112.4284682
121tester,user,tester the,,False,,22,12,30,0,0,49,0,,2025-08-02T10:14:23.000Z,1786151114.4297936
1215w,user,Sarahaa,,False,,3,3,0,0,0,0,0,,2025-12-23T08:03:35.000Z,1786151116.4278774
123123,user,123123,,False,,1,0,0,0,0,0,0,,2021-10-03T03:58:20.000Z,1786151118.4292498
1231231dasdadasd,user,maks,,False,,6,0,0,0,0,0,0,,2026-02-23T12:45:11.000Z,1786151120.428731
122bbz,user,122bbz,,False,,1,0,0,0,0,0,0,,2026-07-26T10:18:03.000Z,1786151122.453915
123-jay,user,Jay singh,,False,,1,0,0,0,0,0,0,,2026-05-06T11:26:36.000Z,1786151124.432165
123123aa123,user,Hong Jiang,,False,,1,4,1,3,4,2,0,,2024-10-24T05:30:57.000Z,1786151126.4274025
12312s,user,952686101,,False,,1,0,0,0,0,0,0,,2025-04-18T13:17:00.000Z,1786151128.4266462
1223a,user,ws,,False,,3,0,0,5,21,1,0,,2022-11-22T02:49:43.000Z,1786151130.43136
1231DAD127,user,1231DAD127,,False,,1,0,0,0,0,0,0,,2022-06-06T05:20:33.000Z,1786151132.427537
1226tmxpvksh,user,1226tmxpvksh,,False,,1,0,0,0,0,0,0,,2025-04-18T04:47:03.000Z,1786151134.4268823
12220038K,user,Kinchap Legden,,False,,4,1,3,0,0,0,0,,2025-04-03T12:30:26.000Z,1786151136.4299526
1232123DWDWDWD,user,123123,,False,,1,0,0,0,0,0,0,,2026-03-08T15:01:31.000Z,1786151138.4378934
123234re,user,shelock,,False,,1,0,0,0,0,0,0,,2026-02-08T11:19:38.000Z,1786151140.4392886
1231czx,user,dasqw,,False,,454,1002,0,8,4,1,0,,2024-06-06T18:48:07.000Z,1786151142.434303
1232cwj,user,cwj,,False,,1,5,0,0,0,0,0,,2025-04-28T12:18:47.000Z,1786151144.4407222
1232eee,user,eee,,False,,49,1,1,1,1,1,0,,2023-09-27T12:39:16.000Z,1786151146.4354234
123451asdwa,user,wadsdwar,,False,,1,0,0,0,0,0,0,,2026-03-24T14:07:26.000Z,1786151148.4296753
123456,user,Manuela Virielli ,,False,,1,0,0,0,0,0,0,,2021-12-24T14:36:52.000Z,1786151150.432484
1234567,user,1234567,,False,,1,0,0,0,0,0,0,,2021-12-13T02:42:12.000Z,1786151152.4268987
123-cao,user,曹鹏辉,,False,,1,0,0,0,0,0,0,,2026-03-16T06:18:33.000Z,1786151154.4286273
1234567890MMM,user,1234567890MMM,,False,,1,0,0,0,0,0,0,,2026-01-30T11:50:07.000Z,1786151156.5171387
12341353165t,user,134215265t,,False,,2,0,0,0,0,0,0,,2025-10-29T00:29:26.000Z,1786151158.4313781
123456789ASDFG,user,Oscar Qin,,False,,1,0,0,0,0,0,0,,2024-07-13T23:35:38.000Z,1786151160.4292204
12345678M,user,Terala Mayuri,,False,,1,0,0,0,0,0,0,,2023-11-06T13:47:42.000Z,1786151162.4280128
12313Max,user,Xianzhe Zhang,,False,,1,0,0,0,0,0,0,,2026-02-01T10:30:58.000Z,1786151164.4316018
123456abc123,user,123456abc,,False,,4,0,3,0,0,0,0,,2024-11-06T05:49:32.000Z,1786151166.431468
1231QQQ,user,QQQQQQQQQ,,False,,1,0,0,0,1,0,0,,2025-07-23T00:04:29.000Z,1786151168.4396846
1224user,user,mn,,False,,1,0,1,0,0,0,0,,2025-07-16T02:44:10.000Z,1786151170.4316251
123456cmd,user,Job,,False,,1,0,0,0,0,0,0,,2025-07-07T18:49:51.000Z,1786151172.4325793
123456zack,user,zyt,,False,,1,1,0,0,0,0,0,,2025-04-28T10:09:42.000Z,1786151174.4334278
1234567ujhygvfdsFBN35RRE,user,MAX,,False,,1,0,0,0,0,0,0,,2025-07-10T21:18:52.000Z,1786151176.4331753
12345deena,user,Deena,,False,,30,0,1,0,0,0,0,,2024-02-14T14:20:44.000Z,1786151178.4296563
12345An12345,user,Tol,,False,,1,0,0,0,0,0,0,,2024-12-27T17:42:50.000Z,1786151180.440971
1231234zhan,user,yy zhan,,False,,1,0,0,0,0,0,0,,2025-04-02T07:02:13.000Z,1786151182.4499702
1234567sm,user,mn,,False,,5,0,0,0,1,0,0,,2025-09-13T13:18:21.000Z,1786151184.4367933
12345qwertdfgh,user,paaji,,False,,2,0,0,0,0,0,0,,2024-10-15T15:41:38.000Z,1786151186.432523
1234567q,user,李铁,,False,,1,0,0,0,0,0,0,,2025-09-26T01:31:11.000Z,1786151188.4364884
12345hzy,user,ziyang,,False,,2,0,0,0,0,0,0,,2025-08-27T06:14:41.000Z,1786151190.4328566
1234amina,user,amina faisal,,False,,1,0,0,0,0,0,0,,2025-12-02T17:51:17.000Z,1786151192.4399252
123456ccc,user,兰那罗的萝卜,,False,,1,0,0,0,0,0,0,,2025-12-21T05:25:32.000Z,1786151194.4362836
123123aaaaa,user,123123aaaaa,,False,,1,0,0,0,0,0,0,,2025-10-28T23:59:41.000Z,1786151196.4349372
1234Frede,user,Frederik Skou,,False,,40,0,0,0,0,0,0,,2025-09-05T12:20:25.000Z,1786151198.4364877
1234aurel,user,vasilcov,,False,,6,0,1,4,11,4,0,,2024-11-19T08:57:53.000Z,1786151200.436414
1234asdfadw,user,asda,,False,,1,0,0,0,0,0,0,,2024-05-31T12:50:07.000Z,1786151202.4360757
12346f5e1e8aa,user,kawashima satoru,,False,,1,0,0,0,0,0,0,,2025-05-11T14:37:27.000Z,1786151204.433267
1234harsh,user,Harsh Singh,,False,,1,0,0,0,0,0,0,,2022-03-15T03:51:53.000Z,1786151206.4436328
1234kk,user,kkk,,False,,3,0,0,0,0,0,0,,2025-08-06T07:44:21.000Z,1786151208.4362679
12345jojozhou,user,Tom,,False,,4,2,0,0,0,0,0,,2025-09-14T15:50:42.000Z,1786151210.4309547
1234amy,user,zhong,,False,,1,0,0,0,0,0,0,,2025-04-10T05:29:14.000Z,1786151212.4386823
1234fghop,user,Вадим Орлов,,False,,1,0,0,0,0,0,0,,2025-01-12T13:19:53.000Z,1786151214.436262
1234saipradeep,user,Sai,,False,,1,0,0,0,0,0,0,,2025-02-06T12:00:54.000Z,1786151216.4340057
1234sana,user,sanaliaqat,,False,,1,0,1,0,0,0,0,,2026-04-25T11:16:35.000Z,1786151218.4372447
1234rrww,user,4223,,False,,2,0,0,0,0,0,0,,2025-11-01T12:22:39.000Z,1786151220.4347336
12345testing,user,rohit mishra,,False,,2,1,0,0,0,0,0,,2023-09-30T00:47:49.000Z,1786151222.4479237
1234ty,user,1234ty,,False,,3,0,15,0,4,1,0,,2025-07-28T04:12:52.000Z,1786151224.4354956
123543235d,user,valentino toledo,,False,,2,0,0,0,0,0,0,,2025-10-05T21:27:37.000Z,1786151226.4347405
1234na,user,bảo ngọc,,False,,1,0,1,0,0,0,0,,2026-05-06T15:01:50.000Z,1786151228.4491215
1234jmngm,user,f,,False,,1,0,0,0,0,0,0,,2023-06-25T11:06:55.000Z,1786151230.4338517
1236574jack,user,TR JD,,False,,1,0,0,0,0,0,0,,2026-05-23T14:03:50.000Z,1786151232.4330819
1234vlad,user,cos,,False,,4,0,0,11,3,0,0,,2026-01-22T19:34:00.000Z,1786151234.4384863
1234rtghgg,user,Chris Nguyen,,False,,2,0,0,1,0,2,0,,2023-01-17T01:14:16.000Z,1786151236.4359252
123Ankita,user,Ankita gaikwad,,False,,1,0,0,0,0,0,0,,2025-11-25T18:28:36.000Z,1786151238.435424
123Ashwani,user,Kumar,,False,,1,2,3,0,0,0,0,,2025-10-05T07:58:44.000Z,1786151240.4391553
12384-0ashntoi,user,asht,,False,,2,0,0,0,9,0,0,,2026-03-18T12:35:09.000Z,1786151242.436894
1236654ghh,user,Ferd,,False,,1,0,0,0,0,0,0,,2026-04-08T06:40:24.000Z,1786151244.4578216
123456njgl,user,stone,,False,,1,1,0,0,0,0,0,,2024-02-28T09:41:26.000Z,1786151246.4402697
123Fiza,user,Abbas,,False,,1,0,0,0,0,0,0,,2026-07-25T10:50:45.000Z,1786151248.438236
1234buzhidao56,user,1234buzhidao56,,False,,3,0,0,0,0,0,0,,2023-09-19T12:32:22.000Z,1786151250.4458344
123Gfg,user,GHGHGdd,,False,,3,0,0,1,3,0,0,,2023-11-26T16:16:03.000Z,1786151252.4876616
123Ginger321,user,Dagin Gregory,,False,,2,3,0,1,0,3,0,,2026-04-08T21:34:35.000Z,1786151254.4401343
123Harr,user,Haryanto Hidayat,,False,,3,1,0,2,2,0,0,,2024-12-09T06:54:36.000Z,1786151256.478364
123Divyansh,user,Divyansh Aggarwal ,,False,,3,1,1,0,0,0,0,,2024-05-03T05:36:59.000Z,1786151258.4379258
123Hardik,user,hardik singh,,False,,1,0,2,0,0,0,0,,2026-03-26T08:55:36.000Z,1786151260.4615157
123Kumar,user,Kumar,,False,,1,0,8,0,1,0,0,,2023-04-19T10:49:58.000Z,1786151262.4445355
123543o1,user,123543o1,,False,,8,0,0,0,0,0,0,,2025-12-02T11:35:36.000Z,1786151264.440675
123Nandini,user,Nandini Bag,,False,,1,0,0,0,0,0,0,,2026-02-25T18:26:40.000Z,1786151266.4414477
123JOYCE,user,ytembe,,False,,1,0,2,0,0,0,0,,2025-01-16T08:09:41.000Z,1786151268.4413254
123543o,user,123543o,,False,,10,0,0,1,0,5,0,,2025-11-01T12:59:10.000Z,1786151270.4453049
123HIKI,user,gzz,,False,,1,0,0,0,2,0,0,,2026-05-19T16:44:33.000Z,1786151272.4395983
123Rohan123,user,Rohan Hatami,,False,,1,0,0,0,0,0,0,,2025-08-12T15:12:13.000Z,1786151274.4394648
123Temp123,user,Nenhum,,False,,1,0,0,0,0,0,0,,2025-01-06T01:36:30.000Z,1786151278.4948907
123abcccc,user,123,,False,,2,0,0,0,2,0,0,,2023-04-06T05:43:35.000Z,1786151280.4384549
123abhiALFLKFO,user,Abhijit Panda,,False,,4,0,0,0,1,0,0,,2021-08-04T11:46:52.000Z,1786151282.4436252
123Tapwater,user,Chanaka PErera,,False,,2,2,0,0,0,0,0,,2022-12-30T03:18:18.000Z,1786151284.4418502
123addfg,user,354hfgh,,False,,1,0,0,0,0,0,0,,2022-01-02T16:16:52.000Z,1786151286.5840702
123Nimeshbalasooriya,user,Nimesh Balasooriya,,False,,1,0,3,0,0,0,0,,2025-04-08T07:31:47.000Z,1786151288.4400175
123adfgagasfgasdf,user,a,,False,,1,0,0,0,0,0,0,,2025-01-09T09:21:32.000Z,1786151290.4398043
123ahmed,user,Ahmed Alaa,,False,,1,0,25,0,0,0,0,,2023-12-30T20:11:05.000Z,1786151292.4418652
123aloo123,user,deceleratedmind69,,False,,2,0,0,1,0,0,0,,2026-04-08T11:06:44.000Z,1786151294.4405518
123Oleg,user,Polezhaew Oleg,,False,,1,0,0,0,0,0,0,,2023-09-22T05:34:39.000Z,1786151296.4408972
123aadsaax,user,2,,False,,2,0,1,0,0,1,0,,2023-02-15T22:58:21.000Z,1786151298.4432614
123blablabla,user,Dmitry,,False,,1,0,0,0,0,0,0,,2022-06-16T05:52:54.000Z,1786151300.4421513
123cccc,user,chii,,False,,1,1,1,0,0,0,0,,2025-11-15T17:58:54.000Z,1786151302.4411445
123chungchung,user,Gordon,,False,,1,0,0,0,0,0,0,,2025-01-28T06:21:13.000Z,1786151304.4450178
123addy,user,Aditya,,False,,1,0,0,1,0,0,0,,2022-11-06T06:29:16.000Z,1786151306.4409308
123crypto4,user,wsdasday,,False,,1,0,0,0,0,0,0,,2025-04-24T03:05:37.000Z,1786151308.4419103
123aavv,org,1,,,False,1,0,0,1,,,0,1,,1786151310.4405181
123dreamsrepo,user,mbr,,False,,1,1,0,0,1,0,0,,2023-08-08T18:55:13.000Z,1786151312.44423
123acbd,user,456efg,,False,,1,0,0,0,0,0,0,,2024-05-31T02:43:09.000Z,1786151314.4430304
123Dashrath,user,Dashrath Suresh Bogati,,False,,6,0,27,0,0,1,0,,2025-09-05T09:17:23.000Z,1786151316.4414887
123farah,user,farah abozaid,,False,,1,0,0,0,0,0,0,,2026-07-01T12:19:44.000Z,1786151318.4424515
123dsZs,user,srwq,,False,,4,0,0,0,0,0,0,,2024-04-17T21:51:11.000Z,1786151320.7117198
123feker,user,fe fwe,,False,,1,0,0,0,0,0,0,,2025-09-18T20:11:05.000Z,1786151322.479847
123gabrielperafan123,user,Gabriel Perafan,,False,,1,0,0,0,0,0,0,,2026-04-20T16:20:39.000Z,1786151324.4474647
123bbettcom,user,123Bbett Com,,False,,1,0,0,0,0,0,0,,2025-01-12T11:45:51.000Z,1786151326.4475942
123fairuz,user,Fairuz Shadmani Shishir,,False,,1,0,0,0,0,0,0,,2026-05-31T23:34:38.000Z,1786151328.4439104
123greeshu,user,Greeshma k mani,,False,,1,0,0,0,0,0,0,,2023-09-30T08:51:19.000Z,1786151330.443714
1234suresh,user,Suresh Barik,,False,,1,0,0,0,0,0,0,,2026-01-16T10:20:54.000Z,1786151332.5082529
123fulaaron,user,Ful Aaaron,,False,,2,0,0,0,0,0,0,,2025-11-20T11:34:29.000Z,1786151334.448034
123aslan,user,Özcan Türkaslan,,False,,1,0,0,0,0,0,0,,2025-02-16T18:53:24.000Z,1786151336.4440212
123cpb,user,Charles Parton-Barr,,False,,1,0,0,0,0,0,0,,2025-12-15T14:07:49.000Z,1786151338.4473052
123henry,user,henry,,False,,1,0,0,0,0,0,0,,2026-06-30T04:28:25.000Z,1786151340.4433336
123icpe,user,Phill Blanke,,True,,3,1,0,0,0,0,0,,2026-03-08T17:19:57.000Z,1786151342.4467785
123gnl,user,gonul sabah,,False,,1,0,1,0,0,0,0,,2025-04-13T14:41:29.000Z,1786151344.4423287
123jones,user,davidjones,,False,,1,0,0,0,0,0,0,,2025-04-21T03:27:08.000Z,1786151346.4470701
123kk321,user,123kk321,,False,,1,0,0,0,0,0,0,,2024-12-12T07:18:25.000Z,1786151348.4446642
123lanhua,user,hua,,False,,1,0,0,0,0,0,0,,2026-07-01T23:37:32.000Z,1786151350.4479585
123letsgo,org,Better world,,,False,1,0,0,1,,,0,1,,1786151354.4401722
123diplo,user,ruud,,False,,2,0,1,1,1,0,0,,2024-05-31T00:22:47.000Z,1786151356.4439216
123kms,user,321,,False,,1,0,0,0,0,0,0,,2022-10-17T20:18:57.000Z,1786151358.448491
123luc123luc123,user,jo blo,,False,,1,0,0,0,0,0,0,,2023-06-15T03:33:11.000Z,1786151360.4450247
123huraira,user,Muh Hur,,False,,1,0,0,0,0,0,0,,2025-08-08T11:07:08.000Z,1786151362.4461935
123hode,user,Dean Mahori,,False,,2,0,0,0,0,0,0,,2026-07-24T19:20:59.000Z,1786151364.5069435
123jorGE,user,JORGE LUIS MENDES LEITE,,False,,1,0,0,0,0,0,0,,2025-06-26T02:10:14.000Z,1786151366.4445205
123qweqwdsa,user,kostiantyn,,False,,1,0,0,0,0,0,0,,2026-07-03T08:52:45.000Z,1786151368.4463491
123pyLeo,user,Lin tao,,False,,1,0,0,0,0,0,0,,2023-10-15T12:17:10.000Z,1786151370.4691894
123rasheeda,user,Rasheeda Beevi M,,False,,1,0,2,0,0,0,0,,2025-07-09T14:38:52.000Z,1786151372.4488463
123qwe789,user,Сергей,,False,,2,0,0,0,0,0,0,,2024-12-14T10:45:08.000Z,1786151374.4464464
123q01231,user,jp,,False,,1,0,0,0,1,0,0,,2024-03-27T08:52:59.000Z,1786151376.4633296
123oliveira4,user,Sydney Wood Workers,,False,,2,0,0,0,0,0,0,,2025-05-01T04:18:43.000Z,1786151378.500035
123rwg4,user,Marko Steševic,,False,,1,0,0,0,0,0,0,,2024-08-28T16:22:42.000Z,1786151380.4481723
123sameer456,user,Sameer Khan,,False,,4,0,0,0,0,0,0,,2024-09-30T06:15:24.000Z,1786151382.4500337
123santosh,user,Santosh Kumar,,False,,1,0,0,0,1,0,0,,2024-09-02T11:27:59.000Z,1786151384.4515235
123sarang,user,Sarang,,False,,1,0,0,0,0,0,0,,2025-02-13T05:32:29.000Z,1786151386.4891307
123ruoshui123,user,shui,,False,,1,0,0,0,0,0,0,,2025-08-22T03:32:36.000Z,1786151388.4716141
123rtjjt,user,234,,False,,1,0,0,0,0,0,0,,2023-07-13T08:42:38.000Z,1786151390.4478512
123sober,user,yyz,,False,,1,0,0,0,0,0,0,,2025-05-06T01:28:29.000Z,1786151392.448656
123some,user,something,,False,,4,0,0,0,0,1,0,,2025-05-11T03:42:07.000Z,1786151394.446157
123tarunanand,user,Tarun Anand,,False,,2,0,0,0,0,0,0,,2022-04-27T16:56:08.000Z,1786151396.4468806
123tbone321,user,Trevor Peck,,False,,1,0,0,0,0,0,0,,2024-01-06T22:20:59.000Z,1786151398.454931
123junghan123,user,junghan,,False,,1,0,0,0,0,0,0,,2025-06-25T15:53:35.000Z,1786151400.450606
123lxb,user,Lxb,,False,,1,0,0,0,0,0,0,,2025-03-08T14:56:30.000Z,1786151402.4475372
123toto,user,to,,False,,1,0,0,0,0,0,0,,2023-07-07T16:34:15.000Z,1786151404.448867
123tgtyhh,user,Goodma,,False,,12,0,0,0,0,0,0,,2023-01-26T12:23:22.000Z,1786151406.468738
123vijju,user,Vijaya Lakshmi Vegu,,False,,1,0,2,0,0,0,0,,2025-06-28T05:20:38.000Z,1786151408.4493706
123wd,user,123,,False,,1,0,2,0,0,0,0,,2023-12-16T21:38:36.000Z,1786151410.4481401
123www,user,SAGS,,False,,1,0,0,0,1,2,0,,2022-01-10T05:30:23.000Z,1786151412.4530725
123rf-data,org,123rf Data & AI,,,False,1,0,0,2,,,0,2,,1786151416.45219
123yaroslav,user,Yaroslav Rogoza,,False,,2,0,0,0,0,0,0,,2024-04-29T16:35:15.000Z,1786151418.4579294
123yassin,user,Yassin hesham essa,,False,,1,0,2,0,0,0,0,,2025-07-10T16:46:59.000Z,1786151420.4495287
123zdm,user,zzz,,False,,1,3,0,0,0,0,0,,2025-02-22T11:34:13.000Z,1786151422.4473493
123zzzentorno,user,Roma,,False,,3,0,0,0,0,0,0,,2025-10-08T21:41:45.000Z,1786151424.4492588
1241-bmvc-anon,user,1241-bmvc-anon,,False,,6,0,0,0,0,0,0,,2025-12-17T06:28:00.000Z,1786151426.4537168
123venky,user,venky123,,False,,1,0,0,0,0,0,0,,2024-08-24T16:08:02.000Z,1786151428.4485865
1244lu,user,lu,,False,,3,0,0,0,0,0,0,,2025-10-24T01:36:06.000Z,1786151430.4487932
1245erty,user,Tedd Redfy,,False,,2,0,0,0,0,0,0,,2025-04-20T12:19:22.000Z,1786151432.4533901
1243asdad,user,z,,False,,1,0,0,0,0,0,0,,2025-05-17T04:31:14.000Z,1786151434.4484172
1254Ss4521,user,Said,,False,,1,0,0,0,0,0,0,,2026-06-12T04:13:24.000Z,1786151436.4525547
124Amine,user,Laredj mohamed amne,,False,,1,0,0,0,0,0,0,,2025-08-15T21:51:42.000Z,1786151438.4517708
123karma,user,Karma Gurung,,False,,1,0,0,0,0,0,0,,2024-09-05T22:11:11.000Z,1786151440.4562192
123sad2,user,dankisu,,False,,11,0,0,0,0,0,0,,2026-02-01T20:53:27.000Z,1786151442.455113
1283D,user,aSas,,False,,1,0,0,0,0,0,0,,2023-07-12T04:34:09.000Z,1786151444.451274
1289dfaj,user,sushanshan,,False,,1,0,0,0,0,0,0,,2026-02-27T07:53:36.000Z,1786151446.4578087
128beat,user,zy,,False,,1,0,0,0,0,0,0,,2023-06-10T17:45:47.000Z,1786151448.4531796
128midoli,user,Daki el mehdi,,False,,1,0,0,0,0,0,0,,2025-12-18T15:28:18.000Z,1786151450.453589
1265cv1,user,wang,,False,,1,0,3,0,1,0,0,,2024-08-16T05:34:22.000Z,1786151452.452763
12944qwerty,user,king fish,,False,,1,0,0,0,0,0,0,,2023-02-21T14:54:11.000Z,1786151454.4522996
123studybasis,user,Study Basis,,False,,1,0,0,0,0,0,0,,2024-10-25T00:23:24.000Z,1786151456.4624503
129873jk,user,chenchen,,False,,5,0,1,0,0,0,0,,2026-06-20T08:16:29.000Z,1786151458.4532645
12AS34QW,user,Ni,,False,,1,0,0,0,0,0,0,,2026-04-26T17:18:21.000Z,1786151460.4748244
1297rohit,user,Rohit Thakur,,False,,1,0,0,0,0,0,0,,2023-07-13T13:26:50.000Z,1786151462.453593
12Arslan,user,Kamil,,False,,1,0,0,0,0,0,0,,2023-12-06T14:40:28.000Z,1786151464.4505026
12Arthur9163,user,Arthur Barinov,,False,,1,0,0,0,0,0,0,,2026-06-05T13:31:25.000Z,1786151466.543442
12Bossman,user,Boss man,,False,,1,0,0,0,0,0,0,,2025-02-11T04:48:05.000Z,1786151468.4569526
123shark,user,Mark Reclik,,False,,1,10,0,0,0,0,0,,2025-12-20T10:31:43.000Z,1786151470.4560077
123vini45,user,vinicius souza magalhaes,,False,,2,0,0,0,0,0,0,,2025-03-14T22:23:56.000Z,1786151472.457906
12E1EASFS,user,GF23WFGF,,False,,50,49,0,0,0,0,0,,2025-12-30T05:52:32.000Z,1786151474.456648
12E1EWD,user,WFWFG2F,,False,,46,47,0,0,0,0,0,,2025-12-30T08:01:27.000Z,1786151476.4571269
1260337859corrie,user,Yan Gao,,False,,4,0,0,0,0,0,0,,2024-12-12T02:25:51.000Z,1786151478.4566417
12ERD1Q,user,2F2F2F,,False,,45,45,0,0,0,0,0,,2025-12-30T14:05:27.000Z,1786151480.4548995
12DAFSDG,user,GFD2DFAS,,False,,51,51,0,0,0,0,0,,2025-12-28T08:30:44.000Z,1786151482.4541895
12Midnight12,user,Jose,,False,,15,0,0,0,0,0,0,,2025-08-07T23:02:08.000Z,1786151484.454673
123xiaoju,user,wang,,False,,1,0,0,0,0,0,0,,2025-05-04T18:24:18.000Z,1786151486.4527771
12Anton12,user,Petrov,,False,,1,0,0,0,0,0,0,,2024-11-01T08:06:01.000Z,1786151488.4540565
12Sanju21,user,Himansh Varma,,False,,5,1,0,0,0,0,0,,2024-11-10T12:07:33.000Z,1786151490.510059
127-0-13-37,user,IPv4,,False,,3,0,0,0,0,0,0,,2023-04-21T23:21:54.000Z,1786151492.464871
12RD12DA,user,FSFDG,,False,,52,51,0,0,0,0,0,,2025-12-28T07:20:00.000Z,1786151494.4568975
12Manman12,user,Emmanuel Timbal,,False,,1,1,5,0,0,0,0,,2023-09-20T02:11:37.000Z,1786151496.4562626
12Z5f00SLR,user,cKFOU7yd71,,False,,1,0,0,0,0,0,0,,2025-06-06T05:03:00.000Z,1786151498.4707391
12aaaaas,user,zai xin,,False,,2,0,0,0,0,0,0,,2026-05-29T18:00:34.000Z,1786151500.455698
12Victor12,user,Víctor Alfonso Gallego Yandi,,False,,1,0,0,0,0,0,0,,2024-06-01T01:39:25.000Z,1786151502.4532678
12abc4,user,陈祺晟,,False,,2,0,0,0,0,0,0,,2025-05-14T13:28:41.000Z,1786151504.4649088
12Riya,user,Riya Kava,,False,,2,0,0,0,0,0,0,,2025-02-20T10:02:14.000Z,1786151506.4549892
12amkh,user,Ahmad Majid Alkhawaldeh,,False,,2,0,5,0,1,0,0,,2025-01-06T15:05:37.000Z,1786151508.4565666
12bitmisfit,user,Chris,,False,,10,0,0,20,0,2,0,,2023-03-26T23:49:22.000Z,1786151510.4630325
129developer,user,mukil Manohar,,False,,7,0,0,0,0,0,0,,2024-10-19T20:13:40.000Z,1786151512.4574685
12codemonkey,user,D Pradhan,,False,,1,0,0,0,0,0,0,,2025-04-05T09:18:18.000Z,1786151514.4555194
12ahmad,user,ahmad,,False,,1,0,3,0,0,0,0,,2026-03-02T07:56:16.000Z,1786151516.455079
12e21,user,BotRunner,,False,,3,6,0,1,4,1,0,,2024-03-13T11:43:08.000Z,1786151518.4586105
12ede,user,BioTech Expert,,False,,1,0,1,0,0,0,0,,2026-07-03T14:14:29.000Z,1786151520.4576814
12EQDA,user,WFFW2RT23,,False,,45,45,0,0,0,0,0,,2025-12-30T14:03:49.000Z,1786151522.4616034
12aafreen,user,aafreen mabin,,False,,1,0,1,0,0,0,0,,2025-09-13T14:59:03.000Z,1786151524.4605966
12end,user,12end,,False,,3,1,1,0,0,0,0,,2024-09-01T09:37:54.000Z,1786151526.459423
12Hope,user,Kevin,,False,,1,0,0,0,0,0,0,,2024-11-01T08:27:06.000Z,1786151528.457942
12ezfxf,user,Ojas,,False,,1,0,0,0,0,0,0,,2024-07-10T15:21:52.000Z,1786151530.459071
12angel21tfg,user,Angel Barroso,,False,,3,0,1,0,0,0,0,,2025-01-22T11:32:54.000Z,1786151532.4651842
12herry,user,Herry,,False,,3,0,0,0,0,0,0,,2025-11-09T14:18:45.000Z,1786151534.4555802
12dqaadasdasd,user,Vladiksapri,,False,,2,0,4,0,0,1,0,,2025-06-12T14:25:14.000Z,1786151536.459179
12bdjisje,user,23,,False,,1,0,0,0,0,0,0,,2023-05-16T09:27:44.000Z,1786151538.4713466
12cn,user,1,,False,,1,0,0,0,0,0,0,,2026-04-15T11:16:21.000Z,1786151540.461327
12eqsad,user,we1edsafa,,False,,1,0,0,0,0,0,0,,2025-04-07T14:06:39.000Z,1786151542.457587
12jiezhang,user,jiezhang,,False,,1,0,0,0,0,0,0,,2026-05-30T13:44:53.000Z,1786151544.459937
12explorer12,user,12astro,,False,,2,0,0,0,3,0,0,,2023-12-07T14:14:44.000Z,1786151546.5021648
12kaz,user,12kaz,,False,,1,0,0,2,0,0,0,,2022-08-23T09:54:40.000Z,1786151548.460835
12gsdf,user,sdfgs,,False,,1,0,0,0,0,0,0,,2025-05-15T08:34:40.000Z,1786151550.4604678
12jiuy,user,Lin Zhu,,False,,1,0,0,0,0,0,0,,2024-02-24T23:26:15.000Z,1786151552.458358
12lomaz,user,rgbkl,,False,,1,0,0,0,0,0,0,,2025-01-12T16:52:46.000Z,1786151554.4623592
12efewv,user,goyda,,False,,1,0,0,0,0,0,0,,2025-07-09T16:59:32.000Z,1786151556.4625309
12mrch2023,user,Dolzhenko,,False,,1,0,0,0,0,0,0,,2026-07-01T11:16:07.000Z,1786151558.4572022
12nicholas34,user,Okletey Nicholas,,False,,1,0,0,0,0,0,0,,2026-04-04T02:16:41.000Z,1786151560.5072694
12ongo,user,Daniel Rongo,,True,,2,0,5,0,0,0,0,,2025-02-02T02:49:23.000Z,1786151562.4602177
12opp12,user,12opp12,,False,,1,0,0,0,0,0,0,,2025-08-20T11:23:36.000Z,1786151564.4600708
12pouya313,user,pouya,,False,,1,0,0,0,0,0,0,,2025-01-06T15:18:57.000Z,1786151566.4605742
12q3s,user,L augh,,False,,5,0,0,0,0,0,0,,2025-03-01T14:57:45.000Z,1786151568.4625833
12lgn,user,Thomas,,False,,8,0,1,0,7,0,0,,2024-01-19T14:37:37.000Z,1786151570.4650645
12rehdsa,user,Rehan,,False,,1,0,0,0,0,0,0,,2025-01-22T13:44:18.000Z,1786151572.4599981
12roisk,user,12roisk,,False,,1,0,0,0,0,0,0,,2025-05-27T02:58:09.000Z,1786151574.4580324
12js12,user,张珈硕,,False,,2,0,0,0,0,0,0,,2025-03-10T09:06:44.000Z,1786151576.477327
12sciencejnv,user,Science JNV,,False,,2,0,0,0,0,0,0,,2024-12-07T15:52:48.000Z,1786151578.4671392
12sebas,user,37,,False,,1,1,1,0,0,0,0,,2024-09-18T20:06:21.000Z,1786151580.4607084
12sfgsf,user,fgjfbdf,,False,,1,0,0,0,0,0,0,,2025-05-14T08:47:48.000Z,1786151582.465601
12ssaaii,user,Saiprasad shinde,,False,,1,0,0,0,0,0,0,,2024-09-20T20:01:56.000Z,1786151584.4698343
12repsclub,user,12repsclub,,False,,1,0,1,0,0,0,0,,2024-11-20T00:58:39.000Z,1786151586.4748793
12horses,user,Oleg Kobylianskyi,,False,,1,0,0,0,0,0,0,,2025-04-07T14:15:05.000Z,1786151588.469989
12thTheman,user,Cole Fekete,,False,,1,0,0,0,2,0,0,,2024-04-07T03:58:26.000Z,1786151590.4614925
12thilina,user,Thilina Jayasinghe,,False,,1,1,1,0,1,0,0,,2024-09-25T15:47:02.000Z,1786151592.4594595
12iieao,user,ii ye,,False,,1,0,0,0,0,0,0,,2025-09-26T04:02:02.000Z,1786151594.4633403
12tusH,user,Tushar chakole,,False,,1,0,0,0,0,1,0,,2025-03-02T06:07:04.000Z,1786151596.4700649
12v12v,user,Harry,,False,,1,2,0,0,0,0,0,,2025-01-29T11:13:17.000Z,1786151598.4625137
12wqhh,user,Ahmed husein,,False,,1,0,10,2,0,1,0,,2025-01-15T08:33:51.000Z,1786151600.4656615
12thD,user,YHKim,,False,,21,0,0,0,0,1,0,,2024-03-25T02:28:46.000Z,1786151602.4683795
12kimih,user,Ik-hwan Kim,,False,,1,5,0,0,0,0,0,,2023-07-26T13:22:08.000Z,1786151604.4635308
12victorgm12,user,VICTOR SOUZA GUIMARAES,,False,,1,0,0,0,0,0,0,,2026-01-09T12:27:32.000Z,1786151606.4666762
12yuens2,user,Sizhe Yuen,,False,,1,0,0,0,0,0,0,,2024-02-10T17:59:14.000Z,1786151608.4971275
12ss33,user,ww,,False,,10,0,0,0,0,0,0,,2025-12-30T08:48:31.000Z,1786151610.470342
1310VV,user,ALex,,False,,1,0,0,0,0,0,0,,2025-04-28T23:11:16.000Z,1786151612.4616203
12unique,user,Ananya Agrawal,,False,,1,0,0,0,0,0,0,,2024-06-25T06:56:55.000Z,1786151614.4694188
13-4,user,13-4,,False,,2,0,0,0,0,0,0,,2024-04-11T17:07:30.000Z,1786151616.4621696
12madhu34,user,Sai Madhu,,False,,3,0,2,0,0,0,0,,2025-01-30T08:02:44.000Z,1786151618.4669666
13048909972,user,cheng yuanquan,,False,,4,0,0,0,0,0,0,,2021-11-30T07:29:15.000Z,1786151620.510473
1314124iouj,user,Richard,,False,,1,0,0,0,0,0,0,,2024-09-16T17:04:28.000Z,1786151622.470692
131wdqd1231dqw,user,qweqdqwdqwd,,False,,1,1,1,0,1,0,0,,2025-04-12T12:10:12.000Z,1786151624.4711385
13132JJ,user,13132JJ,,False,,1,0,0,0,0,0,0,,2023-02-23T04:45:33.000Z,1786151626.4695892
1324562sds,user,asdsad,,False,,1,0,0,0,0,0,0,,2023-07-14T14:57:09.000Z,1786151628.4672608
1312Alexander24,user,Ivan B,,False,,1,0,0,0,0,0,0,,2026-03-14T17:57:59.000Z,1786151630.465187
1311Vijay,user,Kant,,False,,1,0,0,0,0,0,0,,2024-01-04T08:03:01.000Z,1786151632.4656472
13360roro,user,Nguyen,,False,,1,0,0,0,0,0,0,,2025-11-05T12:50:03.000Z,1786151634.4816732
13306330378,user,孙明志,,False,,1,0,0,0,0,0,0,,2021-11-14T08:08:35.000Z,1786151636.5089748
1313nrv,user,Lucas,,False,,1,0,0,0,0,0,0,,2026-07-13T23:45:55.000Z,1786151638.465574
12ill,user,Bill Hensen,,False,,1,0,0,0,0,0,0,,2025-03-29T02:47:52.000Z,1786151640.4685202
1337Hero,user,Mike Key,,False,,5,0,0,1,33,0,0,,2025-11-08T03:26:36.000Z,1786151642.4688454
1312354o,user,Zhiyuan Wang,,False,,1,1,0,0,0,0,0,,2024-10-10T14:54:07.000Z,1786151644.469557
1337hax0r,user,Nunya,,False,,1,0,0,0,0,0,0,,2024-11-20T19:10:33.000Z,1786151646.5823731
1337user,user,Name,,False,,1,0,0,0,40,0,0,,2023-05-26T17:23:02.000Z,1786151648.4724007
132ragini,user,Ragini,,False,,1,0,1,0,0,0,0,,2026-04-25T12:37:43.000Z,1786151650.4694428
1337xyz1337xyz,user,1337 xyz,,False,,1,17,0,1,1,0,0,,2024-09-23T13:43:05.000Z,1786151652.4674785
134182AIxuexi,user, MA,,False,,1,0,0,0,0,0,0,,2022-08-02T08:26:44.000Z,1786151654.4687982
135579lxl,user,wqewqsd,,False,,1,0,0,0,0,0,0,,2026-04-08T06:33:54.000Z,1786151656.4800484
135790ESERESERESEr,user,135790ESERESERESEr,,False,,1,0,0,0,0,0,0,,2022-11-10T14:13:21.000Z,1786151658.470277
1337Nerd,user,Josh Stock,,False,,1,0,0,0,0,0,0,,2024-02-14T03:27:30.000Z,1786151660.4885323
12xyzzz,user,Xuanya Zhu,,False,,1,0,0,0,0,0,0,,2026-07-19T16:16:32.000Z,1786151662.4671497
135hdh123,user,hdhd,,False,,2,0,0,0,0,0,0,,2025-12-10T15:17:38.000Z,1786151664.472904
1337bugz,user,ahmad muhammad,,False,,1,0,0,0,0,0,0,,2025-01-25T00:05:21.000Z,1786151666.539542
1337ai,user,AntO,,False,,1,0,1,2,20,0,0,,2023-02-12T13:37:45.000Z,1786151668.4716346
132262b,user,igor,,False,,1,0,0,0,0,0,0,,2023-05-18T13:24:58.000Z,1786151670.4710443
1367ali,user,Ali,,False,,1,0,0,0,0,0,0,,2025-01-21T16:12:26.000Z,1786151672.4692647
136098Sa,user,saeid rezaei,,False,,1,0,0,0,0,0,0,,2025-03-08T01:27:22.000Z,1786151674.4684496
13824836546aA,user,何先生,,False,,1,0,0,0,0,0,0,,2023-07-18T18:28:09.000Z,1786151676.4671593
1391402A,user,Joseph Lee,,False,,1,0,0,0,0,0,0,,2026-01-04T08:49:22.000Z,1786151678.470149
1337w0rm,user,Aditya,,False,,1,0,1,0,0,0,0,,2024-08-20T07:17:30.000Z,1786151680.468421
13Berlusconi,user,Silvuskonl Berlus,,False,,1,0,0,0,0,0,0,,2024-09-22T17:31:40.000Z,1786151682.4710293
136rus,user,Yuri,,False,,1,0,0,0,0,0,0,,2025-12-07T19:16:10.000Z,1786151684.4706554
137N,user,Emin Acar,,False,,3,3,0,0,0,0,0,,2024-09-02T08:40:07.000Z,1786151686.465476
1366Aram,user,Esmaill ,,False,,1,0,0,0,0,0,0,,2024-07-24T17:48:28.000Z,1786151688.4850638
1358Adrian,user,Adrian,,False,,2,0,0,1,8,0,0,,2023-04-15T02:31:30.000Z,1786151690.469425
13U98m9Wuk,user,ebuGKlYLTX,,False,,1,0,0,0,0,0,0,,2025-06-07T04:17:51.000Z,1786151692.468785
13andrew342,user,Chebotarev,,False,,1,0,0,0,0,0,0,,2025-08-19T08:24:11.000Z,1786151694.4691548
13Gelson,user,do Souto,,False,,1,0,0,1,0,0,0,,2025-09-14T12:58:40.000Z,1786151696.4728792
13ari,user,Arijit Maji,,False,,11,2,0,0,2,2,2,,2024-08-10T08:30:10.000Z,1786151698.4733522
13716782929y,user,YAO YIYANG,,False,,1,0,0,0,0,0,0,,2024-12-05T01:54:04.000Z,1786151700.4749954
1337goose,user,Swap,,False,,3,0,0,0,0,0,0,,2026-03-08T12:53:06.000Z,1786151702.4706998
13cwcyrus,user,Cyrus WONG,,False,,3,0,0,0,0,0,0,,2023-06-11T18:03:17.000Z,1786151704.4729924
13desb,user,Leo,,False,,1,1,0,0,0,0,0,,2026-01-12T20:55:43.000Z,1786151706.4733613
13aditi,user,Aditi Singh,,False,,1,0,2,0,1,0,0,,2025-04-03T13:09:21.000Z,1786151708.613614
13group13,user,Qianxun Li,,False,,2,0,0,0,0,1,0,,2025-11-11T10:56:11.000Z,1786151710.4765992
13bluecity,user,burak,,False,,4,2,5,0,0,0,0,,2023-07-27T16:00:33.000Z,1786151712.4954555
13budgam,user,Usman,,False,,2,0,0,0,0,0,0,,2025-10-16T09:16:49.000Z,1786151714.470775
13MASD,user,XDCAS,,False,,3,0,0,0,0,0,0,,2025-08-28T14:56:52.000Z,1786151716.4703708
13february,user,Svetlana,,False,,2,0,0,0,10,0,0,,2023-05-29T21:02:30.000Z,1786151718.5243766
13ivan990,user,13ivan990@gmail.com,,False,,1,1,4,0,5,0,0,,2024-12-11T12:46:54.000Z,1786151720.4739976
13en5,user,Ben Sanders,,False,,3,0,0,0,0,0,0,,2026-01-07T10:25:51.000Z,1786151722.478373
13ilguun,user,Bilguun Tegshbayar,,False,,2,2,1,0,0,0,0,,2024-06-19T08:57:22.000Z,1786151724.4715598
13himanshu,user,Himanshu Chaurasiya,,False,,1,0,0,0,0,0,0,,2026-04-02T07:32:49.000Z,1786151726.4717867
13luoyu,user,Zhiyi Xue,,False,,2,0,0,0,0,0,0,,2023-06-16T02:25:06.000Z,1786151728.5386326
13kisses,user,d,,False,,1,0,0,0,0,0,0,,2024-11-24T17:11:32.000Z,1786151730.4717402
13Aluminium,user,Luhar Ayush,,False,,5,3,9,4,9,6,0,,2024-09-30T07:56:18.000Z,1786151732.4732752
13lanko,user,Hau Zhang,,False,,1,0,1,0,1,0,0,,2026-04-05T18:25:15.000Z,1786151734.4736264
13link,user,Anderson rivas,,False,,1,0,0,0,0,0,0,,2024-12-24T21:49:35.000Z,1786151736.5100782
13on,user,Phan Trung Hòa,,False,,2,0,0,0,0,0,0,,2022-02-17T15:57:57.000Z,1786151738.4756315
13point5,user,Sriraam,,False,,7,17,0,0,1,0,0,,2022-04-13T14:32:13.000Z,1786151740.478195
13onn,user,Phan Trung Hòa,,False,,1,0,0,0,0,0,0,,2022-02-23T14:42:02.000Z,1786151742.4740226
13rad,user,Brad Pearce,,False,,1,0,0,0,0,0,0,,2024-08-20T12:13:04.000Z,1786151744.474613
13kevinism,user,Kevin,,False,,1,0,0,0,3,0,0,,2023-08-18T07:11:55.000Z,1786151746.474853
13nishit,user,Nishit Kashyap ,,False,,1,1,4,0,0,0,0,,2023-04-21T06:26:10.000Z,1786151748.4839568
13hannes11,user,Hannes Fredrik Kuchelmeister,,False,,1,0,0,0,1,0,0,,2022-03-08T13:21:50.000Z,1786151750.4884834
13ri,user,zhang yang,,False,,1,0,0,0,0,0,0,,2023-12-21T12:00:49.000Z,1786151752.4700124
13onnn,user,Phan Trung Hòa,,False,,1,0,0,0,0,0,0,,2022-02-17T15:04:27.000Z,1786151754.4900167
13we,user,WEVERSON DE OLIVEIRA BARROS,,False,,1,0,0,0,0,0,0,,2025-08-20T17:40:40.000Z,1786151756.47497
13project,user,13project team,,False,,2,0,0,0,0,0,0,,2025-06-11T16:47:24.000Z,1786151758.4751458
141ESA,user,FWFWAS,,False,,52,54,0,0,0,0,0,,2025-12-28T12:43:09.000Z,1786151760.5152252
13rakon,user,Alam,,False,,1,0,0,0,1,0,0,,2024-09-15T10:02:36.000Z,1786151762.4796436
141-Dani,user,Даниел Савидж,,False,,1,0,0,0,0,0,0,,2026-07-23T11:47:04.000Z,1786151764.4814625
1420educacion,user,CAROLINA ANTONIA SAMANIEGO,,False,,1,0,0,0,0,0,0,,2025-08-28T02:38:06.000Z,1786151766.4969604
1429021611ym,user,sf,,False,,1,0,0,0,0,0,0,,2023-03-31T12:24:33.000Z,1786151768.4755738
148645chao,user,杨群超,,False,,1,0,0,0,0,0,0,,2023-10-19T02:58:28.000Z,1786151770.473294
13or,user,DJIUI Abiola Trésor,,False,,1,0,0,0,0,0,0,,2022-03-28T15:30:54.000Z,1786151772.480693
14A2,org,14A2,,,False,26,0,0,1,,,0,1,,1786151776.4782598
140697Melina,user,Melina Marcano Ramírez,,False,,1,0,0,0,0,0,0,,2024-10-22T16:49:18.000Z,1786151778.4785972
142502005-Anshika,user,Anshika Singh,,False,,1,0,4,0,0,0,0,,2025-10-21T15:20:21.000Z,1786151780.4833949
1412312anonymous,user,anonymous,,False,,3,1,0,1,0,0,0,,2024-11-21T02:16:32.000Z,1786151782.4814472
14OVER,user,Adrian,,False,,1,0,0,0,0,0,0,,2023-11-30T12:39:41.000Z,1786151784.4761364
14XNT,user,Phongsakorn Chimchoeysuwan,,False,,6,0,0,0,0,0,0,,2026-05-05T14:07:06.000Z,1786151786.476307
147258369aa,user,于鑫童,,False,,1,0,0,0,0,0,0,,2026-05-04T05:52:23.000Z,1786151788.4823375
14kwonss,user,Sang Yun Kwon,,False,,3,3,0,4,0,0,0,,2023-01-11T22:00:45.000Z,1786151790.4806986
14harshaldhote,user,harshaldhote,,False,,1,0,0,0,0,0,0,,2024-12-02T08:45:11.000Z,1786151792.47936
14RDFSFS,user,EG3ET3,,False,,45,45,0,0,0,0,0,,2025-12-30T09:04:04.000Z,1786151794.4789217
148mk,user,thaba,,False,,1,0,0,0,0,0,0,,2026-07-16T12:54:20.000Z,1786151796.4780293
14m41,user,14m41,,False,,2,2,0,0,0,1,0,,2024-06-03T08:01:28.000Z,1786151798.4813497
14pro,user,Numb14,,False,,1,0,0,0,0,0,0,,2025-01-21T10:15:11.000Z,1786151800.4785635
14maddy,user,Madhavan,,False,,4,0,3,0,0,0,0,,2025-07-28T03:14:00.000Z,1786151802.4769619
13ze,user,Fe,,False,,1,0,53,1,73,1,0,,2023-07-01T02:54:37.000Z,1786151804.486365
14rohnisingh,user,Rohini Singh,,False,,3,0,0,0,0,0,0,,2024-05-15T01:14:12.000Z,1786151806.4828267
14matsu,user,14matsu,,False,,3,0,0,9,0,0,0,,2025-02-17T12:16:10.000Z,1786151808.4845872
1503277708,user,x1503277708,,False,,1,0,0,0,0,0,0,,2021-12-27T03:02:26.000Z,1786151810.5075638
14dimension,user,최선우,,False,,2,0,0,0,0,0,0,,2025-02-09T11:29:45.000Z,1786151812.4846497
14sach,user,Agarwal,,False,,1,0,0,0,0,0,0,,2024-09-28T04:58:19.000Z,1786151814.478372
1511Jakub,user,Polouček,,False,,2,0,0,0,0,0,0,,2025-07-08T17:40:53.000Z,1786151816.478845
1509cxt,user,1509cxt,,False,,1,1,0,0,1,0,0,,2024-04-09T10:33:49.000Z,1786151818.478852
14on14,user,Gizileous rietous,,False,,1,0,0,0,0,0,0,,2023-06-02T03:16:24.000Z,1786151820.4935935
1512igor,user,KoS,,False,,1,0,0,0,0,0,0,,2025-05-22T13:04:57.000Z,1786151822.4805868
15354a,user,Fabricio Cunha da Paixao,,False,,1,0,1,0,0,0,0,,2025-10-29T15:49:51.000Z,1786151824.4809284
153ko,user,X,,False,,1,0,0,0,1,0,0,,2026-06-06T14:28:17.000Z,1786151826.4787133
154teru,user,Higasiyama,,False,,3,0,0,0,62,0,0,,2023-02-12T11:40:55.000Z,1786151828.4936306
1500apps,user,1500apps,,False,,2,1,0,0,0,0,0,,2026-02-20T02:49:08.000Z,1786151830.4816113
14ai,user,Piotr K,,False,,5,0,2,0,4,2,0,,2025-10-15T13:59:13.000Z,1786151832.485384
14xp,user,Xavier Poncini,,False,,2,3,0,0,0,0,0,,2024-12-13T09:59:51.000Z,1786151834.4793394
13Evgeniy89,user,Evgeniy Marchuk,,False,,1,1,0,0,0,0,0,,2025-02-03T16:12:45.000Z,1786151836.4829426
1575,user,7575,,False,,1,0,0,0,0,0,0,,2021-11-30T11:38:32.000Z,1786151838.48073
1516163com,user,1,,False,,1,0,2,0,0,0,0,,2025-11-18T07:57:36.000Z,1786151840.4885852
15hPnST046,user,KOz947tyON,,False,,1,0,0,0,0,0,0,,2025-06-06T22:40:57.000Z,1786151842.4825542
151ali,user,IKHLEF Ali,,False,,1,0,0,0,0,0,0,,2024-01-27T17:32:19.000Z,1786151844.4805632
15juneee,user,Andrei Necula,,False,,1,3,0,0,0,0,0,,2026-02-18T09:59:43.000Z,1786151846.4828193
15luna,user,Amuda MR,,False,,4,1,0,0,0,0,0,,2026-02-12T11:13:42.000Z,1786151848.5595558
15rohitagrawal,user,Rohit,,False,,1,0,0,0,0,0,0,,2026-07-06T14:07:51.000Z,1786151850.4877648
15characterlimi,user,Tobias Thierer,,False,,1,0,0,0,0,0,0,,2024-03-09T15:10:08.000Z,1786151852.4813235
16-Bytes,user,Miguel Pacheco Teixeira,,False,,1,1,0,0,0,0,0,,2024-10-24T23:51:06.000Z,1786151854.4823527
15e,user,joaquim,,False,,3,0,0,0,0,0,0,,2025-01-15T23:39:06.000Z,1786151856.4848573
1625387092abc,user,nero,,False,,1,1,0,0,0,0,0,,2025-04-11T17:46:02.000Z,1786151858.487845
15boehler,user,BOEHLER,,False,,3,1,0,0,0,11,0,,2023-08-07T15:09:21.000Z,1786151860.4879756
160116jaack,user,JAQUELINE BORGES DOS SANTOS,,False,,1,0,0,0,0,0,0,,2026-01-11T16:13:11.000Z,1786151862.4864092
163zhuangz,user,zhuangzhong,,False,,1,0,0,0,0,0,0,,2023-07-19T05:57:12.000Z,1786151864.4833403
152334H,user,Sherman Chann,,False,,2,1,0,36,13,26,0,,2022-09-11T08:43:51.000Z,1786151866.485634
1611togzhan,user,Togzhan,,False,,3,0,7,0,0,0,0,,2025-04-22T09:58:40.000Z,1786151868.4857213
166837ali,user,Ali gholami,,False,,1,0,0,0,0,0,0,,2026-07-20T03:55:06.000Z,1786151870.4799764
163wa,user,163,,False,,1,1,1,0,0,0,0,,2025-01-03T17:36:02.000Z,1786151872.4867575
1663adr,user,carline marian,,False,,3,0,0,0,1,0,0,,2026-01-24T01:14:53.000Z,1786151874.488872
166cmpng,user,A,,False,,1,0,0,0,1,0,0,,2024-02-26T20:52:53.000Z,1786151876.484658
163archer,user,qing,,False,,1,0,0,0,0,0,0,,2026-03-03T18:54:17.000Z,1786151878.491549
16772Andy54054,user,16772Andy54054,,False,,1,0,0,0,0,0,0,,2025-06-06T00:37:46.000Z,1786151880.4850032
16807-Errant-Crucible,user,Mysterious Stranger,,False,,1,0,0,0,0,0,0,,2023-08-16T13:00:15.000Z,1786151882.4815826
161381373-qq,user,傻了,,False,,1,0,0,0,0,0,0,,2023-07-10T12:02:22.000Z,1786151884.482147
1657866Y,user,leecheryl,,False,,2,0,1,0,0,0,0,,2024-12-31T11:13:49.000Z,1786151886.493175
162dev,user,devvvv,,False,,1,0,1,0,0,0,0,,2026-06-04T12:04:18.000Z,1786151888.4818847
16Flavio,user,Flavio Drogo,,False,,2,0,0,0,0,0,0,,2025-12-04T17:44:16.000Z,1786151890.4801645
166963QWER,user,WERT,,False,,2,0,0,0,0,0,0,,2026-06-08T10:10:41.000Z,1786151892.485512
16Miku,user,16Miku,,False,,4,0,0,1,0,0,0,,2025-09-11T15:39:13.000Z,1786151894.4898865
168mxie,user,Michael Xie,,True,,2,1,1,0,0,0,0,,2025-07-14T03:43:30.000Z,1786151896.4910293
16cosmin,user,Florin,,False,,1,0,0,0,0,0,0,,2024-04-02T17:39:32.000Z,1786151898.494782
16AbhinavReddy,user,Abhinav Reddy Gutha,,False,,1,0,0,0,0,0,0,,2023-07-13T05:30:59.000Z,1786151900.4894
16dvnk,user,16dvnk,,False,,5,1,5,1,15,6,0,,2025-05-31T04:22:32.000Z,1786151902.4827719
16lemoing,user,Guillaume Le Moing,,False,,1,2,0,0,0,0,1,,2023-09-11T08:38:28.000Z,1786151904.4849195
16nic,user,NicHuang,,False,,1,0,0,0,0,0,0,,2023-11-15T03:28:28.000Z,1786151906.492844
168express,user,eddie,,True,,1,0,1,0,0,0,0,,2025-03-10T17:41:30.000Z,1786151908.489794
1703biatch,user,ru,,False,,1,0,0,0,0,0,0,,2025-04-04T12:35:47.000Z,1786151910.4909012
159AOA,user,A,,False,,1,0,0,0,0,0,0,,2023-08-07T02:46:51.000Z,1786151912.4936953
170666FACE,user,Samuel kuku,,False,,1,0,0,0,0,0,0,,2025-11-17T06:24:17.000Z,1786151914.498747
16bitbananas,user,Wes Hardesty,,False,,6,0,0,0,0,0,0,,2024-12-19T06:29:09.000Z,1786151916.5177598
169Pi,org,169Pi,team,,True,1,7,0,31,,,0,6,,1786151920.4851894
1728-zxy,user,zxy,,False,,1,1,0,0,0,3,0,,2024-06-29T04:09:06.000Z,1786151922.4879527
1726tgyeuva,user,szh,,False,,3,2,0,0,0,0,0,,2024-05-20T09:30:18.000Z,1786151924.4935749
16DeeCee,user,Daryl Cayaban,,False,,1,0,0,0,0,0,0,,2023-10-12T00:20:58.000Z,1786151926.4880846
173lyb,user,澜,,False,,1,0,0,0,0,0,0,,2023-11-01T06:46:13.000Z,1786151928.5151594
1712871,user,Huỳnh Chí Tuấn,,False,,1,0,0,0,0,0,0,,2020-11-24T07:51:01.000Z,1786151930.4904423
1756984174Aa,user,Zhining,,False,,1,0,0,0,0,0,0,,2025-08-04T08:58:27.000Z,1786151932.4885721
176307384wmd,user,Jack borrego rdz,,False,,1,0,0,0,0,0,0,,2022-10-16T05:54:05.000Z,1786151934.499366
1776jwoo7502,user,Jason,,False,,1,0,0,0,0,0,0,,2026-02-18T22:49:46.000Z,1786151936.4901712
177vasanth,user,Vasanth M,,False,,13,0,0,0,0,0,0,,2026-02-23T10:06:30.000Z,1786151938.4966996
17939225,user,wang,,False,,1,1,2,0,0,1,0,,2021-12-14T07:56:25.000Z,1786151940.5050788
17Alco,user,Nicholas Lapesa,,False,,2,0,0,0,0,0,0,,2025-12-20T01:33:16.000Z,1786151942.489983
1757968399,user,JING LICHENG,,False,,1,0,0,0,0,0,0,,2020-07-27T07:03:58.000Z,1786151944.4901264
172727272diego,user,Diego Alberto vigil cacho ,,False,,1,0,0,0,0,0,0,,2023-09-06T18:20:33.000Z,1786151946.489663
1789654amine,user,Amine Dif,,False,,1,0,2,0,1,0,0,,2026-07-10T20:11:33.000Z,1786151948.4968028
16ixtxxn,user,16ixtxxn,,False,,2,0,1,1,0,0,0,,2025-01-19T22:18:24.000Z,1786151950.491574
1761335336wang,user,1761335336wang,,False,,1,0,0,0,0,1,0,,2023-04-26T05:28:16.000Z,1786151952.488625
17Mihir-k26,user,Mihir Dutta,,False,,1,0,0,0,0,0,0,,2025-06-01T03:25:01.000Z,1786151954.494325
16pramodh,user,Pramodh Thulasinga Perumal,,False,,4,0,5,0,0,0,0,,2024-12-27T11:20:39.000Z,1786151956.488804
17four,user,Lê Văn Tư,,False,,4,0,0,1,0,0,0,,2024-02-26T07:39:47.000Z,1786151958.4915967
16arpi,user,César,,False,,2,0,0,0,0,0,0,,2025-05-08T21:36:53.000Z,1786151960.4906712
17luke,user,Luke O,,False,,2,0,0,0,0,0,0,,2022-02-16T13:11:59.000Z,1786151962.4907098
17Komal,user,Komal Singh,,False,,1,0,0,0,0,0,0,,2025-08-15T08:33:49.000Z,1786151964.4903858
17imred,user,AR,,False,,5,0,1,0,0,0,0,,2023-04-30T12:21:47.000Z,1786151966.4919498
17nshul,user,Anshul Sharma,,False,,1,1,0,0,0,1,0,,2024-02-08T10:25:23.000Z,1786151968.4901989
17slever17,user,Slever,,False,,4,0,0,0,4,0,0,,2025-09-30T18:32:40.000Z,1786151970.4904692
17ColinMiPerry,user,Colin Perry,,False,,3,0,0,0,0,0,0,,2025-07-02T01:28:45.000Z,1786151972.4965725
17Brundha,user,Brundha,,False,,13,0,0,0,0,0,0,,2026-03-23T12:57:01.000Z,1786151974.4940326
17lamtom,user,Thomas La Mendola,,False,,1,0,0,0,0,0,0,,2024-08-17T20:33:05.000Z,1786151976.4932444
1803063soumit,user,Soumit Das,,False,,13,0,1,0,0,0,0,,2024-04-06T08:36:35.000Z,1786151978.496172
1803nimish,user,nimish gupta,,False,,1,0,0,0,0,3,0,,2025-04-02T04:18:21.000Z,1786151980.4940786
1802keerthana,user,Kolipaka Keerthana,,False,,1,0,0,0,0,0,0,,2025-11-26T15:37:30.000Z,1786151982.48831
17tr76,user,Tim Rose,,False,,2,0,0,0,0,0,0,,2024-05-31T21:32:45.000Z,1786151984.4895153
180103e8,user,Armando739103,,False,,1,0,0,0,0,0,0,,2025-02-25T22:07:57.000Z,1786151986.491916
17shayank,user,Shayan Khan,,False,,2,0,0,0,0,0,0,,2024-08-15T09:33:22.000Z,1786151988.4895637
1837939Sad,user,Mulokkhs,,False,,1,0,0,0,0,0,0,,2026-03-23T22:13:42.000Z,1786151990.4903154
1868patriot,user,Patriots 1868,,False,,1,0,0,0,0,0,0,,2026-02-19T20:25:38.000Z,1786151994.4972153
17Lab,org,17 Lab,,,False,50,1,0,1,,,0,1,,1786151996.490627
1899Deposit38-ECV,user,Antonio Raymundo Gomes Sampaio,,False,,16,4,0,1,0,0,0,,2023-08-26T01:11:26.000Z,1786151998.4952047
17LUCIFER17,user,LUCIFER,,False,,1,0,0,0,0,0,0,,2026-05-04T16:33:05.000Z,1786152002.4920225
18764dfg,user,Kaibing Hu,,False,,1,0,0,0,0,0,0,,2023-09-10T23:53:27.000Z,1786152004.494523
187tino,user,Tino,,False,,1,0,0,0,0,0,0,,2025-11-21T20:19:16.000Z,1786152006.4953232
17yongai,user,李,,False,,1,0,0,1,0,0,0,,2023-10-31T07:13:07.000Z,1786152008.4945486
18Barz,user,Planepoint,,False,,1,1,2,1,4,1,0,,2023-11-27T00:30:28.000Z,1786152010.4961715
18ksl,user,KL,,False,,12,8,0,0,1,0,0,,2026-02-27T16:40:44.000Z,1786152012.4938765
18limcx2,user,J Lim,,False,,1,0,1,0,0,0,0,,2025-09-15T23:06:13.000Z,1786152014.4946713
18lxBwbMGp,user,2y4ihjMVlY,,False,,1,0,0,0,0,0,0,,2025-06-06T11:20:21.000Z,1786152016.4938877
18morkie,user,Kieran Morritt,,False,,1,0,0,0,0,0,0,,2025-02-07T10:27:07.000Z,1786152018.5082705
18nihars,user,Niharika,,False,,1,0,1,0,0,0,0,,2026-07-20T15:25:02.000Z,1786152020.4908998
18TaruN,user,kumar,,False,,1,0,0,0,0,2,0,,2024-05-26T08:41:27.000Z,1786152022.5548053
18st13,user,Shunhao Tang,,False,,1,0,0,0,0,0,0,,2022-12-05T21:09:00.000Z,1786152024.5064812
18houston2,user,Nate Houston,,False,,8,12,0,0,0,0,0,,2025-07-23T21:06:16.000Z,1786152026.5126204
18winstonsmith97,user,marco simoni,,False,,8,0,0,1,0,0,0,,2023-09-12T08:28:48.000Z,1786152028.4969254
190Angel,user,Reyes,,False,,1,0,0,0,0,0,0,,2025-09-02T09:18:55.000Z,1786152030.4945457
1913ds,user,xxx,,False,,1,0,0,0,1,0,0,,2025-02-10T12:55:59.000Z,1786152032.4952855
1820v,user,Kenzo,,False,,1,0,0,0,0,0,0,,2023-04-27T10:26:38.000Z,1786152034.5376368
18811449050,user,马国良,,False,,3,0,0,0,1,0,0,,2020-08-11T14:15:54.000Z,1786152036.499721
192ping,user,Bruno M,,False,,2,4,0,0,0,1,0,,2023-11-08T22:04:18.000Z,1786152038.5158904
193999U3ET1020,user,D,,False,,1,0,2,0,0,0,0,,2026-01-04T13:58:35.000Z,1786152040.4955077
194130157a,user,pm tm,,False,,1,0,78,0,0,1,0,,2025-12-04T06:34:28.000Z,1786152042.4930165
18dhoom,user,abdulrahMAN,,False,,2,0,0,0,0,0,0,,2025-05-24T02:29:14.000Z,1786152044.493342
18ramm,user,ram,,False,,1,0,3,0,0,0,0,,2026-04-05T13:11:43.000Z,1786152046.5047808
1947LUCIFER,user,Sebastian Josef Krüger,,False,,1,0,0,0,1,0,0,,2023-03-25T02:30:13.000Z,1786152048.5336158
1971Martin,user,Martin Carlos,,False,,2,0,0,0,0,0,0,,2024-02-06T20:56:21.000Z,1786152050.4968824
18Pranav,user,PRK Patil,,False,,1,0,0,0,1,0,0,,2026-03-29T18:13:31.000Z,1786152052.4999921
1923youthful,user,1923youthful,,False,,1,0,0,0,0,0,0,,2025-05-31T04:19:22.000Z,1786152054.4975953
18thGrass,user,Hao,,False,,2,0,0,0,6,3,0,,2024-08-15T04:25:49.000Z,1786152056.498944
1964HL,user,Livio Fabris,,False,,1,0,0,0,0,0,0,,2022-08-27T14:53:38.000Z,1786152058.4963164
191fdp,user,Peter Scott,,False,,1,0,0,0,6,0,0,,2023-04-16T09:24:13.000Z,1786152060.497386
1967MO,user,m,,False,,1,0,0,0,0,0,0,,2024-08-21T14:03:34.000Z,1786152062.5057223
1984a,user,gianfranco petta,,False,,1,0,0,0,0,0,0,,2022-10-31T20:27:17.000Z,1786152064.5667171
1971xavi,user,vicente javier aparisi araujo,,False,,2,0,0,0,0,0,0,,2024-10-08T18:41:05.000Z,1786152066.5011847
1986nguyenquoc,user,1986nguyenquoc,,False,,248,0,0,0,0,0,0,,2025-08-22T13:58:06.000Z,1786152068.5000591
1984akg,user,Hiroki Arashi,,False,,8,0,0,0,0,0,0,,2024-09-12T13:42:49.000Z,1786152070.4996266
1982Volodymyr,user,Havrylyuk,,False,,4,1,0,0,0,0,0,,2024-10-17T07:30:31.000Z,1786152072.5075066
1975P3la,user,Ale Bull,,False,,1,0,0,0,1,0,0,,2025-06-06T22:38:11.000Z,1786152074.5014699
1986random,user,joe test,,False,,1,0,0,0,0,0,0,,2025-03-09T10:04:12.000Z,1786152076.577144
1972tohru,user,Tohru Sawamoto,,False,,1,0,0,0,0,0,0,,2024-09-04T04:19:42.000Z,1786152078.5018616
198808xc,user,198808xc,,False,,1,0,0,0,0,0,0,,2023-03-30T14:47:04.000Z,1786152080.4997826
1989ONCE,user,Susan Chen,,False,,1,0,2,0,32,0,0,,2024-06-27T01:46:41.000Z,1786152082.502012
1986rom,user,Roman bakhchiniani,,False,,1,0,0,0,0,0,0,,2023-08-20T08:37:52.000Z,1786152084.5033011
198elaborate,user,beluga cat,,False,,2,0,0,0,0,0,0,,2024-07-04T10:11:38.000Z,1786152086.5006213
1991aven,user,Aven,,False,,1,0,0,0,0,0,0,,2025-02-11T07:03:29.000Z,1786152088.5026925
1983dlgustn,user,hyunsu,,False,,1,2,0,0,0,0,0,,2022-11-17T11:05:58.000Z,1786152090.500082
1990two,user,Jae Parker,,True,,7,0,0,3,131,0,0,,2025-06-27T06:21:44.000Z,1786152092.5443993
1992anubhav,user,Anubhav,,False,,7,0,0,0,0,0,0,,2025-03-11T13:07:15.000Z,1786152094.4990275
1986prod,user,Álvaro Escudero Sin,,False,,1,0,0,0,0,0,0,,2023-05-04T18:49:52.000Z,1786152096.5015855
1995Austin,user,Austin Ying-Hao Wang,,False,,4,0,0,0,0,0,0,,2023-09-21T06:12:55.000Z,1786152098.504372
1994A,user,Bereket Aynalem,,False,,1,0,0,0,0,0,0,,2026-04-07T14:36:50.000Z,1786152100.5021884
1998apoorvmalik,user,Apoorv Malik,,False,,1,0,0,0,1,0,0,,2024-06-04T02:11:12.000Z,1786152104.5039604
1998rajdeo,user,rajdeo prasad,,False,,3,3,0,0,0,0,0,,2024-08-28T07:19:27.000Z,1786152106.5044444
1980necatron,user,Necqatron,,False,,1,0,0,0,1,0,0,,2025-01-07T08:42:46.000Z,1786152108.516313
1989shack,user,Martin M Sheriff,,False,,2,2,2,1,3,1,0,,2022-07-03T15:18:58.000Z,1786152110.499998
19Lokesh19,user,ganipisetty,,False,,1,0,1,0,0,0,0,,2025-08-05T10:56:42.000Z,1786152112.5291274
1993arabic,user,Arabic,,False,,1,0,0,0,0,0,0,,2025-11-01T17:09:54.000Z,1786152114.5387154
1997capitalfutures,user,capitalfutures,,False,,3,0,0,0,0,0,0,,2025-05-27T00:32:48.000Z,1786152116.5028248
19hugged,user,faces,,False,,2,3,4,0,0,0,0,,2026-01-16T15:38:27.000Z,1786152118.5017767
1998Shubham007,org,RecommFile,,,False,2,0,0,1,,,0,1,,1786152120.5022173
19kmunz,user,Kiara Munz,,False,,1,3,1,3,0,0,0,,2023-09-17T20:49:53.000Z,1786152122.5005493
19after20,user,K P,,False,,2,0,0,0,0,0,0,,2026-04-19T05:42:55.000Z,1786152124.4998064
19Leo97,user,David Leonardo Ortiz Uribe,,False,,1,0,0,0,0,0,0,,2024-05-30T18:23:19.000Z,1786152126.5024998
19SriHarsha97,user,P.SriHarsha,,False,,2,0,0,2,1,0,0,,2024-06-03T15:43:46.000Z,1786152130.5034556
1999xia,user,xiayunpeng,,False,,1,0,0,0,0,0,0,,2023-12-01T11:50:41.000Z,1786152132.5024223
19vk88,user,Виталий,,False,,4,0,0,0,0,0,0,,2024-10-07T09:30:00.000Z,1786152134.5040689
19x9,user,Joffre,,False,,1,0,1,0,0,0,0,,2025-07-29T14:08:07.000Z,1786152136.541153
19tbtnykkyt,org,Renato Escalante Calle,,,False,1,0,0,1,,,0,1,,1786152138.5011604
1AIEnthusiast,user,Shahriar Hassan,,False,,1,0,0,0,0,0,0,,2023-06-19T07:52:26.000Z,1786152140.500976
19uez,user,Pham Van An,,False,,96,0,0,0,0,0,0,,2025-01-17T14:28:22.000Z,1786152142.511656
19maxim94,user,kolos,,False,,1,0,0,0,0,0,0,,2024-10-20T20:22:11.000Z,1786152144.5035367
1Amogh212,user,Samadhiya,,False,,1,0,4,0,2,0,0,,2026-06-10T17:14:04.000Z,1786152146.5062876
1Alexisvand1,user,Brian alexis,,False,,1,0,0,0,0,0,0,,2026-07-05T20:10:45.000Z,1786152148.502429
1987dimas1,user,Dmitriy,,False,,1,0,0,0,0,0,0,,2023-02-02T04:21:00.000Z,1786152150.5071442
19reborn,user,Ernest,,False,,1,2,0,0,0,0,0,,2022-10-29T14:45:02.000Z,1786152152.5053399
19ira,user,Shurgina,,False,,2,0,0,0,0,0,0,,2026-03-30T19:56:53.000Z,1786152154.5017147
19z1211,user,ren,,False,,1,0,0,0,1,0,0,,2022-04-04T07:45:27.000Z,1786152156.511532
187DEF-org,org,UNUOPTSAPTE S.R.L.,,,False,1,1,1,1,,,0,1,,1786152158.5043652
1Black,user,THAUAN MATHEUS VIEIRA DA SILVA,,False,,1,1,1,0,1,0,0,,2025-08-25T21:18:08.000Z,1786152160.5025475
1Andy,user,Andy Hung,,False,,1,0,0,0,0,0,0,,2024-07-29T07:50:26.000Z,1786152162.5102983
1C4ch3,user,Ambhikesh,,False,,1,2,1,2,2,0,0,,2023-07-19T08:22:57.000Z,1786152164.6078293
1BBREAD,user,DONGYEON WON,,False,,1,0,0,0,0,0,0,,2023-03-30T05:10:11.000Z,1786152166.5197055
1Arash,user,Abady,,False,,1,0,0,0,0,0,0,,2024-11-19T22:39:42.000Z,1786152168.5207386
1ASIM1,user,asim iyad omer,,False,,1,0,1,0,0,0,0,,2026-01-31T10:12:40.000Z,1786152170.5089188
1Basco,user,Luís Salomão de Oliveira Silva,,False,,1,0,0,0,0,0,0,,2021-09-22T03:11:17.000Z,1786152172.5086572
1DB18CS078,user,Manjunath R S,,False,,1,0,0,0,0,0,0,,2022-12-22T10:11:36.000Z,1786152174.503797
1DJMIAMI,user,CARLOS JIMENEZ,,False,,1,0,0,0,0,0,0,,2024-08-31T16:47:25.000Z,1786152176.50444
1Cromulent18,user,Donna Romul,,False,,2,0,0,0,0,0,0,,2025-09-22T06:13:51.000Z,1786152178.5028663
1Artur1,user,12,,False,,3,1,0,0,0,0,0,,2025-04-03T08:41:06.000Z,1786152180.5186286
1Crafty,user,Crafty,,False,,2,0,0,0,0,0,0,,2026-06-29T17:36:46.000Z,1786152182.529355
1DQDAF,user,GWEGFA,,False,,51,50,0,0,0,0,0,,2025-12-28T07:17:07.000Z,1786152184.5170484
1DSFGYH,user,DADASW,,False,,51,52,0,0,0,0,0,,2025-12-28T08:29:41.000Z,1786152186.506359
1Codephoenix,user,code phoneix,,False,,1,0,3,0,0,0,0,,2025-06-23T16:48:10.000Z,1786152190.56322
1DS,user,TJ,,False,,9,0,0,0,0,1,0,,2024-01-09T08:01:59.000Z,1786152192.5097837
1Covenant,org,covenant,team,,False,4,0,1,54,,,0,9,,1786152194.5038097
1DuBu1,user,HyoJun Kim,,False,,1,1,0,0,2,0,0,,2025-09-16T01:32:11.000Z,1786152196.5200026
1AntonioCamargo,user,Camargo,,False,,1,0,0,0,0,0,0,,2022-10-23T21:26:47.000Z,1786152198.5174093
1DelFin1,user,Andrey,,False,,1,0,0,0,0,0,0,,2026-06-13T12:56:28.000Z,1786152200.5105367
1DQFS,user,FDGDASA,,False,,51,51,0,0,0,0,0,,2025-12-28T08:29:34.000Z,1786152202.5052745
1E1DSFF,user,23F2DADAS,,False,,47,45,0,0,0,0,0,,2025-12-30T12:37:51.000Z,1786152204.504591
1E1R2R2,user,23RF3T34T,,False,,47,45,0,0,0,0,0,,2025-12-30T07:59:09.000Z,1786152206.505761
1Devik1,user,None,,False,,1,0,0,0,0,0,0,,2024-03-11T22:19:33.000Z,1786152208.5062733
1DaniLa1,user,DaniLa,,False,,1,0,0,0,0,0,0,,2025-01-27T12:48:06.000Z,1786152210.5154245
1E21R23T,user,32T33RSAD,,False,,47,45,0,0,0,0,0,,2025-12-30T08:00:06.000Z,1786152212.5089078
1Developer,user,Marzell Michalski,,False,,10,0,0,0,0,0,0,,2025-11-15T16:48:39.000Z,1786152214.5109382
1E1DS,user,FDSGEDT32,,False,,45,45,0,0,0,0,0,,2025-12-30T09:04:01.000Z,1786152216.508634
1E1DA,user,FSDGDG,,False,,52,52,0,0,0,0,0,,2025-12-28T07:20:52.000Z,1786152218.5057528
1Cris,user,Crystal J,,False,,2,1,1,0,0,0,0,,2025-11-02T19:48:10.000Z,1786152220.506482
1EADSF11,user,FW1231,,False,,46,47,0,0,0,0,0,,2025-12-30T09:02:54.000Z,1786152222.5086572
1E2DWF,user,G3FF3WDWA,,False,,46,45,0,0,0,0,0,,2025-12-30T12:36:24.000Z,1786152224.512068
1EE1,user,JOOYOUNG LEE,,False,,1,0,0,0,0,0,0,,2025-11-18T04:26:20.000Z,1786152226.5071492
1ENZEK3,user,Elif Kalkan,,False,,1,0,0,0,0,0,0,,2024-07-07T07:24:10.000Z,1786152228.5087264
1EQADSF,user,3F3FASD,,False,,45,45,0,0,0,0,0,,2025-12-30T13:25:53.000Z,1786152230.5091658
1ER2QWFDW,user,EFGERGE,,False,,50,49,0,0,0,0,0,,2025-12-30T05:47:20.000Z,1786152232.507637
1E3EB5C48,user,harshil bhatia,,False,,1,0,0,0,0,0,0,,2023-10-11T04:41:28.000Z,1786152234.510227
1ERQWDS,user,EFF3WF3,,False,,53,49,0,0,0,0,0,,2025-12-30T05:50:03.000Z,1786152236.5102198
1EDQADWF23,user,2324RFS,,False,,46,47,0,0,0,0,0,,2025-12-30T09:02:45.000Z,1786152238.510666
1EDWFDWF,user,2EWDWF,,False,,46,48,0,0,0,0,0,,2025-12-30T09:05:03.000Z,1786152242.511209
1E1RWRF,user,WRF2EDQW,,False,,47,47,0,0,0,0,0,,2025-12-30T09:04:44.000Z,1786152244.510317
1ForrestW1,user,w,,False,,6,0,0,0,1,0,0,,2025-09-18T16:27:41.000Z,1786152246.512471
1FriendlyDoge,user,1FriendlyDoge,,False,,1,0,0,0,0,0,0,,2024-07-23T03:04:43.000Z,1786152248.5120645
1E12QDAS,user,WF23F23,,False,,46,45,0,0,0,0,0,,2025-12-30T09:03:41.000Z,1786152250.509568
1FDSFS,user,F2FASSD,,False,,51,51,0,0,0,0,0,,2025-12-28T07:16:17.000Z,1786152252.509766
1EADSF,user,WEG23F,,False,,51,49,0,0,0,0,0,,2025-12-30T05:49:55.000Z,1786152254.5194705
1Gamma-Rad1,user,Aryan D,,False,,1,0,0,0,0,0,0,,2024-03-10T16:58:14.000Z,1786152256.5079055
1Ghoul1,user,Shan Truong,,False,,1,0,0,0,0,0,0,,2026-04-26T03:56:38.000Z,1786152258.5112057
1Gluk1,user,Anton Gorbachev,,False,,1,0,0,0,0,1,0,,2024-01-03T06:08:22.000Z,1786152260.5316577
1GurrenL1,user,xiaojie,,False,,1,0,0,0,1,0,0,,2023-10-07T04:23:36.000Z,1786152262.5134625
1G1,user,Vycka,,False,,19,0,1,1,0,1,0,,2025-08-15T16:32:55.000Z,1786152266.5123935
1Elmo1,user,Christiaan Van Rooyen,,False,,1,0,0,0,0,0,0,,2022-09-18T22:14:57.000Z,1786152268.51189
1Hendrix,user,Yakub,,False,,1,0,0,0,0,0,0,,2026-04-23T13:17:28.000Z,1786152270.5143049
1HPz,user,Piyakorn Hongthong,,False,,1,0,0,0,0,0,0,,2025-03-19T07:11:24.000Z,1786152272.574528
1HeroX1,user,AHMED AMINE ID-BENADI,,False,,1,0,0,0,0,0,0,,2026-05-11T13:31:09.000Z,1786152274.513
1HotV,user,Veronica P,,False,,2,0,0,0,0,0,0,,2025-10-31T18:13:31.000Z,1786152276.5128353
1H-Comics,org,Henrique's Hq Corporations,,,False,1,0,0,1,,,0,1,,1786152278.5093102
1JP1,user,Jose Guadalupe Peralta Romero,,False,,1,0,0,0,0,0,0,,2023-11-24T19:18:01.000Z,1786152280.5163648
1Jacky1,user,yfc,,False,,1,0,0,0,0,0,0,,2025-04-27T03:04:32.000Z,1786152282.5140727
1Jacob22,user,Jacob Rivas,,False,,1,0,0,0,0,0,0,,2025-07-07T00:12:44.000Z,1786152284.5159197
1Henry,user,JaeYun Lee,,False,,1,0,0,0,0,0,0,,2023-05-19T09:36:02.000Z,1786152286.5108073
1JgqZh6GZM,user,hrdthytjj,,False,,1,0,0,0,0,0,0,,2025-05-28T08:38:19.000Z,1786152288.5143352
1Jing,user,Jing Xiaolong,,False,,1,0,0,0,0,0,0,,2025-05-04T13:07:02.000Z,1786152290.520294
1ERD12QRFW,user,FWWWG,,False,,46,47,0,0,0,0,0,,2025-12-30T09:01:41.000Z,1786152292.5160391
1GWgfdy8kilp,user,tikyukdfyu,,False,,1,0,0,0,0,0,0,,2025-05-30T07:03:23.000Z,1786152294.5110629
1LYES,user,ilyes chaabani,,False,,1,0,0,0,0,0,0,,2025-10-09T09:09:25.000Z,1786152296.5108125
1LeoMessi0,user,Nipun,,False,,2,0,0,0,0,0,0,,2026-03-29T19:19:19.000Z,1786152298.5183845
1En,org,Ugoland,,,False,1,0,0,1,,,0,1,,1786152300.5122626
1Junlong,user,Cheng,,False,,1,1,0,2,2,5,2,,2024-04-01T16:21:27.000Z,1786152302.5130537
1Lev,user,Lev,,False,,1,0,0,0,0,0,0,,2025-06-28T11:39:48.000Z,1786152304.5365107
1GAME1MASTER,user,Mohit Negi,,False,,1,0,0,0,0,0,0,,2025-03-28T05:45:11.000Z,1786152306.6165962
1HourAutomation,user,Kai Hatchman,,False,,4,0,0,0,0,0,0,,2025-02-23T16:31:56.000Z,1786152308.532503
1LIJUN,user,JUN,,False,,1,0,0,0,0,0,0,,2024-10-08T14:20:19.000Z,1786152310.513993
1Jacques,user,Jacques Nettmann,,False,,1,0,0,0,0,0,0,,2026-04-04T16:42:05.000Z,1786152312.5153854
1M2kiaPJx2,user,N7Lte9cB3J,,False,,1,0,0,0,0,0,0,,2025-06-06T05:59:41.000Z,1786152314.514314
1Maksymilian,user,Maksymilian Kacan,,False,,1,0,0,0,0,0,0,,2026-07-23T07:24:54.000Z,1786152316.5177524
1MR,user,MBM,,False,,3,0,28,0,21,2,0,,2024-04-27T19:35:51.000Z,1786152318.5750146
1Mohammad,user,Mohammad Alsaad,,False,,1,0,0,1,0,0,0,,2024-05-16T22:15:38.000Z,1786152320.5115163
1N4148,user,Andi,,False,,1,0,0,0,0,0,0,,2024-04-16T14:34:11.000Z,1786152322.5172155
1MK026,user,Manoj kumar,,False,,2,0,0,0,0,0,0,,2024-10-25T11:13:27.000Z,1786152324.5156112
1EDAFS,user,G3EGFWD,,False,,52,54,0,0,0,0,0,,2025-12-28T12:42:50.000Z,1786152326.5155249
1MK26,user,Manoj kumar,,False,,18,0,2,0,0,0,0,,2024-01-09T09:40:20.000Z,1786152328.584294
1Nono1,user,LU Cheng,,False,,17,21,1,2,0,1,0,,2025-10-21T06:56:35.000Z,1786152330.5125248
1MK260,user,mk,,False,,2,0,0,0,0,0,0,,2025-03-28T05:08:42.000Z,1786152332.5175917
1O9C99Qf8h,user,W1k4HVWDtm,,False,,1,0,0,0,0,0,0,,2025-06-07T17:47:49.000Z,1786152334.516921
1N736r4,user,Integra Hellsing,,False,,2,0,0,0,0,0,0,,2023-08-20T06:31:50.000Z,1786152336.514532
1PGAlt,user,David Uwe Husener,,False,,1,0,5,3,10,2,0,,2023-10-22T13:59:37.000Z,1786152338.5286503
1Lu23,user,LA,,False,,1,0,0,0,0,0,0,,2025-09-22T19:13:54.000Z,1786152340.5158224
1Poireau,user,1Poireau,,False,,1,0,0,0,0,0,0,,2023-08-30T10:00:11.000Z,1786152342.5184917
1NEYRON1,user,T,,False,,6,1,5,0,0,0,0,,2025-04-03T15:29:11.000Z,1786152344.522015
1Q2EW1QDW,user,FEF3WEGF3,,False,,51,49,0,0,0,0,0,,2025-12-30T05:46:42.000Z,1786152346.5180616
1Madara1,user,madaraaa,,False,,23,0,0,0,0,0,0,,2023-07-16T16:55:47.000Z,1786152348.520665
1Pampu,user,Marin Piampiani,,False,,2,0,0,0,0,0,0,,2023-11-22T06:11:36.000Z,1786152350.5159037
1RAGAN1,user,Sounak Ganguly,,False,,3,0,0,0,0,0,0,,2025-08-30T23:15:41.000Z,1786152352.5306377
1NC06Nl70,user,Arntor,,False,,1,0,1,0,0,0,0,,2024-11-03T04:54:40.000Z,1786152354.5307195
1RE1R1,user,R1ARA,,False,,53,54,0,0,0,0,0,,2025-12-28T12:43:04.000Z,1786152356.5262144
1QRQDA,user,FSGDG,,False,,53,55,0,0,0,0,0,,2025-12-28T12:43:52.000Z,1786152358.5189035
1Q3p9O9DHxy,user,sf,,False,,1,0,0,0,0,0,0,,2025-05-30T07:21:06.000Z,1786152360.5170693
1PxPzV6VuM06jyTiW,user,Rr2Kee0ghCSgqgDW,,False,,1,0,0,0,0,0,0,,2025-04-22T06:19:14.000Z,1786152362.518493
1Richard2023,user,Richard Orellana,,False,,1,0,0,0,0,0,0,,2023-06-20T20:56:13.000Z,1786152364.5215886
1RAJ,user,Gohel,,False,,1,0,0,0,0,0,0,,2024-09-03T20:46:10.000Z,1786152366.5188236
1S2e6w5nou,user,Zannou,,False,,1,0,0,0,0,0,0,,2024-12-02T04:56:59.000Z,1786152368.5202565
1Sayedjaffuh,user,Sayed Jaffuh,,False,,1,0,0,0,0,0,0,,2025-03-06T19:34:24.000Z,1786152370.5221372
1Stella,user,Doan,,False,,1,0,0,0,0,0,0,,2024-02-16T03:38:48.000Z,1786152372.519376
1Realm,user,Joseph Brundidge,,False,,3,0,0,0,0,0,0,,2024-11-11T19:10:22.000Z,1786152374.521407
1Teng,user,Longteng,,False,,1,0,0,1,4,1,0,,2024-06-30T04:43:43.000Z,1786152376.5227776
1Rubik,user,Taplashvili,,False,,1,0,2,0,0,0,0,,2025-01-25T15:39:28.000Z,1786152378.517732
1Midas,user,Touch,,False,,2,0,0,0,0,0,0,,2025-08-14T21:01:40.000Z,1786152380.5197227
1Trillion1,user,JC,,False,,1,0,0,0,0,0,0,,2023-02-13T20:11:33.000Z,1786152382.5195403
1VladGeggi9,user,Jeggi,,False,,1,0,0,0,0,0,0,,2024-06-09T07:58:29.000Z,1786152384.5178223
1WdPW8AXHX,user,6dEX1fkB9B,,False,,1,0,0,0,0,0,0,,2025-06-07T19:39:17.000Z,1786152386.5315537
1TuanPham,user,Pham Minh Tuan,,False,,26,9,0,19,785,18,0,,2022-12-07T09:36:07.000Z,1786152388.62471
1Rr07SsgFu,user,OjXrxAh3AR,,False,,1,0,0,0,0,0,0,,2025-06-06T03:32:18.000Z,1786152390.5188522
1Wesley,user,Li,,False,,2,0,0,0,0,0,0,,2025-04-18T09:38:40.000Z,1786152392.5309296
1NwO1Bg55l,user,NMjy6QfWqI,,False,,1,0,0,0,0,0,0,,2025-06-06T22:42:14.000Z,1786152394.5210826
1Yam,user,Ryan,,False,,1,0,0,0,0,0,0,,2024-02-14T00:56:14.000Z,1786152396.5232928
1YoshisCrafted1,user,João Pedro Reis Lima,,False,,1,0,0,0,0,0,0,,2023-11-24T21:05:58.000Z,1786152398.5252066
1Yu1,user,YK,,False,,1,0,0,0,0,0,0,,2026-03-23T23:24:36.000Z,1786152400.520618
1Obi,user,Wan,,False,,1,0,0,0,0,0,0,,2023-04-14T05:29:06.000Z,1786152402.5206256
1a3orn,user,1a3orn,,False,,3,3,0,6,0,1,0,,2023-07-30T19:35:48.000Z,1786152404.5196137
1RHorizon,user,dingshan,,False,,1,0,0,0,2,0,0,,2022-10-08T04:00:18.000Z,1786152406.5203178
1Vin4y,user,Vinay vasant chavhan,,False,,1,0,0,0,1,0,0,,2024-10-11T12:04:02.000Z,1786152408.5241885
1WorldCapture,user,Lyon Liang,,False,,1,0,0,0,11,1,0,,2024-02-28T12:41:07.000Z,1786152410.5227377
1Xing,user,Nai,,False,,1,0,0,0,0,0,0,,2026-03-06T08:26:22.000Z,1786152412.525078
1alviin,user,al vin,,False,,1,0,0,0,0,0,0,,2025-09-27T12:41:18.000Z,1786152414.5251796
1Zanzarah1,user,Mohamed Elgharably,,False,,1,0,0,0,0,0,0,,2025-02-20T12:01:57.000Z,1786152416.5230372
1adriano,user,ADRIANO VOLPINI ROSA,,False,,2,0,0,0,0,0,0,,2026-02-09T23:20:12.000Z,1786152418.532928
1amkaizen,user,arifin,,False,,1,0,0,0,0,0,0,,2024-06-09T08:54:12.000Z,1786152420.524199
1amyiquan,user,yiquan,,False,,1,0,0,0,0,0,0,,2025-03-15T06:54:05.000Z,1786152422.5278664
1amBanana,user,Krittapas Wongchai,,False,,1,0,0,0,0,0,0,,2024-09-26T06:22:36.000Z,1786152424.522758
1anH,user,Ian Hailey,,False,,1,0,0,2,2,7,0,,2026-01-14T21:12:27.000Z,1786152426.5295324
1TBGPU4EVR,user,An inattentive tensor flowing in the fourier field,,True,,3,0,0,1,38,12,0,,2023-02-16T02:00:47.000Z,1786152428.526701
1ancelot,user,Tran Dinh An,,False,,4,0,0,0,0,0,0,,2024-04-30T09:32:46.000Z,1786152430.523447
1anonymous1,user,anonymous,,False,,1,0,0,0,0,0,0,,2024-08-16T03:38:04.000Z,1786152432.5233023
1anliao,user,Ian Liao,,False,,1,0,0,0,0,0,0,,2024-03-23T16:02:11.000Z,1786152434.5235293
1arjunmurali,user,Arjun Murali,,False,,1,0,0,0,0,0,0,,2024-04-18T15:13:51.000Z,1786152436.520873
1amageek,user,Norikazu Muramoto,,False,,1,0,0,0,3,0,0,,2023-05-18T00:40:39.000Z,1786152438.522591
1Xinyaozxy,user,Xinyao Zhang,,False,,3,1,0,0,2,0,0,,2024-07-15T14:47:36.000Z,1786152440.6225896
1at6waaarIG1,user,ukjyuikyuki,,False,,1,0,0,0,0,0,0,,2025-05-30T10:22:43.000Z,1786152442.5249128
1aurent,user,Laureηt Fainsin,,False,,98,20,11,100,76,25,2,,2022-11-04T11:03:20.000Z,1786152444.6853886
1allg0wn,user,Ainz Oallgoun,,False,,6,0,0,0,0,0,0,,2026-03-01T08:09:32.000Z,1786152446.5239892
1b8szyedcs,user,Darrel Hams,,False,,1,0,0,0,0,0,0,,2024-10-18T14:53:53.000Z,1786152448.5236204
1asbgdh,user,1afs,,False,,1,0,0,0,3,0,0,,2023-03-13T19:09:46.000Z,1786152450.530356
1bbypluto,user,Turton,,False,,2,1,0,0,0,0,0,,2025-01-08T16:15:36.000Z,1786152452.5258582
1a425dbdb8,user,Dario Deadg,,False,,1,0,0,0,0,0,0,,2024-11-12T16:41:21.000Z,1786152454.545886
1awest34,user,Andrew West,,False,,1,0,1,0,1,0,0,,2025-01-03T23:56:38.000Z,1786152456.5233314
1aqvva,user,Никита,,False,,1,0,0,0,0,0,0,,2025-08-16T17:29:35.000Z,1786152458.5279007
1bn,user,1bn,,False,,1,0,0,0,0,0,0,,2024-10-11T07:08:51.000Z,1786152460.5265028
1bnjmn3,user,BenjaminT,,False,,1,0,0,0,0,0,0,,2025-11-27T18:14:31.000Z,1786152462.531355
1aihk,user,o1.,,False,,7,0,1,4,31,0,0,,2026-01-08T11:59:16.000Z,1786152464.5277784
1badrun,user,badrun,,False,,3,0,0,0,0,0,0,,2026-06-21T23:56:05.000Z,1786152466.5266094
1begovoy,user,1begovoy,,False,,1,0,0,0,1,0,0,,2025-06-24T20:43:29.000Z,1786152468.5273144
1aozi,user,Scott Adams,,False,,1,0,1,0,0,0,0,,2023-11-11T03:20:42.000Z,1786152470.530539
1bonkq,user,bonk,,False,,2,0,0,0,0,0,0,,2024-04-18T20:25:23.000Z,1786152472.525629
1ceberg9,user,Liu,,False,,1,0,0,0,0,0,0,,2023-09-07T06:56:38.000Z,1786152474.5262427
1bconvert,user,sas,,False,,2,0,1,0,0,0,0,,2026-06-15T19:55:24.000Z,1786152476.5331311
1brixe,user,Brix McKoy,,False,,1,0,0,0,0,0,0,,2023-11-11T17:13:55.000Z,1786152478.5263495
1charlynot2,user,Njukwe Junior,,False,,1,0,0,0,0,0,0,,2025-10-01T12:15:28.000Z,1786152480.5276954
1convitzz1k,user,Con Vit,,False,,1,0,0,0,0,0,0,,2025-01-25T08:54:32.000Z,1786152482.5324147
1c1,user,Bbb,,False,,1,0,12,0,7,11,0,,2026-02-24T09:14:24.000Z,1786152484.5269856
1celikfurkan,user,furkan celık,,False,,1,0,0,0,0,0,0,,2022-05-26T14:04:06.000Z,1786152486.5330236
1bitLLM,user,1bitLLM,,False,,3,0,0,325,3,1,0,,2024-03-27T12:28:32.000Z,1786152488.531857
1d4,user,df,,False,,1,0,0,0,0,0,0,,2026-04-05T12:51:02.000Z,1786152490.5305643
1cor13,user,Derrick J Kwagala,,False,,2,2,0,0,0,0,0,,2025-06-17T09:58:20.000Z,1786152492.6094444
1d2c3v,user,jay hu,,False,,1,0,0,0,0,0,0,,2024-06-12T13:37:19.000Z,1786152494.5288627
1chacha1,user,cha,,False,,2,0,0,0,0,0,0,,2026-03-01T13:23:59.000Z,1786152496.5311587
1dONMnSGXe,user,sNZH2rXtBE,,False,,1,0,0,0,0,0,0,,2025-06-06T23:13:52.000Z,1786152498.5306501
1darkneto8,user,Itizi Neto,,False,,3,0,0,0,0,0,0,,2023-05-16T07:37:11.000Z,1786152500.5286863
1dFU73bDUY,user,hyiJAv9otj,,False,,1,0,0,0,0,0,0,,2025-06-06T03:59:54.000Z,1786152502.5314667
1ch,user,Jack Christ,,False,,1,0,0,0,2,0,0,,2024-04-24T08:19:47.000Z,1786152506.5326738
1davidI,user,David Ilogbelu,,False,,1,0,0,0,0,0,0,,2023-05-09T04:48:23.000Z,1786152508.5335157
1deepaksrinivas,user,Deepak,,False,,1,0,0,0,1,0,0,,2025-01-25T00:30:20.000Z,1786152510.5274928
1czl66,user,ww,,False,,1,0,0,0,0,0,0,,2025-08-17T16:37:32.000Z,1786152512.529575
1e12Leon,user,LiangYao,,False,,2,3,0,4,1,2,8,,2024-10-21T09:03:14.000Z,1786152514.5589156
1chae,user,songchaewon,,False,,25,0,0,0,0,0,0,,2024-02-07T06:40:29.000Z,1786152516.528069
1duo,user,Yuduo Wu,,False,,1,0,0,6,4,0,0,,2022-09-24T16:30:08.000Z,1786152518.534788
1ease2,user,asd,,False,,1,1,0,0,0,0,0,,2025-07-24T16:19:52.000Z,1786152520.5354002
1efd,user,Petros Polychronopoulos,,False,,1,0,0,0,0,0,0,,2026-02-19T10:20:00.000Z,1786152522.5667372
1eleow,user,Leow,,False,,3,0,0,0,0,0,0,,2025-06-20T09:58:09.000Z,1786152524.5472078
1een,user,Leen,,False,,1,1,7,0,17,0,0,,2023-04-23T05:11:36.000Z,1786152526.5351913
1dandi779,user,Abdurrahman Dandi,,False,,1,0,2,0,0,1,0,,2026-01-31T10:13:47.000Z,1786152528.5353293
1em0n,user,Hello,,False,,2,0,0,0,0,0,0,,2024-09-06T07:14:50.000Z,1786152530.530361
1emax,user,yevh k,,False,,1,0,0,0,0,0,0,,2025-03-04T21:09:11.000Z,1786152532.5313358
1eliaaan,user,Hdz,,False,,1,0,0,0,1,0,0,,2025-02-18T03:43:16.000Z,1786152534.5293527
1elsa1,user,sa,,False,,1,0,0,0,0,0,0,,2023-06-28T10:05:36.000Z,1786152536.5365045
1braincell,org,Last Braincells Standing,,,False,1,0,0,3,,,0,3,,1786152538.5307314
1ez,user,real,,False,,1,0,0,0,4,0,0,,2024-04-09T06:02:28.000Z,1786152540.5475013
1erotrader,user,Luis Gomez,,False,,1,0,0,0,0,0,0,,2024-12-04T20:06:43.000Z,1786152542.53215
1dfs6df,user,田文远,,False,,3,0,0,0,0,0,0,,2025-04-06T03:50:16.000Z,1786152544.5322013
1eyedface,user,Face,,False,,2,0,0,0,0,0,0,,2025-11-04T10:36:25.000Z,1786152546.5375788
1farhanale,user,Farhan Ali,,False,,1,0,0,0,0,0,0,,2025-10-11T13:20:04.000Z,1786152548.5392864
1daniar,user,Shakiev Daniar,,False,,14,0,0,0,0,0,0,,2023-07-17T07:14:19.000Z,1786152550.5285108
1donshemyan,user,Carl Omeally,,False,,2,0,0,1,0,0,0,,2025-11-16T08:11:27.000Z,1786152552.5391538
1gen23dec,user,Anil Mehra,,False,,4,0,0,0,0,0,0,,2023-09-23T13:52:49.000Z,1786152554.5333524
1genieur,user,PTS,,False,,1,0,0,0,0,0,0,,2025-02-03T22:31:44.000Z,1786152556.5356522
1fuck,user,you,,False,,1,0,0,0,0,0,0,,2026-03-19T00:05:42.000Z,1786152558.5318716
1glabs,user,1glabs,,False,,5,0,0,0,0,0,0,,2023-03-17T09:51:41.000Z,1786152560.5342653
1earner1,user,one learner,,False,,13,0,0,0,2,0,0,,2023-07-06T00:36:14.000Z,1786152562.56829
1g0rrr,user,Igor,,True,,25,480,1,0,0,0,0,,2023-04-25T07:03:31.000Z,1786152564.540651
1gagoogag1,user,gagoogag,,False,,1,0,0,0,0,0,0,,2022-11-18T11:10:54.000Z,1786152566.5365238
1havaidea,user,1,,False,,1,0,0,0,0,0,0,,2026-05-16T02:11:10.000Z,1786152568.5424588
1himan,user,Vanshu,,False,,1,0,0,0,0,1,0,,2025-04-09T06:23:29.000Z,1786152570.5340889
1f,user,Yifu Chen,,False,,2,2,0,0,3,1,4,,2024-05-16T11:13:26.000Z,1786152572.534128
1hook12,user,ty,,False,,1,0,2,0,0,0,0,,2024-06-21T19:37:15.000Z,1786152574.5669355
1i5oi5k15jb5,user,p14okjl5hkj156h,,False,,1,0,0,0,0,0,0,,2026-05-14T13:38:25.000Z,1786152576.5340385
1ifestone,user,周聖詠,,False,,5,1,2,2,0,0,0,,2024-07-29T07:14:59.000Z,1786152578.5534587
1h4healthline,user,Farhan Ali,,False,,2,0,0,0,0,0,0,,2025-10-08T21:37:11.000Z,1786152580.5313203
1ghub,user,obo,,False,,4,1,0,0,0,0,0,,2026-04-16T03:14:28.000Z,1786152582.5325918
1ikhan,user,Ish,,False,,4,8,0,0,0,4,0,,2023-04-11T02:38:31.000Z,1786152584.5334094
1internet,user,Nick Bown,,False,,4,0,0,0,0,0,0,,2023-06-20T15:17:04.000Z,1786152586.5333717
1itai1,user,Itai Bear,,False,,6,0,0,0,0,0,0,,2022-08-31T10:23:49.000Z,1786152588.5351868
1iz,user,Lisa Matsukura,,False,,1,0,0,0,0,0,0,,2025-02-08T07:05:44.000Z,1786152590.5361712
1gorshkov,user,Evgeniy,,False,,1,0,0,0,0,0,0,,2025-02-11T10:23:36.000Z,1786152592.5506544
1harsha,user,harsha h,,False,,1,0,2,0,0,0,0,,2024-04-01T10:50:43.000Z,1786152594.5379846
1intan99,user,Intan,,False,,1,0,0,0,0,0,0,,2023-12-17T18:22:26.000Z,1786152596.5374365
1fef,user,ef,,False,,1,0,0,0,3,0,0,,2025-03-12T01:54:22.000Z,1786152598.5338748
1everyone,user,Everyone,,False,,1,0,0,0,0,0,0,,2024-11-15T17:44:50.000Z,1786152600.5323532
1hugh,user,hugh L,,False,,1,0,0,0,0,0,0,,2026-04-01T03:26:47.000Z,1786152602.5371473
1junee,user,허원준,,False,,1,0,0,0,0,0,0,,2025-05-11T06:05:56.000Z,1786152604.5358694
1jasonlaoma,user,111jasonlaooma,,False,,1,0,0,0,0,0,0,,2026-03-28T13:55:23.000Z,1786152608.536847
1kaiser,user,kaiser roy,,False,,4,3,0,0,3,0,0,,2025-01-18T08:50:55.000Z,1786152610.5366943
1jamesthompson1,user,James Thompson,,False,,22,1,3,0,3,1,0,,2024-02-01T15:54:19.000Z,1786152612.54261
1javid,user,Javid Alakbarli,,False,,1,1,2,0,0,0,0,,2023-11-09T06:20:37.000Z,1786152614.5369945
1kashafmaqsood,user,Kashaf Maqsood,,False,,3,0,0,0,0,0,0,,2025-04-07T05:37:04.000Z,1786152618.5414135
1kbooks,user,Kohei Sembuku,,False,,2,0,0,1,1,0,0,,2024-09-06T05:18:57.000Z,1786152620.5365224
1jbB,org,8,,,False,1,0,1,1,,,0,1,,1786152622.5374866
1kele,user,Mikle,,False,,1,0,0,0,0,0,0,,2026-03-02T12:15:04.000Z,1786152624.5563438
1k,user,1k,,False,,1,0,0,0,0,0,0,,2023-02-27T01:55:30.000Z,1786152626.5387177
1kliffwonder,user,Clifford Amaning ,,False,,1,0,0,0,0,0,0,,2024-05-19T08:46:58.000Z,1786152628.5386665
1inkus,org,1ink.us,,,False,1,0,0,2,,,0,2,,1786152630.5377257
1jKbthg9bN,user,qJGCiJdITX,,False,,1,0,0,0,0,0,0,,2025-06-05T06:48:14.000Z,1786152632.5368783
1kuldeep,user,Kuldeepjoshi,,False,,1,0,9,0,0,0,0,,2026-01-21T18:23:25.000Z,1786152634.5446663
1kxia,user,Yiqian Xia,,False,,4,0,0,0,0,0,0,,2025-10-16T08:59:08.000Z,1786152636.5369804
1kkiren,user,Dmitrii Kuzmin,,False,,1,0,0,0,0,0,0,,2023-05-27T23:18:43.000Z,1786152638.5377755
1l2x-r,user,petrus du randt,,False,,1,0,1,0,1,0,0,,2026-05-27T07:09:37.000Z,1786152640.540409
1kpa,user,Joedson Rodrigues,,False,,1,0,0,0,0,0,0,,2025-03-10T16:37:20.000Z,1786152642.5384011
1leiW,user,Yilei Wang,,False,,1,0,0,0,0,0,0,,2026-05-31T09:16:09.000Z,1786152644.5356843
1lateprince,user,lateprince,,False,,1,0,0,0,0,0,0,,2025-10-16T01:26:28.000Z,1786152646.5409186
1lili2,user,zhangyuhan,,False,,2,0,0,0,0,0,0,,2026-03-11T08:41:41.000Z,1786152648.5367815
1littlecoder,user,1littlecoder,,False,,4,3,10,4188,38,14,0,,2023-07-19T12:23:37.000Z,1786152650.5573194
1llyasviel,user,junhao,,False,,2,0,0,0,0,2,0,,2025-05-06T07:20:00.000Z,1786152652.5412521
1klyde,user,klyde,,False,,1,0,0,0,0,0,0,,2023-10-22T19:35:52.000Z,1786152654.5368783
1kz,user,1,,False,,11,2,0,2,3,1,0,,2025-11-05T22:40:42.000Z,1786152656.5410142
1leven,user,MinSung Kim,,False,,1,0,0,0,0,0,0,,2023-02-21T12:08:46.000Z,1786152658.6813157
1luckyb,user,Stian Arne Lorentzen,,False,,1,0,0,0,0,0,0,,2025-04-16T11:40:34.000Z,1786152660.5562267
1m1ne6,user,Luiz Carlos,,False,,1,0,0,0,0,0,0,,2025-01-26T18:39:31.000Z,1786152662.5446818
1kazmi,user,SHAHBAZ KAZMI,,False,,5,0,0,0,0,0,0,,2024-08-01T18:27:48.000Z,1786152664.5410178
1ma1m,user,Nutnaree Duangdee,,False,,2,0,0,0,0,0,0,,2024-08-20T01:24:37.000Z,1786152666.5425732
1mage,user,Mingjing Yi,,False,,1,0,0,0,0,0,0,,2024-05-21T08:51:40.000Z,1786152668.5415618
1lock,user,one_lock,,False,,67,16,0,0,0,31,0,,2024-10-04T19:58:53.000Z,1786152670.5434933
1ly4,user,Illia,,False,,7,0,0,0,0,0,0,,2026-03-02T20:15:34.000Z,1786152672.5419881
1luuhdav,user,Davey J,,False,,1,0,0,0,0,0,0,,2024-02-15T03:18:19.000Z,1786152674.5397317
1mchlkrpch,user,Michael,,False,,10,0,0,0,0,0,0,,2025-03-23T00:49:04.000Z,1786152676.5455685
1manr1,user,Iman,,False,,1,0,0,0,0,0,0,,2025-07-20T09:20:32.000Z,1786152678.5388305
1miaow,user,qi,,False,,1,0,0,0,0,0,0,,2026-03-30T03:24:16.000Z,1786152680.5432096
1migueloai,user,Ed Miguel,,False,,1,0,0,0,0,0,0,,2024-08-24T13:46:08.000Z,1786152682.5423527
1mdshahinur,user,Rahman,,False,,1,0,0,0,0,0,0,,2025-05-11T18:03:13.000Z,1786152684.5405157
1millionskill,user,Jake Febro,,False,,1,0,1,0,0,0,0,,2025-09-13T01:39:41.000Z,1786152686.5426462
1miqi1,user,Mikołaj Woźniak,,False,,1,0,0,0,0,0,0,,2026-03-02T13:59:20.000Z,1786152688.578013
1mind,user,김신회,,False,,3,0,0,0,0,0,0,,2024-03-23T04:12:05.000Z,1786152690.5409613
1kele32,user,Mikle,,False,,1,0,0,0,0,0,0,,2026-03-10T17:47:13.000Z,1786152692.53961
1mala,user,Malaika Arshad,,False,,1,0,1,0,0,0,0,,2026-03-29T08:24:17.000Z,1786152694.5447512
1mm4,user,Mike Huggingface,,False,,1,0,0,0,0,0,0,,2023-04-16T02:57:17.000Z,1786152696.5444648
1juanromero,user,Juan Pablo Romero,,False,,1,0,0,0,0,0,0,,2023-09-11T04:17:31.000Z,1786152698.5468473
1keeer,user,Azurmendi,,False,,62,0,0,0,0,0,0,,2024-05-06T09:56:57.000Z,1786152700.5422795
1mnwlkr,user,Dadajanov,,False,,1,0,0,0,0,0,0,,2024-04-02T09:58:29.000Z,1786152702.5435255
1monic12t,user,Monica Everet,,False,,1,0,0,0,0,0,0,,2025-07-20T02:22:55.000Z,1786152704.5433176
1morecupofhottea,user,Leangsreng SREAN,,False,,5,0,0,0,5,0,0,,2025-05-23T04:22:03.000Z,1786152706.5506985
1mpreccable,user,ed,,False,,1,0,2,0,1,1,0,,2024-09-11T13:10:51.000Z,1786152708.5468802
1maximilians,user,rez,,False,,1,0,0,0,0,0,0,,2025-05-28T06:41:20.000Z,1786152710.5465217
1mohitmanoj,user,MOHIT MANOJ,,False,,2,0,0,0,0,0,0,,2023-08-07T13:55:32.000Z,1786152712.5452304
1musty,user,Almustapha Yusuf,,False,,4,1,0,0,1,0,0,,2026-02-26T13:16:00.000Z,1786152714.5451386
1mtra,user,dog,,False,,1,0,0,0,0,0,0,,2025-06-05T09:31:57.000Z,1786152716.5460691
1n0x,user,C7b3rHug,,False,,1,0,0,2,38,0,0,,2023-03-05T18:37:06.000Z,1786152718.5760102
1moedad,user,Mohammad Almokdad,,False,,1,0,0,0,0,0,0,,2025-01-07T10:25:26.000Z,1786152720.5508404
1m4ryan,user,Aryan,,False,,1,0,0,0,0,0,0,,2024-10-07T09:48:30.000Z,1786152722.5480359
1nF0rmed,user,Pradyumna Rahul K,,False,,5,7,0,0,6,1,0,,2025-06-14T13:30:55.000Z,1786152724.554647
1mmortall,user,nwx,,False,,1,2,7,1,0,1,0,,2025-07-13T10:52:51.000Z,1786152726.555138
1nceuponapanda,user,Suraj Prakash,,False,,2,0,0,0,0,0,0,,2023-09-04T13:05:47.000Z,1786152728.5471392
1nG,user,Khanh Nguyen,,False,,2,0,0,0,4,0,0,,2024-06-03T15:00:10.000Z,1786152730.5492277
1nchy,user,wangyinqi23,,False,,1,0,0,0,0,0,0,,2025-02-03T03:30:22.000Z,1786152732.5506525
1msaddd,user,Steven,,False,,1,0,1,0,0,0,0,,2025-12-09T16:32:56.000Z,1786152734.548911
1mkbirnt,user,Subham,,False,,1,0,0,0,0,0,0,,2025-04-06T11:05:14.000Z,1786152736.5480042
1ndianajones,user,Indi Kusuma,,False,,9,6,0,1,0,1,0,,2025-05-12T16:23:24.000Z,1786152738.545129
1nferno,user,Ritam Behwal,,False,,1,0,3,0,85,1,0,,2022-07-27T19:12:05.000Z,1786152740.5557668
1nfuse,user,infuse,,False,,4,0,0,0,0,0,0,,2024-10-21T17:36:23.000Z,1786152742.5516896
1mj,user,Manishjain,,False,,1,0,0,0,0,0,0,,2024-12-27T12:25:47.000Z,1786152744.5440738
1neon1,user,vlNeoNlv,,False,,1,0,0,0,0,0,0,,2025-03-19T11:18:24.000Z,1786152746.546034
1nnocent,user,Innocent Anyaele,,False,,3,1,0,0,0,0,0,,2023-08-26T18:32:06.000Z,1786152748.5449996
1nhye,user,Inhye Yang,,False,,4,0,0,0,0,0,0,,2024-02-09T18:11:21.000Z,1786152750.5501294
1nspird,user,1nspird,,False,,1,0,2,0,0,0,0,,2024-04-15T21:10:34.000Z,1786152752.547574
1nk1nc,user,1nk1nc,,False,,1,0,0,0,0,0,0,,2025-06-08T12:55:32.000Z,1786152754.547362
1na37,user,Ina Alyani,,False,,1,0,1,0,0,0,0,,2026-02-25T12:24:46.000Z,1786152756.5471523
1oB,user,1oB Inc.,,False,,1,0,0,0,0,0,0,,2025-07-20T07:56:27.000Z,1786152758.565237
1nth3w1nd,user,1nth3w1nd,,False,,1,0,0,0,0,0,0,,2023-12-22T03:10:42.000Z,1786152760.5513194
1nuno,user,nuno miguel,,False,,1,0,0,0,0,0,0,,2022-12-19T17:27:11.000Z,1786152762.5493643
1n3skh,user,Ines,,False,,1,0,0,0,0,0,0,,2021-04-11T11:17:54.000Z,1786152764.5466611
1nf1n1t3L8p,user,mugennojunin,,False,,3,1,0,0,0,0,0,,2026-05-20T00:31:30.000Z,1786152766.5498457
1omeerf,user,Ömer Faruk,,False,,5,1,0,0,1,1,0,,2025-08-15T19:28:20.000Z,1786152768.571314
1ohsaka,user,Tohsaka,,False,,1,0,0,1,5,0,0,,2023-05-25T09:53:34.000Z,1786152770.5489898
1never,user,Michimasa Inaba,,False,,2,0,0,0,0,0,0,,2022-09-17T06:35:12.000Z,1786152772.5494528
1ong,user,long,,False,,1,0,0,0,0,0,0,,2023-09-06T01:02:41.000Z,1786152774.5506086
1of2,user,1of2.ai,,True,,3,0,0,0,1,0,0,,2023-04-12T00:20:21.000Z,1786152776.5488687
1ou2,user,Gabriel Pastor,,False,,1,5,0,0,0,0,0,,2025-02-23T20:33:19.000Z,1786152778.5542927
1ostic,user,Jotham Gao,,False,,2,0,0,0,0,0,0,,2023-07-10T18:00:07.000Z,1786152780.5484877
1only,user,one,,False,,1,0,0,0,0,0,0,,2025-12-12T06:26:44.000Z,1786152782.5468013
1odary,user,1odary,,False,,2,0,0,0,0,0,0,,2026-01-13T14:56:16.000Z,1786152784.5544348
1nstaller,user,Jiao,,False,,11,1,0,1,0,1,0,,2024-08-02T03:45:13.000Z,1786152786.5483794
1paneman,user,Yasu Takahashi,,False,,1,0,0,0,0,1,0,,2023-02-16T02:35:42.000Z,1786152788.5581791
1pYp0gV2Gx,user,YZJqS40D24,,False,,1,0,0,0,0,0,0,,2025-06-06T03:33:02.000Z,1786152790.551222
1plus1,user,Duy Nguyen,,False,,1,0,4,1,6,1,0,,2024-10-09T15:23:41.000Z,1786152792.5516183
1onutz,user,Ionut Marinescu,,False,,1,0,0,0,0,0,0,,2023-04-10T12:25:26.000Z,1786152794.5521667
1numan1,user,Numan,,False,,1,0,0,0,0,0,0,,2024-08-22T22:34:20.000Z,1786152796.556588
1prince,user,katiyar,,False,,1,0,1,0,0,0,0,,2023-10-10T08:23:10.000Z,1786152798.555027
1oneguystudio,user,Yassin,,False,,1,0,0,0,0,0,0,,2026-03-22T21:24:12.000Z,1786152800.5500739
1q2W3e,user,qqqq,,False,,7,0,0,7,0,0,0,,2022-12-30T07:32:32.000Z,1786152802.553268
1pinigai,user,Tomas,,False,,1,0,0,0,0,0,0,,2025-10-24T15:33:28.000Z,1786152804.5509987
1pperalta,user,Pablo David Peralta,,False,,1,0,0,1,0,0,0,,2024-07-11T14:52:57.000Z,1786152806.551925
1plike,user,1plike140,,False,,1,0,0,0,0,0,0,,2022-10-09T10:58:29.000Z,1786152808.5506027
1professor1,user,Игорь Коренев,,False,,1,0,0,0,0,0,0,,2024-08-13T12:20:53.000Z,1786152810.5577483
1q2wsdgfa,user,WEQWEQ,,False,,1,0,0,0,0,0,0,,2023-12-18T17:56:57.000Z,1786152812.5519195
1qatech,user,1qa,,False,,1,0,0,0,0,0,0,,2025-11-03T15:05:13.000Z,1786152814.641162
1qCHx8zS9Xtk1,user,ukyg,,False,,1,0,0,0,0,0,0,,2025-05-28T06:45:33.000Z,1786152816.5497293
1q2w3e4r5t,user,daeyoung kim,,False,,4,2,0,0,0,0,0,,2023-05-21T01:06:06.000Z,1786152818.5580194
1q2w3er1234,user,kimminkyu,,False,,4,5,0,0,0,0,0,,2024-04-22T11:58:24.000Z,1786152820.551363
1pjohnson1,user,Penelope Johnson,,False,,1,1,0,0,0,0,0,,2025-05-02T19:03:38.000Z,1786152822.6014166
1qefdda,user,dklifg20,,False,,1,0,1,0,1,0,0,,2025-02-02T04:46:46.000Z,1786152824.5547702
1qazxsw,user,test,,False,,1,0,0,0,0,2,0,,2023-05-16T06:52:06.000Z,1786152826.5536816
1qad,user,q,,False,,1,0,1,0,0,0,0,,2025-10-27T18:03:47.000Z,1786152828.5552788
1r1r2r1er,user,111r1r12r1r,,False,,1,0,0,0,0,0,0,,2023-11-15T21:58:10.000Z,1786152830.5539408
1rainmaker,user,Naren,,False,,1,0,0,0,0,0,0,,2025-02-12T20:42:32.000Z,1786152832.763206
1raman23,user,Rajpal Singh,,False,,1,1,0,0,0,0,0,,2026-03-23T22:38:15.000Z,1786152834.549884
1rapeem,user,1rapeem,,False,,1,0,1,0,0,0,0,,2026-03-12T01:32:22.000Z,1786152836.5738137
1peter,user,Park,,False,,1,0,0,0,0,0,0,,2023-07-29T17:06:47.000Z,1786152838.5527554
1qh,user,Lai Quang Huy,,False,,24,0,0,2,3,0,0,,2022-09-29T07:42:03.000Z,1786152840.5556157
1remorse,user,One Remorse,,False,,1,0,0,0,0,0,0,,2026-06-08T20:32:56.000Z,1786152842.5571609
1qaz2wsxcde3,user,이승찬,,False,,1,0,0,0,0,0,0,,2025-10-22T08:51:13.000Z,1786152844.6687157
1preethi,user,preethi,,False,,1,0,0,0,0,0,0,,2025-07-10T17:14:12.000Z,1786152846.5532427
1rddddr1,user,Evelyn Miller,,False,,2,0,0,0,0,0,0,,2025-09-22T06:23:01.000Z,1786152848.5559757
1r0nm4g3,user,Michael,,False,,1,0,0,0,0,0,0,,2023-08-27T13:34:48.000Z,1786152850.551073
1riteupai,user,Ashley Briggs,,False,,3,0,0,0,0,0,0,,2026-02-09T20:43:47.000Z,1786152852.554505
1s,user,1,,False,,1,0,3,0,77,26,0,,2022-08-16T16:00:06.000Z,1786152854.567235
1rvinn,user,Irvin Sachdeva,,False,,1,0,0,0,1,0,0,,2026-07-09T15:29:36.000Z,1786152856.5525725
1r1w,user,whitestone,,False,,8,2,0,0,0,0,0,,2025-05-23T04:08:11.000Z,1786152858.5645795
