name,type,fullname,plan,isPro,isVerified,numModels,numDatasets,numSpaces,numFollowers,numLikes,numDiscussions,numPapers,numUsers,createdAt,crawled_at
haqpl,user,haqpl,,False,,1,0,0,0,0,0,0,,2024-10-25T16:31:38.000Z,1786022785.92207
haqthat,user,John P,,False,,1,0,0,0,1,0,0,,2022-12-09T16:49:23.000Z,1786022827.992839
haquanguyen,user,haquanguyen,,False,,1,0,0,0,0,0,0,,2025-04-23T14:39:33.000Z,1786022828.0398314
haquedmd,user,Umar Haque,,False,,1,0,0,0,0,0,0,,2025-02-01T04:05:41.000Z,1786022828.0419567
har1zarD,user,Haris Velic,,False,,2,1,0,0,0,0,0,,2025-02-10T12:39:56.000Z,1786022828.0529194
har55,user,haresh,,False,,5,2,1,0,1,1,0,,2023-07-01T11:43:53.000Z,1786022828.056093
har1,user,Harikrishnan KC,,False,,3,1,0,1,2,0,0,,2023-06-28T15:11:34.000Z,1786022828.0587575
harIs8,user,haris,,False,,3,0,1,0,0,3,0,,2025-07-23T17:57:46.000Z,1786022828.0599031
hara0424,user,Jeonhara,,False,,2,0,0,0,0,0,0,,2025-11-04T06:46:29.000Z,1786022828.0882053
hara-CU,user,Takeshi Haraguchi,,False,,7,1,0,1,0,0,0,,2024-09-05T07:15:47.000Z,1786022828.0917788
hara29,user,Cindy Maharani,,False,,1,0,0,0,0,0,0,,2025-08-08T16:25:53.000Z,1786022828.0949903
haradatm,user,Tomohiko HARADA,,False,,1,0,0,0,0,0,0,,2022-06-11T22:41:31.000Z,1786022828.100612
harada2025,user,Harada Katsuhiro,,False,,1,0,0,0,0,0,0,,2026-03-22T11:02:33.000Z,1786022828.103483
haraberget,user,Espen Hæhre,,False,,3,1,12,4,92,6,0,,2024-06-09T15:37:34.000Z,1786022828.1190612
haradeepmara,user,Haradeep Mara,,False,,1,0,0,0,0,0,0,,2025-07-24T11:22:24.000Z,1786022828.1358864
haraheru,user,haraheru,,False,,4,0,0,0,0,0,0,,2025-04-24T23:56:10.000Z,1786022828.1385126
harahara2016,user,guru,,False,,2,2,4,0,0,2,0,,2025-07-21T01:47:02.000Z,1786022828.144976
haraisi,user,Rasi Ha,,False,,1,0,0,0,0,0,0,,2024-12-15T08:48:20.000Z,1786022828.1460361
harakiriartist,user,hara kiri,,False,,5,0,2,0,0,0,0,,2023-10-30T16:06:56.000Z,1786022828.1476033
harakudashi,user,full tomo,,False,,2,0,0,1,0,0,0,,2023-04-07T15:00:14.000Z,1786022828.1630116
haralabidis,user,Patrick Haralabidis,,False,,4,0,0,0,0,0,0,,2023-03-31T05:52:42.000Z,1786022828.1821964
harald0469,user,Harald,,False,,1,0,0,0,0,0,0,,2025-01-23T17:00:10.000Z,1786022828.1869907
haran-2003,user,Haran Govindan,,False,,1,0,0,0,0,0,0,,2025-01-05T14:13:07.000Z,1786022828.1930938
haramjang,user,jangharam,,False,,7,0,0,0,0,0,0,,2023-10-09T01:11:27.000Z,1786022828.194137
haran-nallasivan,user,Haran Nallasivan,,False,,1,1,0,0,1,0,0,,2024-10-22T01:55:17.000Z,1786022828.1948738
haran2001,user,Hariharan Ayappane,,False,,1,0,0,0,2,0,0,,2024-03-28T17:24:57.000Z,1786022828.212577
haranagasai,user,Hara Naga Sai Ramisetty,,False,,1,0,0,0,0,0,0,,2024-08-04T09:41:38.000Z,1786022828.2292564
haramberesearch,org,Harambe Research,,,False,1,0,0,2,,,0,1,,1786022828.232751
haranboyaiml,user,Harish Chandran,,False,,1,0,0,0,0,0,0,,2025-03-19T11:46:02.000Z,1786022828.2352588
harangstar,user,yu,,False,,5,3,0,0,0,2,0,,2024-04-29T02:21:09.000Z,1786022828.2385108
harao-ml,user,Harini R,,False,,1,0,3,0,3,0,0,,2025-05-06T19:09:28.000Z,1786022828.2395496
harang213,user,이하랑,,False,,1,0,0,0,0,0,0,,2024-07-09T01:01:09.000Z,1786022828.2415056
haraouikouceil,user,kouceila haraoui,,False,,4,6,0,0,3,0,0,,2024-11-15T14:36:29.000Z,1786022828.2618732
haraprsd,user,Hara Prsd,,False,,1,0,0,0,0,0,0,,2026-03-29T13:04:28.000Z,1786022828.2786074
harari,user,Naoto Otsuka,,False,,3,1,0,0,3,0,0,,2022-08-24T05:24:32.000Z,1786022828.2799013
hararid,user,Danny Harari,,False,,1,0,0,0,0,0,0,,2025-05-21T06:57:33.000Z,1786022828.2809536
harasar,user,Harsh Saraswat,,False,,1,2,8,0,0,0,0,,2025-05-03T14:34:17.000Z,1786022828.2821352
harasis39,user,Mahmoud harasis,,False,,1,0,0,0,0,0,0,,2025-10-05T05:47:06.000Z,1786022828.2832952
haratai,user,taichi harada,,False,,47,0,0,0,0,0,0,,2024-11-06T12:27:09.000Z,1786022828.2891164
harataku,user,Takuya Hara,,False,,1,0,0,0,0,0,0,,2024-12-14T07:21:26.000Z,1786022828.3069255
haraygese,user,fariaaupee,,False,,3,0,0,0,0,6,0,,2023-06-09T07:40:52.000Z,1786022828.3239815
harcasam,user,Samuel Harčár,,False,,1,0,0,0,0,0,0,,2025-12-31T16:50:08.000Z,1786022828.3251772
harbour,user,Haotong Tian,,False,,1,0,0,0,0,0,0,,2023-06-14T17:59:43.000Z,1786022828.3261502
harchana11,user,HARCHANA RAMESH,,False,,1,0,0,0,0,0,0,,2025-04-24T03:43:56.000Z,1786022828.3287578
harborwater,user,harborwater,,False,,7,0,0,8,0,21,0,,2023-05-16T11:00:16.000Z,1786022828.3299875
harcor,user,steve harris,,False,,2,0,0,0,0,0,0,,2024-01-16T22:08:02.000Z,1786022828.352474
harbinder04,user,Harbinder Singh,,False,,2,0,0,0,2,0,0,,2024-12-27T13:31:02.000Z,1786022828.3611476
harcuracy619,user,Akande Soji,,False,,2,0,0,0,0,0,0,,2024-12-06T09:14:45.000Z,1786022828.3700628
hard007ik,user,Hardik Makwana,,False,,4,0,5,0,0,0,0,,2025-08-04T16:12:57.000Z,1786022828.372003
hardCODEDai,user,Robert Coded,,False,,1,0,3,0,0,0,0,,2025-11-06T17:39:51.000Z,1786022828.373159
hard717,user,Harre Bams Ayma Aranda,,False,,1,0,0,0,0,0,0,,2026-06-03T05:56:49.000Z,1786022828.3776267
hardarakha,user,Hardatama Rakha Ugraha,,False,,1,0,0,0,0,0,0,,2024-11-05T13:33:38.000Z,1786022828.3987334
hardaur,user,Gerald,,False,,2,0,0,0,0,0,0,,2024-04-01T21:27:53.000Z,1786022828.4091253
hardboners69,user,Alexander Thompson,,False,,1,0,0,0,0,0,0,,2025-06-20T21:54:15.000Z,1786022828.415519
hardblock,user,James Crosbie,,False,,1,0,0,0,0,0,0,,2024-02-05T14:02:15.000Z,1786022828.4175386
hardbhai,user,hard kumar,,False,,1,0,0,0,0,0,0,,2025-03-09T03:00:48.000Z,1786022828.4234107
hardbop,user,James Nguyen,,False,,1,0,0,0,0,1,0,,2023-07-19T00:02:44.000Z,1786022828.4271033
hardcase23,user,hardcase,,False,,2,0,0,0,0,0,0,,2026-03-22T12:14:21.000Z,1786022828.4441557
hard56961,user,@gmail.com,,False,,1,0,3,0,0,0,0,,2025-11-14T00:18:15.000Z,1786022828.4484649
hardcoreerik,user,E E,,False,,1,0,0,0,0,0,0,,2022-12-06T15:52:41.000Z,1786022828.4578712
hardcoded74,user,Steven Glover,,False,,2,0,0,0,0,0,0,,2026-04-01T04:29:34.000Z,1786022828.4586837
hardcore78,user,mm,,False,,1,0,0,0,0,0,0,,2025-09-02T07:27:17.000Z,1786022828.4601257
hardcoremoore,user,richard Moore,,False,,11,2,8,0,1,3,0,,2026-05-23T13:34:28.000Z,1786022828.4704368
hardcoremoore699,user,richard Moore,,False,,1,0,1,0,0,0,0,,2026-04-30T18:45:33.000Z,1786022828.4747632
hardest99,user,Souhan Kutsuki,,False,,1,0,0,0,0,0,0,,2026-06-15T05:18:37.000Z,1786022828.4944701
hardest,user,Michele Mostarda,,False,,1,0,0,2,1,0,0,,2024-09-05T14:06:01.000Z,1786022828.495553
hardesttype,user,Nikita,,False,,1,0,1,0,7,0,0,,2024-09-15T11:07:45.000Z,1786022828.5038817
hardeybisey,user,Idris Adebisi,,False,,1,0,0,0,0,0,0,,2022-12-20T16:37:00.000Z,1786022828.5053487
hardevshah32,user,Hardik Shah,,False,,1,0,0,0,0,0,0,,2024-11-12T17:40:05.000Z,1786022828.5064816
hardfister,user,Yanhan Liu,,False,,1,0,0,0,0,0,0,,2026-06-07T06:09:17.000Z,1786022828.5169296
hardfish,user,宋先生,,False,,1,0,0,0,3,4,0,,2023-07-27T05:30:54.000Z,1786022828.5205126
hardhacker17,user,Vipin Karthic,,False,,2,0,0,0,0,0,0,,2025-10-11T21:00:51.000Z,1786022828.5384226
hardhat,user,Dale Wick,,False,,1,0,0,0,0,0,0,,2023-09-12T04:12:11.000Z,1786022828.5405073
hardhdhfiuh,user,hk,,False,,1,0,0,0,0,0,0,,2025-02-28T16:32:34.000Z,1786022828.5471442
hardhiksonu,user,Y,,False,,4,0,0,0,0,0,0,,2024-01-20T14:16:33.000Z,1786022828.5534098
hardheart92,user,Alex,,False,,1,0,0,0,0,0,0,,2023-03-06T18:26:56.000Z,1786022828.5543888
hardi11,user,anto,,False,,1,0,3,0,0,1,0,,2022-12-09T10:48:54.000Z,1786022828.5661955
hardhtrhahbkwd,user,eve jases,,False,,1,0,0,0,0,0,0,,2025-07-04T22:20:45.000Z,1786022828.5685418
hardik-0212,user,Hardik Dhamel,,False,,2,2,5,3,0,0,0,,2025-06-05T06:51:41.000Z,1786022828.5805156
hardik-id,user,Hardik Patel,,False,,1,0,0,0,0,0,0,,2023-04-03T08:33:22.000Z,1786022828.5955038
hardik-mdn,user,Hardik,,False,,1,0,0,0,2,0,0,,2024-12-18T21:12:36.000Z,1786022828.5967112
hardik-kanzariya,user,Hardik Kanzariya,,False,,1,0,1,0,0,0,0,,2024-11-07T03:45:12.000Z,1786022828.598059
hardik-xi11,user,Hardik Kumar,,False,,2,0,1,0,0,1,0,,2026-04-28T21:43:28.000Z,1786022828.607332
hardik005,user,hardik somkuwar,,False,,1,0,0,0,0,0,0,,2024-11-10T17:58:54.000Z,1786022828.636487
hardik-107,user,Hardik khandelwal,,False,,1,0,0,0,0,0,0,,2026-07-17T04:56:37.000Z,1786022828.637812
hardik1247,user,Hardik Anand,,False,,1,0,12,0,1,1,0,,2025-01-13T14:38:41.000Z,1786022828.639138
hardik009,user,HARDIK JOSHI,,False,,1,0,0,0,1,0,0,,2024-07-12T16:50:31.000Z,1786022828.6421466
hardik12321,user,hardikthapar,,False,,1,0,2,0,0,0,0,,2024-09-28T00:24:28.000Z,1786022828.647293
hardik14,user,hardik shetty,,False,,1,0,0,0,0,0,0,,2023-12-28T14:24:44.000Z,1786022828.648603
hardik0012,user,Hardik Khobragade,,False,,1,0,0,0,0,0,0,,2025-03-11T07:45:00.000Z,1786022828.6709917
hardik2712-ai,user,Hardik Tyagi,,False,,2,0,0,0,0,0,0,,2025-06-21T17:50:57.000Z,1786022828.6831458
hardik4472,user,Hardik Kumar,,False,,1,0,1,0,0,0,0,,2025-10-29T05:07:19.000Z,1786022828.6848705
hardik181003,user,hardik bhardwaj,,False,,1,0,0,0,0,0,0,,2024-11-13T03:10:01.000Z,1786022828.6858509
hardik316,user,hardik,,False,,3,7,0,0,1,0,0,,2025-06-02T10:35:18.000Z,1786022828.6870549
hardik5902,user,Hardik Gupta,,False,,1,0,0,0,0,0,0,,2026-04-19T15:58:17.000Z,1786022828.690628
hardik56711,user,Hardik,,False,,3,0,0,0,0,0,0,,2022-06-29T11:48:39.000Z,1786022828.692737
hardikJ11,user,Hardik Jain,,False,,4,0,0,0,0,0,0,,2024-01-13T13:53:43.000Z,1786022828.7298212
hardik90,user,Hardik Jagannath Kawale,,False,,1,5,11,1,3,9,0,,2023-06-21T08:03:25.000Z,1786022828.7325735
hardik9719,user,Hardik Dinesh Tanna,,False,,9,0,0,0,0,0,0,,2024-11-03T15:52:42.000Z,1786022828.733888
hardik8588,user,hardik kandpal,,False,,2,0,2,0,1,5,0,,2023-11-15T18:22:51.000Z,1786022828.735514
hardikahir01,user,hardik ahir,,False,,1,0,0,0,0,0,0,,2026-07-13T03:24:49.000Z,1786022828.7363389
hardikch05,user,Hardik,,False,,3,14,0,0,0,0,0,,2024-03-04T06:33:19.000Z,1786022828.7380025
hardik596,user,hardik,,False,,1,0,0,0,0,0,0,,2025-02-08T13:17:35.000Z,1786022828.7679353
hardikchadda,user,Hardik Chadda,,False,,1,0,2,0,0,0,0,,2023-09-12T00:25:23.000Z,1786022828.7754586
hardikcode,user,Hardik Sharma,,False,,1,0,0,0,0,0,0,,2023-09-21T07:20:34.000Z,1786022828.7776358
hardikdharmik,user,Hardik Sunil Dharmik,,False,,2,0,0,0,0,0,0,,2022-05-09T10:42:24.000Z,1786022828.7838035
hardikg2907,user,Hardik Garg,,False,,6,5,1,0,2,0,0,,2024-04-27T10:32:35.000Z,1786022828.7879438
hardikgupta,user,Hardik Gupta,,False,,1,0,0,0,0,0,0,,2022-01-31T17:28:17.000Z,1786022828.7931356
hardikcodehub,org,hardikcodehub,,,False,1,0,1,1,,,0,1,,1786022828.8192804
hardikjindal,user,hardik jindal,,False,,1,1,4,0,0,0,0,,2024-05-03T16:34:20.000Z,1786022828.8207965
hardikjoshi9,user,Hardik Joshi,,False,,1,0,0,0,0,0,0,,2025-04-10T05:03:17.000Z,1786022828.8292751
hardikmanek,user,hardikmanek,,False,,1,0,0,0,0,0,0,,2022-11-29T19:53:16.000Z,1786022828.8327856
hardikpanchariya,user,Hardik Satish Panchariya,,False,,2,0,0,0,0,0,0,,2023-09-16T15:52:02.000Z,1786022828.8419337
hardikpatel,user,Hardik Patel,,False,,2,1,0,0,0,6,0,,2024-04-20T22:54:11.000Z,1786022828.8619146
hardikprakash,user,Hardik Prakash,,False,,1,0,0,0,0,0,0,,2025-04-21T16:17:17.000Z,1786022828.8698497
hardiksa,user,Hardik Sanghvi,,False,,1,0,1,0,0,0,0,,2026-03-29T08:58:16.000Z,1786022828.8722076
hardikjainharsora,user,Hardik Jain,,False,,1,0,1,0,0,1,0,,2025-03-06T13:31:27.000Z,1786022828.8761492
hardikkgupta,user,Hardik Gupta,,False,,1,0,0,0,0,0,0,,2024-03-31T01:10:09.000Z,1786022828.8773088
hardiksharma6555,user,Hardik Sharma,,False,,3,3,21,0,2,2,0,,2023-07-12T11:47:26.000Z,1786022828.889043
hardikshah77,user,hardik shah,,False,,1,0,0,0,0,0,0,,2025-01-25T10:33:49.000Z,1786022828.8947425
hardiksinghbha,user,Hardik Singh,,False,,4,0,0,0,0,0,0,,2023-10-22T08:26:12.000Z,1786022828.9150932
hardiksinh,user,hardiksinh,,False,,1,0,0,0,0,0,0,,2026-07-25T08:37:39.000Z,1786022828.9166954
hardiksonawane,user,Sonawane Hardik Bhagwan ,,False,,1,0,0,0,0,0,0,,2024-08-21T15:51:26.000Z,1786022828.9194722
hardiksr,user,Hardik Srivastava,,False,,19,0,0,0,0,0,0,,2022-07-26T09:07:03.000Z,1786022828.9255147
hardiktiwari,user,Hardik Tiwari,,False,,4,3,3,1,0,0,0,,2024-09-17T16:50:54.000Z,1786022828.9270022
hardin,user,hardin,,False,,5,0,0,0,2,0,0,,2023-03-22T00:14:38.000Z,1786022828.9323335
hardin009,user,Arjun Reddy,,False,,2,0,5,0,0,0,0,,2024-08-26T15:32:33.000Z,1786022828.9399567
hardjasa,user,William Hardjasa,,False,,2,0,0,0,0,0,0,,2025-04-16T12:22:23.000Z,1786022828.960944
hardknocks,user,BG,,False,,1,0,0,0,0,0,0,,2025-05-03T04:19:17.000Z,1786022828.9678185
hardkazakh,user,Batyr Sharimbayev,,False,,1,0,0,0,0,0,0,,2024-09-22T07:23:15.000Z,1786022828.969183
hardkpentium,user,Pratik Mundhe,,False,,1,0,0,0,0,0,0,,2025-06-12T15:24:43.000Z,1786022828.9720514
hardjhonatan,user,Fernandes,,False,,1,0,3,4,3,0,0,,2024-06-13T15:15:09.000Z,1786022828.980721
hardlyworking,user,workinghardly,,False,,103,13,0,14,0,25,0,,2025-03-19T21:30:27.000Z,1786022828.9930499
hardoc,user,Harrison Cohen,,False,,1,0,1,0,0,0,0,,2025-07-23T19:56:51.000Z,1786022829.0029461
hardrave,user,Michal,,False,,2,4,0,1,2,0,0,,2024-04-14T09:13:47.000Z,1786022829.0120478
hardoit,user,carefree,,False,,1,0,0,0,0,0,0,,2025-01-15T13:26:23.000Z,1786022829.013254
hardrockkruemel,user,Georg Wähmer,,False,,1,0,0,0,0,0,0,,2023-05-19T14:12:26.000Z,1786022829.0144877
hardknee,user,Ian Sherwin,,False,,1,0,4,0,0,1,0,,2025-02-18T18:43:26.000Z,1786022829.016252
hardsh91,user,hardsh,,False,,1,0,0,0,0,0,0,,2025-05-15T12:08:56.000Z,1786022829.0248508
hardshah4,user,HS,,False,,2,4,0,0,0,0,0,,2024-05-04T10:10:01.000Z,1786022829.040142
hardware-pathon-ai,user,hardware-pathon-ai,,False,,2,1,0,0,0,0,0,,2025-08-15T21:42:52.000Z,1786022829.055934
hardy300,user,hardy hasan,,False,,1,0,0,0,1,1,0,,2024-02-02T11:08:56.000Z,1786022829.0596719
hardy1625,user,hardy xie,,False,,1,0,0,0,0,0,0,,2024-03-10T01:24:02.000Z,1786022829.0611038
hardy4api,user,Hardy Fapi,,False,,1,0,0,0,0,0,0,,2023-11-04T03:34:27.000Z,1786022829.062409
hardy500,user,ratthasat wangklang,,False,,1,0,1,0,0,0,0,,2023-04-09T15:54:37.000Z,1786022829.0688262
harduex,user,Harduex,,False,,1,0,0,0,156,0,0,,2023-03-06T19:43:00.000Z,1786022829.072164
hardy700,user,hardydaff,,False,,1,0,0,0,0,0,0,,2024-12-22T00:19:43.000Z,1786022829.0834868
hardy99,user,Harshit Prakash,,False,,1,0,1,0,0,0,0,,2024-05-28T21:00:35.000Z,1786022829.100023
hardybay,user,sss,,False,,1,0,0,0,0,0,0,,2023-05-10T09:56:59.000Z,1786022829.1048818
hardyespositotw,user,hardyespositotw,,False,,1,0,0,0,0,0,0,,2025-09-05T17:00:37.000Z,1786022829.1062338
hardyhard,user,Algis Kalanski,,False,,2,0,0,0,2,0,0,,2024-02-03T14:54:17.000Z,1786022829.1099384
hardyswims,user,Abigail Hardy,,False,,7,0,0,0,0,0,0,,2025-10-06T09:19:52.000Z,1786022829.116311
hareeeee,user,hare,,False,,1,0,0,0,0,0,0,,2024-07-29T01:38:00.000Z,1786022829.1257908
hardyjoshi14,user,Hardy Joshi,,False,,1,0,1,0,0,0,0,,2025-07-29T06:36:35.000Z,1786022829.139141
hareemali,user,Hareem Ali,,False,,1,0,0,0,0,0,0,,2025-01-28T22:55:19.000Z,1786022829.1456752
hareeshkumarkb,user,Hareesh Kumar K B,,False,,1,1,3,0,0,0,0,,2025-11-01T17:52:22.000Z,1786022829.153779
hareeshbabu82,user,Hareesh Polla,,False,,1,0,0,0,1,1,0,,2023-10-11T09:06:19.000Z,1786022829.1556745
hareeh00324,user,Hareesh G,,False,,1,0,0,0,0,0,0,,2025-02-09T14:19:31.000Z,1786022829.1569703
hareeshr,user,Hareesh,,False,,1,0,0,0,0,0,0,,2024-04-25T07:00:57.000Z,1786022829.169344
hareeswar,user,Hareeswar N,,False,,3,0,1,0,0,0,0,,2024-02-11T19:49:46.000Z,1786022829.174359
haregister,user,adrian adrian,,False,,4,0,0,0,0,0,0,,2025-11-30T15:36:49.000Z,1786022829.1916883
harehf,user,ewahg,,False,,1,0,0,0,0,0,0,,2025-05-30T09:53:32.000Z,1786022829.195641
hareh,user,jtajafg,,False,,1,0,0,0,0,0,0,,2025-05-29T05:48:06.000Z,1786022829.198325
harehfd,user,gewrahre,,False,,1,0,0,0,0,0,0,,2025-05-30T09:53:27.000Z,1786022829.2007537
hareharannagula,user,hareharan nagula,,False,,5,0,3,0,1,0,0,,2025-05-31T14:00:58.000Z,1786022829.213036
harehfdh,user,ytdjkdy,,False,,2,0,0,0,0,0,0,,2025-05-29T08:57:39.000Z,1786022829.2158818
harel2021,user,Harel Tussi,,False,,1,0,0,0,2,0,0,,2023-01-03T13:25:55.000Z,1786022829.219225
harel316,user,Harel Yedid,,False,,1,0,1,0,0,1,1,,2025-03-06T16:45:52.000Z,1786022829.2355454
harelcu,user,Harel,,False,,1,0,0,0,0,0,0,,2023-06-21T17:20:53.000Z,1786022829.2428267
harelil,user,harelil,,False,,1,0,0,0,0,0,0,,2025-03-11T12:22:06.000Z,1786022829.2462711
harelmx,user,harel moshayof,,False,,2,0,1,0,0,0,0,,2022-09-19T14:34:03.000Z,1786022829.2476883
harendrakumt01,user,harendra,,False,,1,0,0,0,0,0,0,,2025-05-18T00:39:41.000Z,1786022829.2617416
harels400,user,harel shamir,,False,,1,0,0,0,0,0,0,,2025-12-27T13:14:43.000Z,1786022829.2630374
harene10,user,Harene Natarajan,,False,,1,0,1,0,0,0,0,,2024-10-30T15:16:35.000Z,1786022829.2840044
harenjin,user,len,,False,,2,0,0,1,2,0,0,,2022-11-29T06:26:14.000Z,1786022829.285287
harenohini,user,Harenohini,,False,,182,156,0,0,1,0,0,,2025-05-11T00:04:35.000Z,1786022829.2912636
harena-lab,org,Harena Project,,,False,2,0,0,3,,,0,3,,1786022829.298912
haresh8765,user,Haresh kumar,,False,,1,1,12,0,0,1,0,,2025-10-06T22:09:14.000Z,1786022829.306614
haresh15,user,Haresh K N,,False,,1,0,2,0,0,0,0,,2025-12-08T18:38:10.000Z,1786022829.3091638
hareshg,user,Haresh Goplani,,False,,1,0,0,0,0,0,0,,2024-10-19T15:04:31.000Z,1786022829.329458
haretaelucas,user,Delagdo,,False,,2,0,0,0,0,0,0,,2026-03-05T20:34:13.000Z,1786022829.3355765
hareth8895,user,ali,,False,,1,0,0,0,0,0,0,,2026-07-08T04:49:21.000Z,1786022829.3384597
hareyza,user,hareyza563,,False,,1,0,0,0,0,0,0,,2025-05-16T05:49:51.000Z,1786022829.3434896
harfi3003,user,aya,,False,,1,0,2,0,0,0,0,,2026-04-07T23:03:37.000Z,1786022829.3590875
harezmii,user,Muhammed,,False,,1,0,2,0,0,0,0,,2025-08-30T08:29:14.000Z,1786022829.3600714
harfoush4,user,Amer Harfoush,,False,,1,1,0,0,0,0,0,,2025-02-21T04:27:14.000Z,1786022829.3775866
hargeg,user,gegham har,,False,,1,0,0,0,0,0,0,,2024-12-12T20:32:02.000Z,1786022829.3912976
hares-0o0,user,aphro,,False,,1,0,0,0,5,0,0,,2026-03-26T03:17:36.000Z,1786022829.395461
harhota,user,Aleksandr Kharkhota,,False,,1,0,0,0,1,0,0,,2024-04-26T21:50:29.000Z,1786022829.4239829
hari-galla123,user,Hari Babu Galla,,False,,1,0,0,0,0,0,0,,2024-01-23T16:45:58.000Z,1786022829.4370651
hari-krishna-ai,user,ai,,False,,2,0,0,0,0,0,0,,2026-03-18T11:46:15.000Z,1786022829.4387128
harheem,user,Harheem Kim,,False,,10,1,4,13,28,8,0,,2023-04-27T05:28:51.000Z,1786022829.4517176
harfoush,user,Ahmed Harfoush,,False,,6,0,1,0,13,0,0,,2023-03-07T23:37:05.000Z,1786022829.457909
hargup,user,Harsh Gupta,,False,,1,0,0,0,6,2,0,,2022-09-29T02:42:02.000Z,1786022829.4597445
hargravedpum,user,hargravedpum,,False,,1,0,0,0,0,0,0,,2025-04-14T06:44:21.000Z,1786022829.4645386
hari-krishnan-u,user,Harikrishnan Unnikrishnan,,False,,7,0,0,0,0,5,1,,2023-12-19T16:09:59.000Z,1786022829.4712822
hari000,user,Haripriya,,False,,2,0,0,0,0,0,0,,2024-07-20T02:12:57.000Z,1786022829.4820862
hari0004,user,mkd,,False,,2,0,0,0,0,0,0,,2025-10-18T16:20:16.000Z,1786022829.4856489
hari02,user,hari nath,,False,,19,1,0,0,0,2,0,,2023-09-18T15:41:21.000Z,1786022829.5035129
hari03x,user,hari,,False,,1,0,0,0,0,0,0,,2024-02-29T15:56:42.000Z,1786022829.505002
hari102002,user,Hariom Dixit,,False,,2,0,1,0,0,0,0,,2026-01-22T11:10:38.000Z,1786022829.508195
hari13,user,Rarinarayanan R,,False,,3,0,0,0,0,0,0,,2023-09-10T12:46:19.000Z,1786022829.531985
hari159,user,Hari S S,,False,,1,0,1,0,0,1,0,,2024-06-02T20:03:18.000Z,1786022829.5331929
hari17as,user,hari,,False,,1,0,0,0,0,0,0,,2026-04-05T13:43:02.000Z,1786022829.547322
hari1971,user,Hari Rajagopal,,False,,1,0,0,0,0,0,0,,2025-05-06T05:37:00.000Z,1786022829.5500996
hari2134sh,user,HARISH M,,False,,1,1,0,0,0,0,0,,2025-11-06T04:12:47.000Z,1786022829.5521958
hari106,user,Hari Mohan,,False,,1,0,0,0,0,0,0,,2024-08-24T09:12:16.000Z,1786022829.572701
hari3032003,user,Harikrishna,,False,,2,0,0,0,0,0,0,,2023-05-20T12:55:25.000Z,1786022829.5784135
hari23s,user,Hari S,,False,,1,2,0,0,0,0,0,,2025-08-30T12:36:54.000Z,1786022829.5795977
hari1209,user,Sriahripriya,,False,,1,0,0,0,0,0,0,,2026-03-31T10:40:33.000Z,1786022829.5908372
hari3304,user,Hariharan,,False,,1,0,0,0,0,0,0,,2024-12-16T07:44:38.000Z,1786022829.5955353
hari4560,user,Harish kumar,,False,,1,0,1,0,0,0,0,,2026-02-28T18:45:42.000Z,1786022829.5973458
hari5331,user,hari prasath,,False,,1,0,0,0,0,0,0,,2026-05-23T05:51:00.000Z,1786022829.6167204
hari552,user,Harry,,False,,1,0,0,0,0,0,0,,2025-10-08T08:28:44.000Z,1786022829.6207204
hari560,user,Hariprathap A,,False,,4,8,0,0,0,4,0,,2023-06-19T16:08:23.000Z,1786022829.6244469
hari31416,user,Harikesh Kushwaha,,False,,34,1,5,0,3,1,0,,2023-02-20T06:11:17.000Z,1786022829.6351316
hari7261,user,Hariom Kumar Pandit,,False,,2,3,18,0,11,0,0,,2024-11-18T15:48:58.000Z,1786022829.640543
hariakki456,user,HariPrasad,,False,,1,1,0,0,0,0,0,,2026-02-19T09:54:08.000Z,1786022829.646059
hariaravind,user,Hari Hara Subramanian,,False,,5,0,0,0,0,0,0,,2026-06-16T05:27:59.000Z,1786022829.6626732
hariasimov21,user,Jaime Díaz,,False,,12,0,0,0,0,0,0,,2022-10-01T03:43:06.000Z,1786022829.6649644
haribabumuga,user,Hari Babu Muga,,False,,1,0,0,0,0,0,0,,2024-09-23T01:46:56.000Z,1786022829.666186
haribalanm,user,Haribalan M,,False,,1,0,0,0,0,0,0,,2024-09-12T18:19:40.000Z,1786022829.6841455
haribnadim1,user,harib nadim,,False,,1,0,0,0,0,0,0,,2024-12-08T12:49:32.000Z,1786022829.6868722
hari78943,user,Hariprasanth.U,,False,,1,0,1,0,0,0,0,,2025-09-08T20:35:50.000Z,1786022829.6891384
haribe,user,KIM GYEONG NYEON,,False,,1,0,0,0,0,0,0,,2025-11-17T19:52:25.000Z,1786022829.709347
harich,user,Hari Ch,,False,,1,0,1,0,0,0,0,,2025-06-26T05:50:37.000Z,1786022829.7116532
hariby,user,Yoshitaka Haribara,,False,,2,0,0,0,48,0,0,,2021-06-10T05:23:43.000Z,1786022829.7129416
harichand,user,harichandbaisoya,,False,,1,0,0,0,0,0,0,,2025-04-20T04:57:21.000Z,1786022829.7191427
haricharan123461,user,haricharan,,False,,1,0,0,0,0,0,0,,2024-11-18T05:20:48.000Z,1786022829.7271795
harichhf,user,ch,,False,,1,1,3,0,0,0,0,,2026-01-18T06:06:30.000Z,1786022829.728439
harichselvamc,user,harichselvam,,False,,3,0,7,0,1,0,0,,2023-07-06T12:37:10.000Z,1786022829.756317
haridadedeve1711533,user,haridade king developer,,False,,1,0,0,0,0,0,0,,2026-05-02T22:44:02.000Z,1786022829.7575963
haridarsan01,user,Hari Darsan,,False,,2,1,2,0,0,0,0,,2023-08-01T05:39:14.000Z,1786022829.7669854
hariel77,user,Fernando Miguel,,False,,1,0,0,0,0,0,0,,2025-05-07T12:04:38.000Z,1786022829.7768524
harichoi,user,jae seok choi,,False,,1,0,0,0,0,0,0,,2023-09-14T08:47:36.000Z,1786022829.7791433
haricharanhl22,user,Hari Charan Hosakote Lokesh,,False,,1,0,0,0,0,0,0,,2026-03-27T07:55:09.000Z,1786022829.7804062
hariduraibaskar,user,C Hari Baskar,,False,,2,0,1,0,0,4,0,,2023-11-07T07:10:16.000Z,1786022829.7817764
harigopal26,user,Hari Gopal chalamalasetty,,False,,1,0,0,0,0,0,0,,2024-12-05T20:11:11.000Z,1786022829.8015254
harif1980,user,mohamed,,False,,1,0,0,0,0,0,0,,2023-12-03T18:07:39.000Z,1786022829.8114436
harihamilton,user,harry hamilton,,False,,1,0,1,0,0,0,0,,2024-06-05T18:08:31.000Z,1786022829.818929
hariharan-k-v,user,hariharan vijayan,,False,,1,0,0,0,0,0,0,,2023-09-13T12:54:58.000Z,1786022829.8212426
hariharan1,user,HARIHARAN,,False,,1,0,0,0,0,0,0,,2023-12-23T08:55:54.000Z,1786022829.8278484
hariharan1990,user,hariharasudhan chandran,,False,,2,0,1,0,0,0,0,,2025-10-10T17:22:33.000Z,1786022829.857057
hariharan220,user,Hariharan Loganathan,,False,,2,0,6,0,0,0,0,,2025-01-31T18:49:32.000Z,1786022829.8630424
harigovind511,user,Hari Govind,,False,,1,0,0,0,0,2,0,,2023-01-12T09:31:48.000Z,1786022829.864537
hariharan-cs,user,Hariharan M,,False,,1,0,0,0,0,0,0,,2024-03-04T19:19:09.000Z,1786022829.8658144
hariharan9710,user,hariharan,,False,,1,0,0,0,0,0,0,,2022-10-08T04:47:32.000Z,1786022829.8777604
hariharan5693,user,Hariharan,,False,,2,0,2,0,0,0,0,,2024-10-26T05:18:05.000Z,1786022829.8833332
hariharands,user,HARIHARAN BABU,,False,,1,0,0,0,0,1,0,,2024-11-22T19:46:27.000Z,1786022829.902925
hariharant,user,Hariharan T,,False,,1,0,0,0,0,0,0,,2024-07-01T05:45:37.000Z,1786022829.9077508
hariharanr1799,user,Hariharan Ravichandran,,False,,3,2,0,0,1,0,0,,2025-07-14T14:53:02.000Z,1786022829.9088638
hariharasarma,user,hariharasarma,,False,,2,0,0,0,0,0,0,,2025-12-10T04:22:02.000Z,1786022829.9289093
hariharikumar,user,Harikumar  ragupathy,,False,,1,0,3,0,0,0,0,,2026-01-02T14:53:13.000Z,1786022829.9580586
harihj,user,HARIHARAN J,,False,,1,0,0,0,0,0,0,,2025-09-25T05:43:22.000Z,1786022829.9610865
harihud,user,Hari Hud,,False,,3,0,0,0,3,0,0,,2024-04-18T08:57:38.000Z,1786022829.9761407
hariharasudhan,user,HariHaraSudhan KM,,False,,3,1,0,3,1,8,0,,2023-04-17T10:38:03.000Z,1786022829.9856193
hariharanv04,user,Hariharan V,,False,,58,0,0,0,8,0,0,,2025-01-09T19:43:03.000Z,1786022829.9866943
hariiaa,user,Jamar Collins,,False,,1,1,1,0,0,0,0,,2026-04-30T01:14:47.000Z,1786022830.0060105
harii007,user,harinand,,False,,1,0,1,0,0,0,0,,2026-06-19T04:26:19.000Z,1786022830.0105693
harijaat,user,Hari Jaat,,False,,1,0,0,0,0,0,0,,2026-05-07T15:51:48.000Z,1786022830.0228615
harika13,user,Harika Tunuguntla,,False,,1,0,0,0,0,0,0,,2025-12-16T08:50:46.000Z,1786022830.0358634
hariharan123,user,HARIHARAN D,,False,,1,0,0,0,0,0,0,,2024-02-26T06:47:13.000Z,1786022830.0392675
harikrishnan106,user,n,,False,,1,0,0,0,0,0,0,,2025-01-24T16:53:14.000Z,1786022920.4181893
harimvm,user,Hari M M,,False,,1,0,0,0,0,0,0,,2023-10-15T16:34:47.000Z,1786023019.8288174
harindhar10,user,Harindhar,,False,,38,0,0,1,4,0,0,,2023-05-18T18:40:49.000Z,1786023028.9578125
harinib,user,harini.b,,False,,11,0,0,1,0,0,0,,2023-04-05T01:58:33.000Z,1786023065.0469072
harinipriya07,user,HARINI PRIYA,,False,,1,0,0,0,0,0,0,,2026-01-10T13:30:32.000Z,1786023101.0613437
hariom-ai-singh,user,Singh,,False,,1,0,6,0,0,4,0,,2026-05-16T14:19:36.000Z,1786023119.3471775
hariny10,user,Hariny D,,False,,1,0,0,0,0,0,0,,2025-10-22T05:30:32.000Z,1786023119.3638916
hariom-jha01,user,Hariom Jha,,False,,1,0,1,0,0,0,0,,2025-01-16T13:46:07.000Z,1786023119.3941321
hariom090,user,Hari Om,,False,,1,0,0,0,0,0,0,,2023-10-23T03:33:19.000Z,1786023119.409885
hariom329,user,Hariom Mishra,,False,,1,0,2,0,0,0,0,,2024-05-03T14:24:22.000Z,1786023119.4448984
hariomagr,user,Hariom Agrawal,,False,,3,0,0,0,0,0,0,,2025-01-02T15:41:34.000Z,1786023119.451658
hariomkumawat,user,hariomkumawat,,False,,1,0,2,1,5,0,0,,2024-03-11T12:16:04.000Z,1786023119.4953854
hariomlohar,user,Hariom Lohar ,,False,,1,0,0,0,0,0,0,,2024-04-02T06:44:41.000Z,1786023119.499305
hariomrathore174,user,Hariom Rathore,,False,,1,0,1,0,0,0,0,,2026-03-20T08:39:13.000Z,1786023119.543154
haripatel,user,Hari Patel,,False,,1,0,0,0,0,0,0,,2024-03-26T08:48:27.000Z,1786023119.545856
hariprabhakaran45,user,Hari Prabhakaran,,False,,1,0,0,0,0,0,0,,2025-12-13T06:08:04.000Z,1786023119.5903559
haripra1112001,user,PRAJAPATI HARISHKUMAR KISHORKUMAR,,False,,3,0,0,1,1,0,0,,2024-10-26T19:43:09.000Z,1786023119.5960248
hariprakassh,user,hariprakassh,,False,,1,0,0,0,0,0,0,,2023-10-07T07:01:36.000Z,1786023119.6322064
hariprasad05,user,Hari Prasad,,False,,1,2,0,0,0,0,0,,2023-03-03T01:03:25.000Z,1786023119.655227
hariprasad0994,user,hari prasad,,False,,2,0,0,1,1,1,0,,2022-04-22T08:11:06.000Z,1786023119.6807697
hariprasad20,user,Hari Prasad Renganathan,,False,,1,0,0,0,0,0,0,,2023-11-28T14:49:16.000Z,1786023119.7013464
hariprasadThorve,user,Hariprasad Ramesh Thorve,,False,,2,0,0,0,0,0,0,,2024-09-23T09:09:10.000Z,1786023119.7283115
hariprasath112005,user,Hari Prasath,,False,,1,0,0,0,0,0,0,,2024-08-26T15:06:39.000Z,1786023119.7431352
hariprasath17083,user,Hariprasath,,False,,1,0,0,0,0,0,0,,2025-06-25T05:51:51.000Z,1786023119.7722964
hariprashath,user,hari prashath,,False,,1,0,0,0,0,0,0,,2024-12-14T09:49:00.000Z,1786023119.78902
haripritam,user,Alapati.Hari Pritam Reddy,,False,,12,7,0,0,3,10,0,,2023-04-23T17:09:26.000Z,1786023119.8237817
haripriya126,user,jana haripriya,,False,,1,0,0,0,0,0,0,,2024-02-27T10:14:23.000Z,1786023119.8340487
haripriyabolla,user,BOLLA HARI PRIYA,,False,,1,0,0,0,0,0,0,,2025-03-04T14:47:26.000Z,1786023119.8805618
haripriya44,user,Haripriya Chamanthula,,False,,1,0,0,0,0,0,0,,2023-12-12T12:29:59.000Z,1786023119.8836927
haripriyad,user,Haripriya,,False,,1,0,2,0,0,0,0,,2025-06-12T09:48:52.000Z,1786023119.9272118
haripriyaram,user,Hari Priya R,,False,,3,0,7,1,0,3,0,,2024-11-19T17:10:17.000Z,1786023119.9286654
hariqueen,user,harikim,,False,,2,0,5,0,3,4,0,,2023-10-06T01:50:30.000Z,1786023119.9711359
harir,user,Hari Ramalingame,,False,,6,0,2,1,0,0,0,,2023-10-30T01:09:25.000Z,1786023119.9751916
hariram344,user,Ramigani Manasa,,False,,3,0,0,0,0,0,0,,2023-11-04T15:35:34.000Z,1786023120.0198576
harireddy28,user,Karri Naga Hari Kiran Reddy,,False,,2,0,0,0,0,0,0,,2026-06-20T04:31:59.000Z,1786023120.026724
haris-78887,user,Muhammad Haris Ali,,False,,15,0,0,0,1,0,0,,2024-07-05T05:18:35.000Z,1786023120.070042
haris001,user,Demo Hugging,,False,,16,6,0,0,0,0,0,,2023-07-03T14:53:19.000Z,1786023120.0742922
haris3,user,HARISARAVANAN,,False,,4,0,0,0,0,0,0,,2025-11-18T16:17:45.000Z,1786023120.1201952
haris2k,user,ghafoor,,False,,2,0,0,1,1,0,0,,2025-05-17T10:14:41.000Z,1786023120.1493125
haris936hk,user,Haris Khan,,False,,1,0,0,0,0,0,0,,2025-12-23T05:27:25.000Z,1786023120.1650276
haris9873,user,Niga chuu,,False,,12,0,0,0,0,0,0,,2025-09-29T17:26:32.000Z,1786023120.200549
harisahmed1001,user,Haris Ahmed,,False,,1,0,0,0,0,0,0,,2025-10-12T12:55:39.000Z,1786023120.211482
harisahmedq,user,Haris Ahmed Qureshi,,False,,1,0,0,0,0,0,0,,2025-02-03T15:57:33.000Z,1786023120.2454958
harisai-362003,user,Hari Sai,,False,,5,0,7,0,4,0,0,,2024-08-11T18:57:26.000Z,1786023120.2544289
harisaikaranam,user,Harisai Hima Sekhar,,False,,2,0,6,0,2,0,0,,2025-02-17T08:41:29.000Z,1786023120.2933927
harisali9211,user,haris ali,,False,,3,0,1,0,1,1,0,,2024-07-12T14:12:34.000Z,1786023120.304118
harisankar-arvindkanna,user,Harisankar Arvindkanna,,False,,1,0,0,0,0,0,0,,2024-05-29T15:32:59.000Z,1786023120.3416262
harisansarkhan,user,Haris Ansar Khan,,False,,1,0,1,0,1,0,0,,2023-08-10T21:39:04.000Z,1786023120.3511097
harisarang,user,Harisaran G,,True,,130,66,1,0,0,0,0,,2024-04-30T05:41:45.000Z,1786023120.390709
harisathar04,user,Haris Athar,,False,,3,0,0,0,0,0,0,,2024-12-11T22:35:02.000Z,1786023120.3961577
harisb967,user,Hari Nitharsan S B,,False,,2,0,0,0,1,0,0,,2024-12-13T10:25:03.000Z,1786023120.4420571
hariseldon78,user,Roberto  Previdi,,False,,1,0,0,0,1,0,0,,2024-06-09T02:41:01.000Z,1786023120.4466813
hariselvan,user,Hariselvan Sundaramoorthy,,False,,1,0,0,0,0,0,0,,2025-08-15T09:59:08.000Z,1786023120.488662
harisgul031,user,Haris Gul,,False,,3,0,0,0,0,0,0,,2024-10-17T22:12:43.000Z,1786023120.4928222
harish-07,user,Harish Bhalaa S,,False,,1,0,2,0,0,0,0,,2023-10-13T09:18:59.000Z,1786023120.538672
harish-anandaramanujam,user,Harish Ananda Ramanujam,,False,,3,3,1,0,0,1,0,,2025-06-30T05:49:46.000Z,1786023120.58373
harish,user,Harish Tayyar Madabushi,,False,,110,0,0,1,1,7,0,,2020-07-21T18:16:19.000Z,1786023120.6319687
harish-blu,user,Harish Jain,,False,,1,1,0,0,0,0,0,,2023-07-10T11:11:46.000Z,1786023120.6569574
harish-kamath,user,Harish Kamath,,False,,1,0,0,0,1,2,0,,2022-10-07T04:06:06.000Z,1786023120.6744132
harish-potlapalli,user,Harish Potlapalli,,False,,2,0,0,0,0,0,0,,2023-09-06T07:14:14.000Z,1786023120.7022984
harish03,user,Harish,,False,,4,3,2,1,1,1,0,,2023-01-21T16:04:52.000Z,1786023120.72362
harish1611,user,Harish phad,,False,,1,0,0,0,0,0,0,,2025-06-13T05:38:41.000Z,1786023120.7714756
harish1247,user,guttula hemanth harish,,False,,1,0,0,0,0,0,0,,2026-06-24T05:41:04.000Z,1786023120.7816675
harish25082003,user,kumar,,False,,2,0,0,0,0,0,0,,2024-09-27T04:35:19.000Z,1786023120.8323276
harish2392010,org,harish,,,False,1,0,0,1,,,0,1,,1786023120.8541021
harish2962,user,KOTAPALLY HARISH KUMAR,,False,,3,0,0,1,0,1,0,,2023-07-26T07:58:07.000Z,1786023120.88073
harish3110,user,Harish Vadlamani,,False,,7,0,4,1,0,0,0,,2021-06-15T11:52:00.000Z,1786023120.8992543
harish36,user,Harish G,,False,,3,0,0,0,0,0,0,,2022-11-19T04:19:42.000Z,1786023120.927294
harish37,user,madishetty,,False,,1,0,0,0,0,0,0,,2025-08-29T10:17:30.000Z,1786023120.945842
harish3742,user,Harish Nanjundappa,,False,,13,0,0,0,1,0,0,,2023-12-23T14:10:38.000Z,1786023120.9769583
harish5nu,user,Harish,,False,,1,0,0,0,0,0,0,,2026-07-22T16:52:20.000Z,1786023120.9927065
harishR123,user,Harish R,,False,,1,0,0,0,0,0,0,,2024-05-28T05:45:54.000Z,1786023121.0411212
harishai24,user,Harish,,False,,1,0,0,0,0,0,0,,2024-06-11T00:19:49.000Z,1786023121.0925777
harish907,user,harish,,False,,10,1,1,0,2,0,0,,2024-02-08T18:46:47.000Z,1786023121.0975873
harishanbhog,user,Hari,,False,,1,0,2,0,0,0,0,,2025-02-24T09:08:09.000Z,1786023121.1434608
harishakjk,user,Hariskafdj,,False,,2,0,0,0,0,0,0,,2026-01-24T08:39:25.000Z,1786023121.1483293
harishankz,user,Shankar,,False,,1,0,0,0,0,0,0,,2023-10-08T08:37:22.000Z,1786023121.1885293
harishb00,user,Harish B,,False,,2,1,6,0,2,0,0,,2022-08-07T04:44:39.000Z,1786023121.1987956
harishbalasub,user,Harish Bala,,False,,1,2,0,0,0,0,0,,2025-05-13T02:49:33.000Z,1786023121.2344527
harishbhimaani,user,Harish Rajendran,,False,,1,0,0,0,0,0,0,,2023-09-08T21:45:57.000Z,1786023121.2443383
harishbolem,user,Harish B,,False,,1,0,0,0,0,0,0,,2023-08-25T12:21:20.000Z,1786023121.278743
harishcheru,user,Harish Cherupally,,False,,1,0,0,0,0,0,0,,2025-05-13T15:34:37.000Z,1786023121.3240821
harishforaiandml,user,Harish Kumar,,False,,18,0,3,0,0,0,0,,2025-07-22T17:18:28.000Z,1786023121.3693538
harishchaurasia,user,Harish,,False,,1,0,2,0,1,0,0,,2025-06-17T07:22:21.000Z,1786023121.3930483
harishgouda1986,user,Harish Gouda,,False,,1,0,0,0,0,0,0,,2025-07-22T10:59:04.000Z,1786023121.4188776
harishhc,user,haris,,False,,1,0,0,0,0,0,0,,2023-03-26T06:32:28.000Z,1786023121.4379444
harishhcm,user,Harish,,False,,1,0,0,0,0,0,0,,2026-01-23T05:30:37.000Z,1786023121.467827
harishjan,user,Harish Janardhanan,,False,,2,0,0,0,1,0,0,,2025-01-31T14:37:37.000Z,1786023121.4865246
harishkashyap26,user,Harish Kashyap,,False,,1,0,0,1,0,0,0,,2026-03-14T00:04:52.000Z,1786023121.517682
harishkota,user,Harish Kota,,False,,1,0,1,0,0,0,0,,2024-11-22T10:03:36.000Z,1786023121.5354166
harishkush05,user,Harish,,False,,1,0,0,0,0,0,0,,2026-03-03T17:07:44.000Z,1786023121.5815005
harishkumar12k,user,Harish Kumar,,False,,14,0,2,1,0,0,0,,2026-03-26T12:54:43.000Z,1786023121.6098373
harishmani09,user,Hareesh Mani,,False,,1,0,2,0,0,0,0,,2024-04-07T16:00:27.000Z,1786023121.6284864
harishmodi129,user,harishmodi,,False,,1,0,0,0,0,0,0,,2025-02-07T07:43:39.000Z,1786023121.6517622
harishmogili21,user,Harish Mogili,,False,,4,0,1,0,1,0,0,,2025-06-16T10:24:09.000Z,1786023121.6779602
harishmukkapati,user,Harish Mukkapati,,False,,1,1,0,0,0,0,0,,2023-10-28T16:05:33.000Z,1786023121.698098
harishnandhan02,user,Harish Nandhan,,False,,1,0,0,0,0,0,0,,2022-10-17T07:35:59.000Z,1786023121.7529032
harishnair04,user,Harish Nair,,False,,8,3,2,2,20,0,0,,2024-06-07T03:16:32.000Z,1786023121.7580364
harishprakash,user,Harish Prakash,,False,,1,0,0,0,0,0,0,,2023-07-05T12:25:44.000Z,1786023121.8071053
harishp,user,Harish Prabhala,,False,,2,0,0,8,10,3,0,,2022-02-09T10:49:17.000Z,1786023121.8077073
harishrsk,user,Harish,,False,,1,0,0,0,0,0,0,,2024-12-02T06:29:08.000Z,1786023121.8540306
harishrbalajee1234,user,Harish Balaji,,False,,3,0,0,0,0,0,0,,2025-09-19T21:08:13.000Z,1786023121.855198
harishs,user,harish s,,False,,2,0,0,0,1,0,0,,2023-08-01T15:11:10.000Z,1786023121.8970635
harishsahadev,user,Harish Sahadev,,False,,2,0,2,0,0,0,0,,2026-01-25T12:46:27.000Z,1786023121.9014523
harishsaravanan2408,user,harish Saravanan,,False,,1,0,0,0,0,0,0,,2026-05-06T16:39:54.000Z,1786023121.9426754
harishsg30101999,user,Harish,,False,,1,0,0,0,0,0,0,,2025-03-07T08:16:40.000Z,1786023121.9498076
harishshadow,user,Harish,,False,,1,0,0,0,0,0,0,,2023-11-26T06:38:08.000Z,1786023121.9972153
harishshankam,user,harishshankam,,False,,2,0,1,0,4,1,0,,2023-12-17T09:52:41.000Z,1786023121.9984617
harishsohani,user,HARISH NARAYAN SOHANI,,False,,8,12,18,0,0,0,0,,2025-08-09T09:59:28.000Z,1786023122.0417187
harishtaa,user,Harish Trio Adityawan,,False,,1,0,3,0,0,0,0,,2023-03-02T09:25:51.000Z,1786023122.0430484
harishtlv,user,Thampi,,False,,1,0,0,0,0,0,0,,2023-12-09T19:33:04.000Z,1786023122.0840123
harishtechie,user,Harish V,,False,,1,0,0,0,0,0,0,,2024-01-26T06:08:16.000Z,1786023122.085749
harishussain12,user,Muhammad Haris Hussain,,False,,8,0,0,2,0,1,0,,2024-12-02T17:21:37.000Z,1786023122.1290221
harishunfounded,user,Harish,,False,,1,0,0,0,0,0,0,,2025-12-30T08:04:15.000Z,1786023122.1301727
harishvijayasarangan,user,harish,,False,,3,0,3,1,5,1,0,,2024-11-14T09:56:58.000Z,1786023122.1724257
hariniramesh1403,user,Harini R,,False,,1,1,4,0,0,0,0,,2025-09-02T06:13:53.000Z,1786023122.188009
harinivanmeeganathan,user,Harini Vanmeeganathan Lakshmi,,False,,1,0,1,0,0,1,0,,2023-10-17T03:05:16.000Z,1786023122.2037694
harishvs,user,Harish Rao,,False,,6,5,2,1,1,0,0,,2023-04-18T23:53:29.000Z,1786023122.2188358
harinivas123,user,Harinivas,,False,,1,0,0,0,0,0,0,,2024-11-12T06:25:26.000Z,1786023122.2328641
harishwar017,user,Harishwar Adithya S,,False,,2,3,2,1,1,0,0,,2024-02-05T14:00:51.000Z,1786023122.2414315
harishvk2005,user,harish kumar,,False,,1,0,0,0,0,0,0,,2024-08-08T13:03:34.000Z,1786023122.242635
harishwarrior,user,Harish Anbalagan,,False,,1,0,0,0,4,0,0,,2025-09-06T04:12:07.000Z,1786023122.251784
harinnn,user,Rizanamik,,False,,1,0,1,0,0,0,0,,2025-07-03T20:45:58.000Z,1786023122.2531896
harisiddesh,user,Hari Siddesh,,False,,1,1,1,0,0,0,0,,2026-06-25T04:25:18.000Z,1786023122.2661574
harinpurumandla,user,sai harin kumar reddy,,False,,4,1,2,0,0,0,0,,2026-04-12T10:47:48.000Z,1786023122.2694342
harisishfaq,user,hhhh,,False,,1,0,0,0,0,0,0,,2025-02-12T10:57:47.000Z,1786023122.2815046
harislania,user,Haris Lania,,False,,2,0,0,0,0,0,0,,2022-01-30T10:44:26.000Z,1786023122.2905798
hariskhan1729,user,Muhammad Haris Khan,,False,,2,2,0,1,0,0,0,,2024-04-03T18:04:51.000Z,1786023122.292702
harismlnaslm,user,Haris Maulana,,False,,4,0,10,0,0,8,0,,2025-08-08T02:04:48.000Z,1786023122.2984555
harismunir,user,Muhammad Haris Munir,,False,,2,0,2,0,1,0,0,,2024-09-12T04:46:06.000Z,1786023122.3068838
harismusa,user,Haris Musa,,False,,1,0,1,0,8,0,0,,2024-01-05T08:31:59.000Z,1786023122.3138962
harisq23,user,singh,,False,,1,0,0,0,0,0,0,,2025-10-10T05:25:30.000Z,1786023122.3230934
harisramadan30121997,user,Haris Ramadan,,False,,1,0,0,0,0,0,0,,2023-04-30T04:01:26.000Z,1786023122.3359687
harisriaz37,user,HARIS RIAZ,,False,,2,0,3,0,0,0,0,,2024-10-13T19:37:17.000Z,1786023122.3380346
harisriyoni,user,Haris Riyoni,,False,,1,0,0,0,0,0,0,,2024-12-21T17:57:55.000Z,1786023122.339625
harisrudianto,user,Haris Rudianto,,False,,1,0,0,0,0,0,0,,2026-07-23T00:10:50.000Z,1786023122.3541067
harisshahjellani122212,user,Syed Ali Haris haroon,,False,,2,0,0,0,0,0,0,,2025-08-11T05:54:51.000Z,1786023122.3622386
harisss,user,Harisha P C,,False,,3,4,2,0,0,1,0,,2023-02-26T09:56:45.000Z,1786023122.3787372
harisnaeem,user,Haris Naeem,,False,,27,3,1,4,12,19,0,,2025-01-12T19:54:33.000Z,1786023122.3795686
harissv,user,ssv,,False,,1,0,1,0,0,0,0,,2023-08-18T06:52:27.000Z,1786023122.3835466
harisshanbarasansudhamathi,user,Harissh Anbarasan Sudhamathi,,False,,1,0,0,0,0,0,0,,2025-11-15T07:11:05.000Z,1786023122.396003
haristanvir,user,haris tanvir,,False,,2,0,0,0,0,0,0,,2025-09-25T02:59:14.000Z,1786023122.3977978
harisumair,user,Harris Umair,,False,,1,0,1,0,0,0,0,,2024-04-08T18:28:22.000Z,1786023122.405639
harissonduraes,user,Gonçalves,,False,,35,0,0,0,181,0,0,,2025-01-27T12:21:02.000Z,1786023122.407336
harisumant,user,Hari Sumant,,False,,11,0,0,0,0,0,0,,2022-12-19T03:35:22.000Z,1786023122.4245381
hariszhshsss,user,Charalampos Zisis,,False,,1,0,0,0,0,0,0,,2026-02-11T13:48:19.000Z,1786023122.4288747
harita001,user,vsquare,,False,,8,0,0,1,0,0,0,,2025-09-15T06:53:31.000Z,1786023122.4409578
haritechnoland,user,Hari Prasad Karpenahalli Ranganathaiah,,False,,1,0,0,0,0,0,0,,2023-07-01T04:16:45.000Z,1786023122.44424
harithah-beav,user,Haritha Harigovind,,False,,1,0,1,0,0,0,0,,2026-04-23T07:33:33.000Z,1786023122.4526985
haritha4,user,M.Sree Haritha Devi,,False,,1,1,0,0,0,0,0,,2026-08-02T05:47:11.000Z,1786023122.4537203
harisyar,user,Muhammad Haris Afridi,,False,,1,0,0,0,0,0,0,,2025-04-23T18:54:21.000Z,1786023122.4634469
harithapliyal,user,Hari Thapliyal,,False,,6,1,8,1,20,2,0,,2020-09-20T12:56:47.000Z,1786023122.4802313
harithkavish,user,Harith Kavish Sekar,,False,,1,1,8,0,0,0,0,,2025-04-19T13:41:41.000Z,1786023122.485641
harithoppil,user,hari,,False,,4,7,1,2,16,0,0,,2024-07-26T19:58:41.000Z,1786023122.490599
harithushan,user,Paramanathan Thushanthan,,False,,11,0,0,0,0,2,0,,2023-06-06T11:32:21.000Z,1786023122.4961407
harithzulfaizal,user,Harith Zulfaizal,,False,,3,1,0,0,0,0,0,,2024-02-27T06:48:54.000Z,1786023122.5001078
haritowa,user,Anton,,False,,5,0,0,0,0,0,0,,2024-06-30T19:18:12.000Z,1786023122.5109782
haritsondavid,user,haritsondavid,,False,,6,0,0,0,0,0,0,,2025-08-28T20:52:37.000Z,1786023122.522929
haritunes,user,Hariprasath S,,False,,1,0,0,0,0,0,0,,2024-03-15T20:01:03.000Z,1786023122.5339859
harivadana,user,Naga H Kalapatapu,,False,,1,0,0,0,0,0,0,,2024-05-15T17:44:42.000Z,1786023122.5386858
harivarshann,user,Harivarshan N,,False,,1,0,3,1,2,0,0,,2025-09-28T15:01:32.000Z,1786023122.5453305
harithakk,user,haritha,,False,,1,0,0,0,0,0,0,,2022-12-04T08:57:08.000Z,1786023122.5549133
harivinayak01,user,HARI VINAYAK GEEPALEM,,False,,5,0,0,0,0,1,0,,2025-12-24T15:04:37.000Z,1786023122.5567374
haritzpuerto,user,Haritz Puerto,,False,,42,24,0,13,26,5,13,,2022-02-14T21:36:53.000Z,1786023122.5727339
harivishal,user,Hari Vishal Reddy Anekallu,,False,,1,1,1,1,0,0,0,,2023-11-30T20:45:32.000Z,1786023122.5747833
harivss,user,Hari,,False,,3,0,0,0,0,0,0,,2023-08-26T17:11:45.000Z,1786023122.5788524
hariwicaksono,user,Vojkan Serdarevic,,False,,1,0,0,7,0,0,0,,2024-07-17T01:04:13.000Z,1786023122.5830617
harixn,user,Harinarayanan K P,,False,,1,1,0,0,1,1,0,,2024-07-27T17:55:19.000Z,1786023122.5852349
hariynie,user,hariynie,,False,,1,0,5,0,0,0,0,,2025-04-17T13:47:24.000Z,1786023122.6039453
harjasrohra,user,Harjas Rohra,,False,,2,0,1,0,0,0,0,,2024-07-02T03:46:43.000Z,1786023122.613657
harjaya,user,harjaya,,False,,3,3,0,0,0,0,0,,2025-12-10T13:09:52.000Z,1786023122.6148093
harjeet069,user,harjeet vs,,False,,2,0,1,0,1,0,0,,2026-03-30T18:18:42.000Z,1786023122.624662
harjeet12,user,harjeet Singh,,False,,1,0,0,0,0,0,0,,2025-10-12T16:59:30.000Z,1786023122.6338623
harjeetkr,user,Harjeet Kumar Rajpal,,False,,6,0,3,0,0,0,0,,2025-03-13T12:41:07.000Z,1786023122.6361861
harizhasmadi31,user,Hariz Hasmadi,,False,,2,0,2,0,0,0,0,,2024-05-10T01:03:29.000Z,1786023122.6464822
harjihugginface,user,harjinder singh lohia,,False,,1,0,0,0,0,0,0,,2026-02-07T16:44:44.000Z,1786023122.6514096
harjinder1988,user,Harjinder Singh,,False,,1,0,0,0,0,1,0,,2022-07-27T04:34:53.000Z,1786023122.6660824
harjot-singh,user,Harjot Singh,,False,,13,1,1,0,0,0,0,,2025-08-22T16:40:36.000Z,1786023122.667652
harjot259,user,Harjot Singh,,False,,1,0,0,0,0,0,0,,2025-10-09T07:11:52.000Z,1786023122.6738183
harjot997u7,user,Harjot Singh,,False,,1,0,0,0,0,0,0,,2026-01-20T15:54:22.000Z,1786023122.675955
harjotlubana12,user,singh,,False,,1,0,0,0,0,0,0,,2023-09-13T17:17:13.000Z,1786023122.684147
harjotsingh12,user,Harjot Singh,,False,,1,0,0,0,0,0,0,,2024-12-10T20:08:29.000Z,1786023122.6880434
hark99,user,Muhammad Abdur Rehman,,False,,3,0,0,0,0,0,0,,2022-02-13T19:00:25.000Z,1786023122.6963499
harkaranmann,user,Harkaran Singh Mann,,False,,1,0,0,0,0,0,0,,2025-04-16T07:33:50.000Z,1786023122.711182
harkad6e,user,Harshvardhan Rajaram Kadam,,False,,3,0,0,0,0,0,0,,2024-06-07T12:04:17.000Z,1786023122.713802
harkeid,user,chagas,,False,,1,0,4,0,3,0,0,,2025-07-29T16:43:58.000Z,1786023122.7200584
harkiran20,user,Harkiran Kaur,,False,,3,0,0,0,0,0,0,,2024-10-01T09:54:20.000Z,1786023122.7315576
harkirankaur,user,harkiran kaur,,False,,1,0,0,1,0,0,0,,2025-06-24T15:52:57.000Z,1786023122.7382324
harkirat11,user,gi;;,,False,,1,0,0,0,0,0,0,,2023-06-29T14:30:38.000Z,1786023122.7393165
harkirato7,user,Harkirat Singh,,False,,1,0,0,0,0,0,0,,2025-01-07T07:43:12.000Z,1786023122.7605433
harkishan99,user,Harkishan Baniya,,False,,1,0,2,0,0,0,0,,2025-08-25T15:49:22.000Z,1786023122.7622204
harkishankhuva,user,Harkishan Khuva,,False,,1,0,0,0,0,0,0,,2025-05-19T16:11:05.000Z,1786023122.7672966
harkase,user,kim seungwon,,False,,5,0,0,0,0,0,0,,2025-08-01T00:06:07.000Z,1786023122.7713256
harknesscar05,user,xdfbhd,,False,,2,0,0,0,0,0,0,,2025-05-12T01:30:44.000Z,1786023122.774908
harkon666,user,Bryan Dewa Wicaksana,,False,,1,0,1,0,0,0,0,,2024-06-15T18:00:58.000Z,1786023122.7846277
harkous,user,Hamza,,False,,1,0,0,0,0,0,0,,2019-12-21T20:54:56.000Z,1786023122.788283
harkov000,user,Max,,False,,24,0,2,4,0,5,0,,2023-02-22T15:59:28.000Z,1786023122.8029168
harkxx,user,harkxx,,False,,1,0,0,0,0,0,0,,2025-11-14T18:02:28.000Z,1786023122.8087544
harleenK,user,harleen kaur bhullar,,False,,1,0,2,0,0,0,0,,2025-07-04T05:25:55.000Z,1786023122.8135214
harlachamb,user,harla chamb,,False,,1,0,0,0,0,0,0,,2025-04-22T15:14:45.000Z,1786023122.8212955
harleensachdev,user,Harleen Sachdev,,False,,3,0,0,0,0,0,0,,2026-01-31T05:36:42.000Z,1786023122.833987
harlenalvarez,user,Alvarez,,False,,1,0,0,0,0,0,0,,2024-02-18T18:26:15.000Z,1786023122.8394284
harley1977,user,face,,False,,1,0,0,0,0,0,0,,2025-02-01T19:38:55.000Z,1786023122.8542066
harley4ik,user,Volodymyr Kotyk,,False,,1,0,1,0,0,0,0,,2025-01-27T20:33:41.000Z,1786023122.8553293
harleyamanda,user,harleyamanda,,False,,1,0,0,0,0,0,0,,2025-04-28T11:19:54.000Z,1786023122.8607323
harleygilpin,user,Harley Gilpin,,False,,1,1,0,0,3,0,0,,2023-06-07T21:00:10.000Z,1786023122.8642027
harleyngn288,user,Ha-Linh Nguyen,,False,,4,1,0,0,5,0,0,,2026-05-03T12:15:22.000Z,1786023122.8815925
harleylione,user,harleylionel,,False,,1,0,0,0,0,0,0,,2025-05-11T11:12:57.000Z,1786023122.8845708
harleyzhao,user,Zhao Rui,,False,,1,0,0,0,0,0,0,,2023-02-18T00:21:23.000Z,1786023122.8979194
harligg,user,harligg,,False,,1,0,0,0,0,0,0,,2026-02-22T15:12:29.000Z,1786023122.89906
harling,user,Harling Sun,,False,,2,0,1,0,0,0,0,,2023-01-22T12:42:25.000Z,1786023122.9074683
harliwu,user,Feijie Wu,,False,,2,0,1,0,0,1,4,,2023-08-05T01:29:21.000Z,1786023122.9147518
harleenbagga,user,Harleenkaur Amarjitsingh Bagga,,False,,6,0,0,0,0,0,0,,2023-10-14T08:56:14.000Z,1786023122.922193
harload,user,roy,,False,,2,0,0,0,1,0,0,,2025-10-08T01:17:11.000Z,1786023122.9263093
harlotbarr,user,dc,,False,,1,0,0,0,0,0,0,,2025-05-05T02:26:47.000Z,1786023122.941569
harload41,user,harload,,False,,1,0,0,0,0,0,0,,2025-10-08T09:19:42.000Z,1786023122.9454396
harlley,user,Harlley Oliveira,,False,,1,1,1,0,19,5,0,,2024-07-15T16:45:44.000Z,1786023122.9476995
harlouci,user,Iban Harlouchet,,False,,5,0,0,0,0,0,0,,2024-05-30T15:34:37.000Z,1786023122.9570017
harlyp011,user,abdallah sayed,,False,,1,0,10,0,2,2,0,,2026-03-09T19:12:04.000Z,1786023122.9620638
harm-123,user,Mukund Kumar,,False,,1,0,0,0,0,0,0,,2025-08-29T11:06:28.000Z,1786023122.9681442
harmain7,user,harmain nasim,,False,,1,0,0,0,0,0,0,,2023-11-03T07:44:12.000Z,1786023122.9722614
harman01,user,Harmandeep Singh,,False,,3,0,0,0,0,0,0,,2023-09-27T10:30:04.000Z,1786023122.9972935
harman,user,Harman Singh,,False,,39,127,1,2,0,1,5,,2022-09-10T07:44:08.000Z,1786023122.9987934
harman2993,user,harmandeep,,False,,1,0,1,0,1,0,0,,2024-10-05T11:03:02.000Z,1786023122.9996495
harmancs,user,Harman Gill,,False,,2,0,5,0,0,0,0,,2025-06-10T09:19:59.000Z,1786023123.002263
harman9959,user,Harman Kaur,,False,,1,0,0,0,0,0,0,,2025-10-09T17:20:14.000Z,1786023123.0037603
harmannatdev16,user,Harmannat Kaur,,False,,1,0,0,0,0,0,0,,2025-07-07T16:49:59.000Z,1786023123.0156236
harmandrop,user,Harman,,False,,1,0,0,0,0,0,0,,2023-09-10T19:42:58.000Z,1786023123.0169559
harmanpunn,user,Harmanpreet Singh,,False,,4,0,0,0,0,0,0,,2024-10-05T20:18:50.000Z,1786023123.0388165
harmanpreet-kaur,user,Harmanpreet Kaur,,False,,2,0,0,0,0,0,0,,2024-07-03T22:50:55.000Z,1786023123.0458066
harmanouama,user,nouama,,False,,1,0,0,0,0,0,0,,2026-03-27T01:10:26.000Z,1786023123.0471463
harmesh95,user,Harmesh G V,,False,,1,3,0,0,10,0,0,,2024-08-12T09:06:30.000Z,1786023123.0507064
harmfull,user,xion molly,,False,,1,0,0,0,0,0,0,,2024-08-30T20:18:24.000Z,1786023123.0519903
harmionestark,user,Akshita Tyagi,,False,,2,0,2,0,0,0,0,,2025-02-18T08:34:28.000Z,1786023123.060342
harmon6,user,harmon6,,False,,5,0,0,0,0,0,0,,2025-10-15T01:39:25.000Z,1786023123.0817108
harmoni1212,user,harmoni,,False,,2,0,0,0,0,0,0,,2024-08-20T11:31:26.000Z,1786023123.0886612
harminder2025,user,Harminder Kaur,,False,,1,0,2,0,0,0,0,,2025-02-05T10:43:19.000Z,1786023123.095724
harmonic-P,user,Ye,,False,,1,0,0,0,0,0,0,,2025-03-13T05:28:57.000Z,1786023123.1007147
harmony-ai,user,Project Harmony.AI,,False,,1,0,0,0,0,1,0,,2024-01-16T21:30:26.000Z,1786023123.1240592
harmonai,org,Harmonai,,,False,6,0,1,32,,,0,1,,1786023123.133299
harmony275,user,Sachin Dulla,,False,,5,0,0,0,0,0,0,,2023-12-15T22:10:21.000Z,1786023123.135814
harmonic-ai,org,Harmonic,team,,False,1,0,0,2,,,0,2,,1786023123.1371164
harmonicdata,org,"Harmonic Data Associates, Inc.",,,False,5,0,0,4,,,0,4,,1786023123.1386178
harmonym01,user,Harmony McCauley,,False,,1,0,0,0,0,0,0,,2025-10-22T14:53:54.000Z,1786023123.1472738
harmtech,user,David Techerson,,False,,3,0,0,9,2,1,0,,2023-04-11T03:15:25.000Z,1786023123.1655285
harmya-modal,user,Harmya Bhatt,,False,,2,0,0,0,0,0,0,,2025-06-25T00:08:50.000Z,1786023123.1770382
harmonydata,org,Harmony,,,False,2,0,0,5,,,0,3,,1786023123.178693
harndenk,user,Kevin Harnden,,False,,1,0,0,0,0,0,0,,2025-08-05T23:57:16.000Z,1786023123.1810138
harnah011,user,Harnah ❣️ Rose 🌹,,False,,1,0,0,0,0,0,0,,2025-02-27T20:29:47.000Z,1786023123.1821811
harned97,user,hrttthz,,False,,1,0,0,0,0,0,0,,2025-05-14T09:03:32.000Z,1786023123.1836977
harneetk,user,Harneet,,False,,1,0,0,0,0,0,0,,2024-05-31T17:45:45.000Z,1786023123.1950784
harnigg131,user,Harold Nigrean,,False,,1,0,0,0,0,0,0,,2025-03-30T16:51:48.000Z,1786023123.2267432
harnitasimangunsong007,user,Harnita,,False,,1,0,0,0,0,0,0,,2025-06-02T03:10:49.000Z,1786023123.2277558
harnesls,user,harnes,,False,,1,0,0,0,0,0,0,,2025-10-27T15:30:39.000Z,1786023123.2287033
harocka,user,Seungman Kim,,False,,1,0,0,0,0,0,0,,2023-08-02T21:01:58.000Z,1786023123.2324357
harneetkaur09,user,Harneet Kaur,,False,,1,0,0,0,0,0,0,,2026-01-27T12:42:48.000Z,1786023123.23391
harocow833,user,Fiona Falkenstein,,False,,1,0,0,0,0,0,0,,2024-09-03T08:11:23.000Z,1786023123.2351136
harold0693,user,Harold Morales,,False,,1,0,0,0,0,0,0,,2025-08-14T20:11:08.000Z,1786023123.2695587
harinu123,user,hari kishan p,,False,,1,3,0,0,0,0,0,,2025-02-20T00:42:39.000Z,1786023123.2712688
harold325,user,Harshad,,False,,1,0,0,0,0,0,0,,2023-04-04T18:23:54.000Z,1786023123.277655
haroldevvv,user,Harold Salvador,,False,,1,0,0,0,0,0,0,,2025-09-08T12:41:42.000Z,1786023123.2801418
haroldhines19,user,haroldhines19,,False,,1,0,0,0,0,0,0,,2025-12-01T19:32:31.000Z,1786023123.2851715
harnkal,user,Rafael da Rocha Silva,,False,,1,0,0,0,0,0,0,,2023-11-14T13:04:03.000Z,1786023123.2867808
haroldcarmen,user,Harold Carmen,,False,,1,0,0,0,0,0,0,,2023-03-05T13:20:13.000Z,1786023123.2880507
haroldic2024,user,Harold Inojosa,,False,,2,0,0,0,0,0,0,,2024-12-13T13:57:05.000Z,1786023123.3139744
haroldkumar,user,naik,,False,,1,0,0,0,0,0,0,,2023-04-30T10:02:13.000Z,1786023123.3184319
haroldo90,user,Harold ANguiano,,False,,1,0,0,0,0,0,0,,2026-07-06T20:49:31.000Z,1786023123.321242
haroldserrano,user,Rami Kalai,,False,,1,0,0,12,0,0,0,,2024-07-17T12:11:11.000Z,1786023123.3272035
haroldwinstob,user,winstob,,False,,12,12,0,0,0,0,0,,2023-03-06T09:36:45.000Z,1786023123.3283067
harold,user,Liunian Harold Li,,False,,2,0,0,2,1,1,1,,2021-06-02T17:57:32.000Z,1786023123.3349783
haron1100,user,Haron Shams,,False,,7,0,0,0,0,0,0,,2023-07-30T18:53:35.000Z,1786023123.3619957
haroldmjs,user,Harold Mejias,,False,,1,0,0,0,0,0,0,,2024-05-03T23:15:58.000Z,1786023123.3661933
haronbenfaida,user,Haron Benfaida,,False,,2,3,0,2,1,0,0,,2024-06-21T11:19:46.000Z,1786023123.3674822
haronblack28,user,haronblack,,False,,1,0,0,0,0,0,0,,2025-05-15T22:50:40.000Z,1786023123.3716853
haronraziq,user,Haron Abdel-Raziq,,False,,1,0,0,0,0,0,0,,2023-11-13T22:15:43.000Z,1786023123.379225
haronblack,user,haronblack,,False,,1,0,0,0,0,0,0,,2025-05-03T22:47:48.000Z,1786023123.3805256
haroldzava,user,Harold Zavala,,False,,1,0,0,0,0,0,0,,2026-03-19T23:23:52.000Z,1786023123.3893332
haroon103,user,Haroon ahmed,,False,,1,0,6,0,0,0,0,,2025-11-11T15:33:32.000Z,1786023123.4065392
haroonafridi,user,Muhammad Haroon,,False,,1,0,0,0,0,0,0,,2024-12-12T13:21:52.000Z,1786023123.4090893
haroonansari,user,Haroon Ansari,,False,,1,0,0,0,0,0,0,,2025-08-11T11:35:53.000Z,1786023123.4207108
haroonrahimi,user,haroon rahimi,,False,,3,0,0,0,0,0,0,,2022-12-09T06:30:54.000Z,1786023123.4287326
haroooon123,user,Haroon Khawaja,,False,,2,0,0,0,0,0,0,,2025-01-14T20:28:18.000Z,1786023123.4336221
haroonwaheed,user,Haroon Waheed,,False,,1,0,0,0,0,0,0,,2025-11-26T19:22:32.000Z,1786023123.4354074
haroon-ahmad,user,Haroon Ahmad,,False,,3,2,0,0,0,0,0,,2024-11-02T07:39:12.000Z,1786023123.436607
haroounn,user,haroun,,False,,11,0,0,1,0,0,0,,2025-06-11T11:52:04.000Z,1786023123.4540794
harosie,user,izhar rosli,,False,,1,0,1,0,1,0,0,,2025-11-25T11:00:33.000Z,1786023123.4563339
harounalmasalmeh,user,Haroun AlMaslameh,,False,,1,0,0,0,0,0,0,,2025-02-03T07:46:11.000Z,1786023123.4711971
harouuune,user,Haroune Rezki,,False,,1,0,0,0,0,0,0,,2024-09-19T16:58:41.000Z,1786023123.4732478
harp1111,user,hariprasad N M,,False,,5,0,0,0,0,0,0,,2024-10-04T10:08:17.000Z,1786023123.4761057
harouzie,user,Đỗ Phạm Quang Hưng,,False,,13,3,0,0,6,8,0,,2023-02-13T07:06:58.000Z,1786023123.479885
harp-dev,user,Harp Dev,,False,,1,0,2,1,0,0,0,,2026-02-20T03:25:23.000Z,1786023123.4825487
harpan2288,user,harshad n pansare,,False,,1,0,0,0,0,0,0,,2026-01-30T15:31:57.000Z,1786023123.4996312
harpercarroll,user,Harper Carroll,,False,,1,0,0,6,1,5,0,,2022-12-03T05:55:08.000Z,1786023123.504403
harperden7,user,Harp,,False,,1,0,0,0,0,0,0,,2025-05-12T06:55:09.000Z,1786023123.5168605
harperlilian21,user,Harper Allen,,False,,1,0,0,0,0,0,0,,2024-04-24T06:45:47.000Z,1786023123.5195894
harperlowcrest,user,harperlowcrest,,False,,2,0,0,0,0,0,0,,2025-11-27T03:57:18.000Z,1786023123.5260184
harpershepp9379648,user,harpershepp9379648,,False,,1,0,0,0,0,0,0,,2025-06-15T05:15:21.000Z,1786023123.5275047
harphool17,user,harphool singh bajdoliya,,False,,7,0,2,0,1,1,0,,2025-11-23T11:31:37.000Z,1786023123.551543
harpertoken,user,harpertoken,,False,,8,1,1,1,0,6,0,,2025-02-05T00:56:51.000Z,1786023123.553159
haroonalhadisk,user,Haroon Al Hadi,,False,,14,0,3,0,0,3,0,,2024-03-22T20:30:16.000Z,1786023123.5541506
harperfrostmere,user,harperfrostmere,,False,,2,0,0,0,0,0,0,,2025-11-27T06:14:07.000Z,1786023123.5582082
harplyon,user,Harper Lyon,,False,,6,0,0,0,0,0,0,,2024-03-20T18:52:28.000Z,1786023123.5633204
harpins,user,harp ins,,False,,1,0,0,0,0,0,0,,2026-05-20T19:15:39.000Z,1786023123.5647259
harpomaxx,user,Carlos A. Catania (Harpo),,False,,15,4,3,4,3,3,0,,2023-04-03T15:02:19.000Z,1786023123.5748188
harpone,user,Heikki Arponen,,False,,6,0,0,0,0,0,0,,2022-08-22T18:54:05.000Z,1786023123.5787458
harpreet1,user,Harpreet Singh,,False,,4,0,0,0,0,0,0,,2024-11-13T06:30:17.000Z,1786023123.5959132
harpoongf,user,harpoongf,,False,,1,0,0,0,0,0,0,,2025-10-26T17:18:16.000Z,1786023123.59971
harpreet-webtunix,user,harpreet webtunix,,False,,1,0,0,0,0,0,0,,2025-08-04T12:52:40.000Z,1786023123.6027536
harpreet22happy,user,Harpreet Singh,,False,,4,0,2,0,0,0,0,,2024-03-16T01:41:03.000Z,1786023123.6079092
harpreet27,user,Harpreet Kaur Gandhi,,False,,1,0,0,0,0,0,0,,2025-02-19T05:38:50.000Z,1786023123.610128
harpreet2702,user,Harpreet Kaur Gandhi,,False,,1,0,1,0,0,0,0,,2025-10-12T15:47:06.000Z,1786023123.6160443
harpreetTqs,user,harpreet singh,,False,,2,1,0,0,0,0,0,,2026-04-30T08:27:44.000Z,1786023123.624901
harpreetAngrej,user,Harpreet Singh,,False,,1,0,0,0,0,0,0,,2022-08-09T20:07:55.000Z,1786023123.628434
harpreetmann,user,Harpreet Singh,,False,,10,12,0,7,0,0,0,,2022-01-24T07:37:27.000Z,1786023123.6438503
harpribot,user,Harshal Priyadarshi,,False,,1,0,0,0,0,1,0,,2023-06-06T15:06:45.000Z,1786023123.651437
harpreetset,user,Harpreet,,False,,1,0,0,0,0,0,0,,2023-11-27T17:51:28.000Z,1786023123.6601667
harr7y,user,Binxiao Huang,,False,,2,8,0,0,2,4,0,,2023-12-19T09:47:59.000Z,1786023123.665222
harr,user,Helder Rodrigues,,False,,2,0,3,0,3,0,0,,2021-04-06T14:40:24.000Z,1786023123.6666963
harri679,user,Katy Harris,,False,,1,0,0,0,0,0,0,,2026-02-22T18:20:17.000Z,1786023123.670759
harribad1,user,harriwintheran,,False,,1,0,0,0,0,0,0,,2025-05-27T14:53:19.000Z,1786023123.689144
harray,user,Harry,,False,,1,0,0,0,0,2,0,,2025-01-31T06:20:12.000Z,1786023123.6946704
harribhaupotter,user,Harsh Antarkar,,False,,1,0,0,0,1,0,0,,2025-07-18T18:21:42.000Z,1786023123.7066736
harrietcol,user,harrietcol,,False,,1,0,0,0,0,0,0,,2025-12-01T21:08:57.000Z,1786023123.7080777
harrier77,user,paolo,,False,,4,0,6,5,9,4,0,,2025-04-26T21:11:37.000Z,1786023123.7096856
harrietlamont,user,harrietlamont,,False,,1,0,0,0,0,0,0,,2025-04-27T06:41:26.000Z,1786023123.713573
harrietweston,user,harrietweston,,False,,1,0,0,0,0,0,0,,2025-10-03T13:37:36.000Z,1786023123.7154176
harris-davis,user,Harris Davis,,False,,1,1,0,0,0,0,0,,2026-02-10T20:17:31.000Z,1786023123.7288182
harris001,user,Harris Zhao,,False,,1,1,0,0,0,0,0,,2025-02-27T14:53:34.000Z,1786023123.738418
harris2026,user,moss,,False,,1,0,0,0,0,0,0,,2026-03-07T15:40:15.000Z,1786023123.7525449
harris1001,user,cheng,,False,,1,0,0,0,0,0,0,,2025-03-18T12:27:38.000Z,1786023123.75702
harrisAI85,user,Haris Martakusumah,,False,,1,0,0,0,0,0,0,,2024-10-24T16:53:25.000Z,1786023123.7595103
harpreetsahota,user,Harpreet Sahota,,True,,13,85,6,80,805,37,0,,2022-08-26T17:37:54.000Z,1786023123.7618315
harris66,user,Harris Huang,,False,,1,0,0,0,0,0,0,,2023-10-23T16:57:00.000Z,1786023123.7630403
harris1,user,Harris Ellahi,,False,,3,0,4,0,3,1,0,,2024-06-25T05:50:20.000Z,1786023123.7644756
harrisJ1,user,J,,False,,13,0,0,0,0,0,0,,2024-08-10T16:08:00.000Z,1786023123.7738402
harrisbrown69,user,Harris Brown,,False,,1,0,0,0,0,0,0,,2026-08-02T19:44:22.000Z,1786023123.782072
harriscj,user,C Harris,,False,,2,2,0,0,1,1,0,,2023-04-14T02:37:06.000Z,1786023123.799163
harrislin,user,Harris,,False,,3,0,0,0,0,0,0,,2025-08-17T20:33:13.000Z,1786023123.8069143
harriskr14,user,Harris Kristanto,,False,,9,0,5,0,0,0,0,,2025-06-16T12:03:08.000Z,1786023123.808053
harrison51147,user,lin,,False,,1,0,0,0,0,0,0,,2025-08-04T04:13:15.000Z,1786023123.8096259
harrisonbizlution,user,harrison,,False,,3,1,0,0,0,0,0,,2025-04-05T02:02:09.000Z,1786023123.8107939
harrisoncrossq,user,harrisoncrossq,,False,,2,0,0,0,0,0,0,,2025-02-07T09:21:05.000Z,1786023123.8166232
harrisonfjord,user,Samuel Conway,,False,,1,0,1,0,0,0,0,,2023-07-02T21:35:18.000Z,1786023123.8232439
harriskeith29,user,Keith Harris,,False,,1,0,0,0,0,0,0,,2025-01-01T10:37:24.000Z,1786023123.850779
harrisonmaddox97,user,harrisonmaddox97,,False,,241,0,0,0,0,0,0,,2025-08-22T14:18:49.000Z,1786023123.8546782
harrisonhjc,user,harrison,,False,,1,0,0,1,0,0,0,,2024-05-17T02:02:31.000Z,1786023123.8557808
harrisoqangas,user,harrisoqangas,,False,,2,0,0,0,0,0,0,,2025-02-06T09:12:32.000Z,1786023123.8568625
harrispark009,user,Harris J Park,,False,,1,0,0,0,0,0,0,,2026-02-24T19:21:41.000Z,1786023123.860871
harrisr-smu,user,Rick Harris,,False,,1,0,0,0,0,0,0,,2024-03-10T19:57:41.000Z,1786023123.8664412
harrisonvanderbyl,user,harrison vanderbyl,,False,,5,0,0,2,0,5,0,,2022-08-14T07:20:28.000Z,1786023123.8819277
harrissain8371,user,Harris Sainulabdeen,,False,,1,0,0,0,0,0,0,,2025-04-27T15:23:24.000Z,1786023123.8959715
harrisonyu0812,user,Harrison Yu,,False,,1,0,1,0,0,0,0,,2023-06-05T19:13:37.000Z,1786023123.901487
harriswen,user,harriswen,,False,,2,1,1,1,0,0,0,,2023-07-25T17:36:31.000Z,1786023123.9029427
harroy,user,Harrison Roy,,False,,1,0,0,0,0,0,0,,2025-06-30T14:27:57.000Z,1786023123.908281
harroldsig,user,harrold sigardson,,False,,2,9,0,0,1,0,0,,2025-05-13T22:09:04.000Z,1786023123.9093153
harrrshall,user,harshal singh,,False,,7,0,0,11,2,2,0,,2023-10-25T09:40:21.000Z,1786023123.9164474
harrshinishriss,user,Harrshinishri  S S,,False,,1,0,0,0,0,0,0,,2026-01-13T04:47:29.000Z,1786023123.93559
harrumnoor,user,Harrum Noor,,False,,4,0,1,0,0,0,0,,2024-09-17T04:51:07.000Z,1786023123.9395344
harry,user,Harry Liu,,False,,1,0,1,0,0,0,0,,2020-08-12T02:31:29.000Z,1786023123.9472747
harry-data-Pro,user,JASPREET SINGH,,False,,1,0,0,0,0,0,0,,2025-04-20T13:27:07.000Z,1786023123.9523115
harrxzz,user,HAFIZH ATHALLAH RAMADHANI,,False,,1,0,0,0,0,0,0,,2025-04-01T15:09:44.000Z,1786023123.955128
harriwashere,user,Harri S,,False,,1,0,0,0,0,0,0,,2022-10-17T10:00:46.000Z,1786023123.9566255
harry-0101,user,Patryk,,False,,1,0,0,0,0,0,0,,2025-04-12T19:57:08.000Z,1786023123.962884
harry-s-grewal,user,Harry Grewal,,False,,1,0,0,0,0,0,0,,2023-01-07T18:45:07.000Z,1786023123.9821208
harry-j,user,Heesung Jung,,False,,1,1,0,0,1,0,0,,2025-01-08T00:24:33.000Z,1786023123.9933453
harry0412,user,Harry Ma,,False,,1,0,0,0,0,0,0,,2024-10-25T08:07:41.000Z,1786023123.994709
harry11223,user,Harish,,False,,1,0,2,0,0,0,0,,2025-11-17T16:13:59.000Z,1786023123.9985492
harry0535,user,jang,,False,,1,0,0,0,0,0,0,,2024-05-04T08:16:41.000Z,1786023124.0013108
harry120,user,harry,,False,,1,1,0,0,0,0,0,,2025-11-17T17:37:35.000Z,1786023124.005791
harry1203,user,Joseph Smith,,False,,19,1,0,0,0,0,0,,2025-01-26T19:55:15.000Z,1786023124.0091186
harry152,user,Harry Porter,,False,,3,0,0,0,0,0,0,,2025-04-03T07:33:15.000Z,1786023124.0310173
harry-kpv-hf,user,Qwe Rty,,False,,3,0,0,0,0,0,0,,2024-07-03T16:19:54.000Z,1786023124.0328221
harry16614,user,Harish G,,False,,1,0,0,0,0,0,0,,2023-10-03T10:16:16.000Z,1786023124.038048
harry2365,user,Hari Om Sharan,,False,,1,0,0,0,0,0,0,,2025-09-10T17:11:00.000Z,1786023124.0447192
harry1749,user,Haryeong Hwang,,False,,2,1,0,0,0,0,0,,2026-01-07T03:46:19.000Z,1786023124.0474877
harry2006,user,Harry Ran,,False,,1,5,0,1,2,0,0,,2025-08-16T14:29:45.000Z,1786023124.0487523
harry3008,user,Harry Jakes,,False,,1,0,0,0,0,0,0,,2022-10-31T13:37:48.000Z,1786023124.0516276
harry3601,user,harry3601,,False,,2,0,0,0,0,0,0,,2025-11-10T07:50:15.000Z,1786023124.0548697
harry5081,user,ChengYi Huang,,False,,1,1,0,0,0,0,0,,2025-05-04T05:48:51.000Z,1786023124.0778658
harry56183,user,Harry Jhong,,False,,6,0,0,0,0,0,0,,2024-08-27T09:31:24.000Z,1786023124.0804834
harry63456,user,harry,,False,,1,0,0,0,0,0,0,,2026-01-04T07:29:07.000Z,1786023124.0829456
harry816,user,harry.chen,,False,,2,0,0,0,3,0,0,,2025-03-13T14:32:20.000Z,1786023124.0927732
harry798,user,sdfsdf sdfsdf,,False,,1,0,0,0,0,0,0,,2025-04-14T13:39:13.000Z,1786023124.094015
harry85,user,Harry,,False,,9,5,9,0,5,0,0,,2022-11-17T18:11:31.000Z,1786023124.0966873
harry916,user,hariprasath,,False,,1,0,0,0,0,0,0,,2022-10-08T06:12:13.000Z,1786023124.1011336
harryKan22,user,HARISH NAIR S,,False,,1,0,0,0,0,2,0,,2022-08-16T07:18:30.000Z,1786023124.1186686
harryadav3,user,Anurag Yadav,,False,,2,0,0,1,2,0,0,,2024-03-27T21:39:23.000Z,1786023124.12568
harryali,user,Hassan Ali,,False,,4,0,0,0,0,0,0,,2024-08-20T22:15:09.000Z,1786023124.129916
harrybox,user,harry,,False,,1,0,0,0,0,0,0,,2022-09-03T00:40:54.000Z,1786023124.1399314
harryavila1980,user,juan luis,,False,,7,0,1,0,0,0,0,,2022-10-29T09:32:37.000Z,1786023124.1438298
harryb0905,user,Harry Baines,,False,,5,0,1,0,3,4,0,,2022-04-21T16:30:13.000Z,1786023124.1453102
harrybui216,user,Harry Bui,,False,,1,0,0,0,0,0,0,,2024-11-03T12:33:15.000Z,1786023124.1504123
harrycoder1,user,Harish  Hedau,,False,,2,0,0,0,0,0,0,,2025-01-06T07:01:28.000Z,1786023124.1667051
harrycodes10,user,harry paolella,,False,,1,0,0,0,0,0,0,,2024-11-04T00:12:50.000Z,1786023124.1694777
harrycrown921,user,Harry Crown,,False,,1,0,1,0,0,0,0,,2025-03-24T16:53:43.000Z,1786023124.1837945
harrycools,user,Srihari Nagarajan,,False,,1,0,0,0,0,0,0,,2023-07-07T02:28:02.000Z,1786023124.1851673
harrydawitch,user,Long Thien Hoang Chu,,False,,5,1,2,0,3,0,0,,2024-07-23T08:49:18.000Z,1786023124.1870964
harrydirk41,user,Harry Liu,,False,,2,0,0,0,0,0,0,,2025-01-17T22:16:13.000Z,1786023124.1883383
harryfrz,user,Harikrishna C,,False,,3,0,0,1,3,0,0,,2025-06-26T17:10:37.000Z,1786023124.1976516
harryfx001,user,Harry Fx,,False,,4,4,0,0,2,0,0,,2023-07-30T14:17:11.000Z,1786023124.2134306
harrygens,user,harrygens,,False,,2,0,1,0,3,0,0,,2022-08-25T14:20:51.000Z,1786023124.2231903
harryharry123,user,harry lewis,,False,,1,0,0,0,0,0,0,,2023-08-12T11:08:28.000Z,1786023124.2308712
harryha,user,hawaichung,,False,,1,0,0,0,0,0,0,,2023-03-17T09:27:29.000Z,1786023124.232349
harryguzman1989,user,Harry Guzmán,,False,,1,0,0,0,0,0,0,,2025-08-27T21:15:25.000Z,1786023124.233814
harryharryrun,user,harryharryrun,,False,,2,0,0,0,1,0,0,,2025-03-21T07:23:56.000Z,1786023124.2349634
harryhein,user,Harry Hein,,False,,7,0,23,0,0,0,0,,2023-03-27T16:05:57.000Z,1786023124.2420619
harry767701,user,Thai Tran Khanh Nguyen,,False,,7,0,0,0,0,0,0,,2024-08-07T04:03:16.000Z,1786023124.2549987
harryhoch,user,Harry Hochheiser,,False,,2,0,0,0,0,0,0,,2022-05-01T03:05:41.000Z,1786023124.2596455
harryhsing,user,Zhenghao Xing,,False,,4,2,2,5,7,3,4,,2025-05-03T14:31:31.000Z,1786023124.2723095
harryizquierdo,user,Harry Izquierdo,,False,,2,0,0,0,0,0,0,,2023-01-11T16:05:09.000Z,1786023124.273215
harryitz,user,Harry,,False,,1,0,0,0,0,0,0,,2025-05-04T13:55:25.000Z,1786023124.278853
harryjoseph9995,user,harryjoseph,,False,,1,1,0,0,0,0,0,,2026-03-12T08:34:20.000Z,1786023124.2817888
harrykeeran12,user,Hareeshan Elankeeran,,False,,4,0,0,0,0,0,0,,2024-09-30T19:14:17.000Z,1786023124.285766
harrykesh,user,harikesh pratap verma,,False,,1,0,3,0,0,0,0,,2025-07-26T13:06:57.000Z,1786023124.2877324
harrylai,user,harry lai,,False,,1,0,0,0,0,0,0,,2023-06-01T03:08:34.000Z,1786023124.3051836
harrylal,user,Harry,,False,,1,0,0,0,0,0,0,,2026-07-04T06:58:35.000Z,1786023124.3189714
harrylee1900,user,harrylee,,False,,1,3,0,0,1,1,0,,2025-05-14T05:16:35.000Z,1786023124.3204963
harrylbi,user,lbi,,False,,2,0,2,0,0,0,0,,2025-07-02T05:35:48.000Z,1786023124.3226151
harrym111,user,Harry M,,False,,1,0,0,0,0,0,0,,2024-06-04T19:58:37.000Z,1786023124.3251011
harryliza,user,harryliza,,False,,1,0,0,0,0,0,0,,2025-05-01T09:39:02.000Z,1786023124.333522
harrymin,user,legenda,,False,,1,0,0,0,0,0,0,,2025-12-17T13:23:32.000Z,1786023124.3347347
harrymmartens,user,Harry Martens,,False,,3,0,0,0,0,0,0,,2024-06-17T05:42:39.000Z,1786023124.3428435
harryn0502,user,Harryn Oh,,False,,2,3,0,0,2,5,0,,2023-03-27T15:42:43.000Z,1786023124.354436
harryneal,user,Harry,,False,,2,0,0,0,0,4,0,,2023-07-12T10:45:27.000Z,1786023124.3640335
harrynguyen5,user,Nguyen Quoc Nguyen,,False,,1,0,0,0,1,0,0,,2026-03-31T12:22:31.000Z,1786023124.36497
harryod7,user,Harry O'Donnell,,False,,1,0,0,0,0,0,0,,2025-12-25T20:36:28.000Z,1786023124.371347
harrypeter07,user,Hassan mansuri,,False,,1,0,1,0,0,0,0,,2025-03-15T15:07:49.000Z,1786023124.374939
harryowireduashley,user,Harry Owiredu-Ashley,,False,,1,0,0,0,0,0,0,,2026-02-06T18:44:34.000Z,1786023124.3811297
harryph,user,Harry Pham,,False,,12,4,0,1,0,0,0,,2023-12-04T08:44:33.000Z,1786023124.3906493
harrypool,user,Onkar Chaturvedi,,False,,1,0,6,0,0,0,0,,2025-09-05T20:49:27.000Z,1786023124.4117637
harrypotter007,user,Harry Potter,,False,,1,0,0,0,0,0,0,,2025-04-21T21:14:28.000Z,1786023124.4155054
harryrachel7,user,Harry Rachel,,False,,1,0,0,0,0,0,0,,2024-12-18T13:42:59.000Z,1786023124.419851
harryradford,user,Harry Radford,,False,,2,0,0,0,0,0,0,,2023-07-17T13:27:59.000Z,1786023124.4276965
harryrobert,user,Nguyen Nhat Minh,,False,,4,3,0,0,0,0,0,,2023-03-18T05:22:57.000Z,1786023124.431344
harrypinewild,user,harrypinewild,,False,,2,0,0,0,0,0,0,,2025-11-27T09:20:37.000Z,1786023124.455022
harryshoebridge,user,Harry Shoebridge,,False,,1,0,0,0,0,0,0,,2025-10-08T15:13:56.000Z,1786023124.4566991
harryng4869,user,harry nguyen,,False,,13,10,0,6,0,0,0,,2023-08-11T04:47:24.000Z,1786023124.457484
harryroger798,user,Harry Roger,,False,,1,0,3,0,0,0,0,,2025-08-12T20:44:46.000Z,1786023124.4591372
harryslater58,user,Harry Slater,,False,,1,0,0,0,0,0,0,,2024-06-14T02:28:32.000Z,1786023124.4648447
harryporter0101,user,harry,,False,,1,0,0,0,0,0,0,,2025-10-16T22:14:18.000Z,1786023124.46598
harrysolovay,user,Harry Solovay,,False,,1,0,0,0,0,0,0,,2023-04-23T13:55:35.000Z,1786023124.472453
harrysyz,user,Shiyang Zhang,,False,,5,0,0,2,2,0,0,,2024-01-28T05:24:18.000Z,1786023124.4783928
harrytea,user,WangYonghui,,False,,1,4,0,0,0,2,0,,2023-04-10T07:21:30.000Z,1786023124.4979653
harrytechiz,user,Harry Ng,,False,,1,0,0,0,0,0,0,,2023-11-24T05:03:35.000Z,1786023124.5068343
harrytv32,user,TING HAO CHEN,,False,,1,0,0,0,0,0,0,,2025-10-19T06:20:26.000Z,1786023124.5081446
harryuk07,user,Harry Arora,,False,,1,0,7,0,0,0,0,,2026-06-23T07:16:13.000Z,1786023124.509186
harrytsao,user,Harry Tsao,,False,,2,0,2,0,0,0,0,,2023-10-10T16:14:54.000Z,1786023124.5101752
harrytq,user,david,,False,,1,2,1,1,13,0,0,,2024-03-13T06:59:30.000Z,1786023124.5118723
harryvar,user,Harry Var,,False,,1,632,0,0,0,0,0,,2024-10-28T05:45:08.000Z,1786023124.5189717
harryverity,user,Verity,,False,,1,0,1,0,0,0,0,,2024-07-29T05:15:59.000Z,1786023124.5219219
harrywang,user,Harry Wang,,False,,2,3,1,4,14,0,0,,2021-03-04T03:48:00.000Z,1786023124.5484984
harrywilliams,user,Harry Williams,,False,,1,0,0,0,0,0,0,,2026-01-08T08:57:26.000Z,1786023124.5499282
harrywho,user,Harry Hu,,False,,2,0,0,1,0,0,0,,2025-04-11T00:26:54.000Z,1786023124.5511606
harryyekini,user,davies banks,,False,,3,0,0,0,0,0,0,,2025-04-27T22:26:09.000Z,1786023124.5521283
harrywang01,user,Kuancheng Wang,,True,,10,6,0,1,0,3,0,,2024-11-18T04:08:37.000Z,1786023124.5555513
harryzf,user,w,,False,,1,1,0,0,1,0,0,,2024-11-05T11:48:48.000Z,1786023124.5636427
harryzerocoke,user,Harry Wang,,False,,1,0,0,0,0,0,0,,2023-05-18T09:28:11.000Z,1786023124.5648346
harryzhao66,user,harry zhao,,False,,1,0,0,0,0,0,0,,2025-09-10T01:22:11.000Z,1786023124.5708628
harryzhp,user,haipeng zou,,False,,3,0,0,0,0,0,0,,2025-03-22T03:43:38.000Z,1786023124.592164
harsh-05,user,harish,,False,,1,0,0,0,0,0,0,,2025-01-24T04:08:14.000Z,1786023124.5981417
harsana-ai,user,harsana basnet,,False,,2,0,0,0,0,0,0,,2026-07-19T14:50:24.000Z,1786023124.600529
harsh-77,user,Harsh Chakravarti,,False,,3,0,5,1,3,0,0,,2025-09-19T15:03:53.000Z,1786023124.60664
harsh-101,user,harsh gahankar,,False,,1,0,1,0,0,0,0,,2026-07-16T16:20:50.000Z,1786023124.6078472
harsh-cisco,user,Harsh Khandelwal,,False,,1,0,0,0,0,0,0,,2025-04-01T05:23:07.000Z,1786023124.6192615
harryzs2023,user,SHENG ZHAO,,False,,1,0,0,0,2,0,0,,2023-11-07T13:34:15.000Z,1786023124.6232896
harsaas,user,HARIPRASAD THULASIRAJ,,False,,2,0,0,0,0,0,0,,2026-05-31T05:32:32.000Z,1786023124.6307037
harsh-f9,user,Harsh Jain,,False,,1,1,2,0,0,0,0,,2026-04-08T10:26:13.000Z,1786023124.6345882
harsh-kaushik-99,user,HARSH KAUSHIK,,False,,1,1,0,0,16,0,0,,2026-05-03T07:22:22.000Z,1786023124.6461377
harsh-it481,user,HARSHIT RATHI,,False,,1,0,0,0,0,0,0,,2025-07-25T05:59:03.000Z,1786023124.648227
harsh-mehta19,user,Harsh,,False,,3,0,0,0,0,0,0,,2024-03-20T23:19:54.000Z,1786023124.6539745
harsh-lodha,user,Harsh Lodha,,False,,2,2,2,0,0,1,0,,2023-10-13T03:44:25.000Z,1786023124.6562436
harsh-mulodhia,user,Harsh Mulodhia,,False,,1,0,0,0,0,0,0,,2026-05-17T14:13:52.000Z,1786023124.6668346
harsh-p-coditude,user,Harsh Patel,,False,,1,0,0,0,0,0,0,,2025-01-30T03:08:22.000Z,1786023124.671272
harsh-patel-us,user,Patel,,False,,6,1,1,0,1,0,0,,2024-09-10T06:06:42.000Z,1786023124.6820078
harsh-patel,user,Harsh Patel,,False,,1,0,0,0,1,0,0,,2024-01-03T19:49:18.000Z,1786023124.6936657
harsh-shah25,user,Harsh Shah,,False,,2,0,0,0,0,0,0,,2024-11-15T06:34:05.000Z,1786023124.6946154
harsh-wk,user,Harsh,,False,,1,0,0,0,0,0,0,,2024-12-27T05:19:58.000Z,1786023124.6985562
harsh-singh-123,user,harsh,,False,,1,0,0,0,0,0,0,,2025-11-09T04:39:01.000Z,1786023124.6995254
harsh00,user,Harsh Kumar,,False,,1,0,0,0,1,0,0,,2023-09-13T06:26:19.000Z,1786023124.7125263
harsh-raj-singh,user,rana harshraj singh,,False,,7,0,0,0,0,0,0,,2023-03-14T13:37:31.000Z,1786023124.7141392
harsh0000009,user,harsh dixit,,False,,1,0,0,0,0,0,0,,2025-08-30T13:22:29.000Z,1786023124.7239683
harsh00091,user,harsh shakya,,False,,1,0,0,0,0,0,0,,2026-03-30T16:15:32.000Z,1786023124.7371035
harsh002,user,Harsh Vishwakarma,,False,,1,0,0,0,0,0,0,,2023-07-04T18:19:27.000Z,1786023124.7400472
harsh0024,user,Harsh Ahlawat,,False,,3,0,1,0,0,0,0,,2026-01-27T10:23:06.000Z,1786023124.7426193
harsh0405,user,singhal,,False,,1,0,0,0,0,0,0,,2023-07-04T21:27:50.000Z,1786023124.7566092
harsh024,user,Harsh Ahlawat,,False,,36,1,1,2,27,0,0,,2022-03-21T05:46:49.000Z,1786023124.7584853
harsh0501,user,harsh mate,,False,,1,0,0,0,0,0,0,,2025-01-09T08:18:58.000Z,1786023124.7622516
harsh070804,user,Harsh Jha,,False,,1,0,29,0,0,0,0,,2025-12-25T16:52:25.000Z,1786023124.7742424
harsh0000,user,Harsh Chauhan,,False,,7,0,0,0,0,0,0,,2023-05-09T06:47:18.000Z,1786023124.778106
harsh07102004,user,harsh,,False,,1,0,1,0,0,0,0,,2026-06-19T08:10:01.000Z,1786023124.779587
harsh098mumbai,user,Harsh Katkar,,False,,2,0,0,0,0,0,0,,2023-06-13T09:14:22.000Z,1786023124.7885742
harsh0987,user,harsh garg,,False,,1,0,0,0,0,0,0,,2023-11-27T16:05:13.000Z,1786023124.7934456
harsh09o,user,harsh rajput,,False,,1,0,0,0,0,0,0,,2025-10-17T10:57:03.000Z,1786023124.8015044
harsh12100,user,Harshvardhan singh,,False,,9,0,2,0,0,0,0,,2023-12-08T20:10:43.000Z,1786023124.804402
harsh12131,user,Harsh Yadav,,False,,1,0,0,0,0,0,0,,2025-03-30T17:05:12.000Z,1786023124.8069086
harsh1214,user,Harsh Yadav,,False,,1,0,0,0,0,0,0,,2025-01-27T06:50:02.000Z,1786023124.819555
harsh122e2wr,user,HARSH PRATAP JAISWAL,,False,,1,0,1,0,1,0,0,,2025-10-29T20:23:39.000Z,1786023124.8232803
harsh123memane,user,Memane Harsh Gokul,,False,,1,0,0,0,0,0,0,,2026-05-03T07:33:06.000Z,1786023124.830629
harsh1304,user,Harsh Prajapati,,False,,2,0,0,0,1,0,0,,2023-08-16T06:47:25.000Z,1786023124.8347743
harsh13333,user,Harsh Pankajkumar Sanghavi,,False,,8,9,2,2,0,0,0,,2024-03-22T05:53:31.000Z,1786023124.8402567
harsh15,user,Harshvardhan Rijhwani,,False,,1,0,0,0,0,0,0,,2023-08-19T11:11:19.000Z,1786023124.8424113
harsh1616,user,Harsh Ambatkar,,False,,1,0,2,0,0,0,0,,2025-03-18T11:50:41.000Z,1786023124.847844
harsh1703,user,Animesh Harsh,,False,,2,1,0,0,0,0,0,,2024-12-06T08:24:21.000Z,1786023124.851935
harsh171104,user,raj,,False,,4,0,0,0,0,0,0,,2025-09-07T06:16:07.000Z,1786023124.8650763
harsh1722,user,Harshit Tiwari,,False,,1,0,3,0,0,0,0,,2025-01-29T07:38:07.000Z,1786023124.8762167
harsh2040,user,Harsh Gupta,,False,,1,0,3,0,3,1,0,,2020-06-02T17:23:37.000Z,1786023124.8783002
harsh2323,user,Harsh Mahalle,,False,,1,0,3,0,0,0,0,,2024-07-29T16:40:23.000Z,1786023124.8843482
harsh290198,user,Harsh Gupta,,False,,1,0,0,0,0,0,0,,2024-03-24T17:34:42.000Z,1786023124.897506
harsh2five,user,Harshdeep,,False,,1,0,2,0,0,0,0,,2026-04-18T21:44:57.000Z,1786023124.8983545
harsh215,user,Harsh Ranjan,,False,,1,0,0,0,0,0,0,,2025-11-01T10:41:25.000Z,1786023124.900335
harsh3377,user,chauhan,,False,,3,0,0,0,0,0,0,,2022-04-19T11:34:37.000Z,1786023124.9132278
harsh4248,user,Harsh Dalwadi,,False,,2,1,1,0,1,0,0,,2023-12-03T21:06:14.000Z,1786023124.919602
harsh4733,user,Harsh Lad,,False,,6,1,3,0,0,0,0,,2023-04-06T16:27:15.000Z,1786023124.926415
harsh580g,user,Harsh Goel,,False,,15,0,0,0,0,0,0,,2025-01-31T08:30:16.000Z,1786023124.935182
harsh6gpt,user,Harsh Gupta,,False,,1,0,0,0,0,0,0,,2023-02-12T00:26:54.000Z,1786023124.9416094
harsh6969546,user,harsh dakare,,False,,1,0,1,0,0,0,0,,2026-04-28T04:46:58.000Z,1786023124.943664
harsh7044,user,Harsh Dhiman,,False,,1,0,0,0,0,1,0,,2025-04-18T08:28:30.000Z,1786023124.946454
harsh253,user,harsh,,False,,1,0,0,0,0,0,0,,2025-10-08T10:04:47.000Z,1786023124.9537308
harsh762011,user,Harsh Srivastava,,False,,152,0,0,2,4,4,0,,2025-09-06T07:24:50.000Z,1786023124.9625342
harsh778,user,Harsh Singhal,,False,,1,0,0,0,0,0,0,,2023-10-24T16:26:30.000Z,1786023124.96526
harsh798,user,Harshvardhan Singh,,False,,1,0,0,0,0,0,0,,2024-03-19T14:04:15.000Z,1786023124.9731863
harsh7989,user,harsha,,False,,2,0,0,0,0,0,0,,2024-10-29T10:30:28.000Z,1786023124.981927
harsh8001,user,harsh sanjaysingh kachhaway,,False,,5,2,9,0,10,1,0,,2026-01-30T04:31:23.000Z,1786023124.9904811
harsh90,user,harsh mishra,,False,,3,0,0,0,0,0,0,,2025-06-12T08:10:10.000Z,1786023124.9989767
harsh9059,user,Harsh Shrishrimal,,False,,1,0,1,0,0,0,0,,2026-05-03T04:17:20.000Z,1786023125.0111146
harsh915,user,Harsh Vardhan Agrawal,,False,,1,0,1,0,1,0,0,,2025-11-02T19:37:26.000Z,1786023125.0137463
harsh9774,user,harsh daftari,,False,,1,0,0,0,0,0,0,,2025-06-06T12:41:45.000Z,1786023125.025258
harsh822,user,Harsh Shukla,,False,,1,0,3,0,0,0,0,,2025-05-12T17:44:38.000Z,1786023125.028089
harsh9015,user,jha,,False,,1,0,0,0,0,0,0,,2024-09-18T11:21:15.000Z,1786023125.0323458
harsh99,user,Kesharwani,,False,,5,1,1,0,3,5,0,,2023-07-14T16:54:49.000Z,1786023125.0394459
harshThakur9089798,user,HARSH THAKUR,,False,,1,1,0,0,0,0,0,,2024-06-25T17:41:47.000Z,1786023125.0430436
harsha-18-sri,user,sri harsha,,False,,1,0,0,0,0,0,0,,2025-01-25T17:21:37.000Z,1786023125.059198
harshV27,user,Harshvardhan,,False,,5,0,0,0,0,0,0,,2023-08-04T23:35:08.000Z,1786023125.0604103
harsha-math,user,Harsha,,False,,1,0,0,0,0,0,0,,2026-05-28T04:45:37.000Z,1786023125.0766146
harsha-desaraju,user,Harsha Desaraju,,False,,1,25,0,1,4,0,0,,2023-07-27T15:07:20.000Z,1786023125.0780087
harsha-thinkingstack,user,Harsha,,False,,1,0,0,0,0,0,0,,2025-03-21T05:43:54.000Z,1786023125.0814972
harsha070,user,Sree Harsha,,True,,24,2,0,0,0,0,0,,2023-01-07T17:56:29.000Z,1786023125.0830815
harsha08-2k6,user,Siva harsha vardhan reddy,,False,,1,0,0,0,0,0,0,,2025-09-20T07:17:58.000Z,1786023125.0846987
harsha123-5,user,Harshauppalapati,,False,,2,0,0,0,0,0,0,,2026-01-28T11:48:05.000Z,1786023125.1014223
harsha163,user,Harshavardhan adepu,,False,,1,0,0,2,0,3,0,,2022-06-04T20:23:09.000Z,1786023125.1073062
harsha19,user,harshavardhan,,False,,18,0,0,0,0,5,0,,2022-08-31T14:48:25.000Z,1786023125.1203911
harsha176,user,Harsha,,False,,1,0,0,0,0,0,0,,2023-05-20T05:43:55.000Z,1786023125.1231458
harsha192005,user,Harshavardan T,,False,,1,0,0,0,0,0,0,,2025-07-29T08:04:24.000Z,1786023125.1283288
harsha19850,user,Harsha H,,False,,1,0,0,0,0,0,0,,2025-07-19T09:03:46.000Z,1786023125.135226
harsha2002,user,harsha uppala,,False,,1,0,0,0,0,0,0,,2025-09-29T06:19:01.000Z,1786023125.1435785
harsha2946,user,Sai Sri Harsha,,False,,1,1,0,0,0,0,0,,2025-12-06T18:01:43.000Z,1786023125.1449096
harsha3037,user,Harsha Vardhan Koduri,,False,,1,0,0,0,0,0,0,,2023-08-04T03:17:10.000Z,1786023125.1516457
harsha392,user,harsha,,False,,1,0,1,0,0,0,0,,2024-01-02T15:22:59.000Z,1786023125.1631012
harsha4794,user,Challa,,False,,3,0,0,0,0,0,0,,2025-02-25T15:57:01.000Z,1786023125.1691265
harsha3777,user,Harsha,,False,,1,0,1,0,0,0,0,,2026-03-19T16:22:08.000Z,1786023125.1706054
harsha4846,user,harsha venkat imadabathuni,,False,,2,0,0,1,0,0,0,,2025-07-03T13:47:16.000Z,1786023125.1778917
harsha509,user,FNU SRI HARSHA,,False,,1,0,0,0,1,0,0,,2026-04-17T22:32:42.000Z,1786023125.1874583
harsha7286,user,HARSHAVARDHAN KARNE,,False,,9,0,0,2,5,1,0,,2025-03-28T03:51:18.000Z,1786023125.1948662
harsha72df8y083,user,narsha,,False,,1,0,0,0,0,0,0,,2025-08-04T09:48:48.000Z,1786023125.1961546
harsha7409,user,Harsha Amin,,False,,2,0,0,0,0,0,0,,2024-12-18T11:20:04.000Z,1786023125.2083154
harsha85018,user,Harshavardhan Reddy Kaditham,,False,,1,0,1,0,1,0,0,,2026-06-14T02:37:45.000Z,1786023125.213787
harsha9119,user,Harsha vardhini,,False,,9,0,0,0,0,0,0,,2025-07-10T06:35:08.000Z,1786023125.2150936
harsh814,user,Harsh,,False,,1,0,0,0,0,1,0,,2023-12-25T06:26:50.000Z,1786023125.2166102
harsha924,user,Harshavardhan,,False,,2,0,2,0,0,0,0,,2025-03-20T08:08:03.000Z,1786023125.2198784
harsha9477,user,HarshaVardhan Dasari,,False,,1,0,0,0,0,0,0,,2024-09-26T17:46:44.000Z,1786023125.2364993
harshaZ,user,harshawardhan ravichandran,,False,,1,0,0,0,0,0,0,,2023-10-25T09:14:31.000Z,1786023125.2377613
harshaVajapai,user,SriHarsha Vajapeyayajula,,False,,1,0,0,0,0,0,0,,2021-09-02T12:08:34.000Z,1786023125.2406654
harshachinthala,user,Sri Harshanadh Reddy Chinthala,,False,,1,0,4,0,0,0,0,,2025-11-24T16:53:56.000Z,1786023128.2985618
harshadalokesh,user,Harshada Lokesh,,False,,1,0,0,0,0,0,0,,2026-01-06T21:50:46.000Z,1786023128.320114
harshagale,user,Harsh Agale,,False,,2,0,0,0,0,0,0,,2026-05-17T07:05:28.000Z,1786023170.4362614
harsharora,user,Harsh Arora,,False,,2,23,0,0,0,0,0,,2023-11-22T13:13:50.000Z,1786023420.499043
harshasabb,user,Harsha Sabb,,False,,1,0,0,0,0,0,0,,2023-01-08T20:31:47.000Z,1786023420.5004346
harshasai-dev,user,harshasai,,False,,1,0,0,0,0,6,0,,2024-09-05T18:27:13.000Z,1786023420.5512028
harshasatyavardhan,user,harsha satya vardhan,,False,,1,1,1,0,11,0,0,,2022-10-21T06:15:56.000Z,1786023420.5524645
harshaswamy,user,Harsha Swamy,,False,,2,0,0,0,0,0,0,,2024-12-04T14:10:34.000Z,1786023420.598206
harshasurampudi,user,Sai Sri Harsha Surampudi,,False,,9,1,1,1,4,1,0,,2022-12-27T07:14:44.000Z,1786023420.601487
harshauckoo,user,Harsha Vardhan,,False,,1,0,0,1,0,0,0,,2024-03-27T14:22:26.000Z,1786023420.6466067
harshatejas,user,Harsha Tejas,,False,,1,0,0,0,0,0,0,,2023-04-19T16:13:17.000Z,1786023420.6749697
harshav,user,Harsha Vardhan,,False,,4,0,1,0,3,0,0,,2023-04-13T12:30:51.000Z,1786023420.6959276
harshavaishnav,user,Velineni Harshavaishnav,,False,,2,2,0,0,0,1,0,,2026-05-01T06:10:14.000Z,1786023420.7209253
harshavardhan-patil16,user,Harshavardhan Patil,,False,,1,0,0,0,9,0,0,,2024-11-30T22:48:01.000Z,1786023420.7496974
harshavardhan2415,user,Harshavardhan,,False,,1,0,1,0,0,0,0,,2025-09-10T16:17:08.000Z,1786023420.7681139
harshavardhan3,user,Harshavardhan,,False,,1,0,1,0,0,0,0,,2025-03-06T10:13:11.000Z,1786023420.797111
harshavardhan88858,user,Ganji Harsha vardhan,,False,,6,1,0,0,0,0,0,,2025-06-11T07:04:12.000Z,1786023420.8166478
harshavardhinimp,user,harshavardhinipremkumar,,False,,1,0,0,0,0,0,0,,2025-11-03T12:10:06.000Z,1786023420.8555665
harshavsk,user,V S K Harshavardhan Reddy,,False,,4,0,0,0,0,0,0,,2023-02-11T13:54:24.000Z,1786023420.87056
harshavv2504,user,HarshaVardhan,,False,,1,0,0,0,0,0,0,,2025-05-07T14:24:02.000Z,1786023420.9026806
harshbajpai,user,harshbajpai,,False,,2,0,0,0,0,0,0,,2025-04-28T09:12:59.000Z,1786023420.9512563
harshbenahalkar,user,Harsh Benahalkar,,False,,3,0,0,0,0,2,0,,2023-11-28T19:25:01.000Z,1786023421.0026674
harshawn,user,Harshawn Singh,,False,,1,0,1,0,0,0,0,,2026-03-07T18:28:53.000Z,1786023421.0232923
harshbhalodia,user,Harshkumar Bhalodia,,False,,1,0,1,0,0,0,0,,2024-01-01T00:33:56.000Z,1786023421.060171
harshbhaskerwar28,user,HARSH BHASKERWAR,,False,,1,0,0,0,0,0,0,,2023-10-28T08:44:38.000Z,1786023421.069004
harshbhatt7585,user,Harsh Bhatt,,False,,11,1,0,4,0,0,0,,2023-03-05T10:46:14.000Z,1786023421.1137273
harshbheem,user,bheem,,False,,1,1,1,0,0,0,0,,2026-03-02T18:01:08.000Z,1786023421.1164584
harshboss9211,user,harsh,,False,,1,0,0,0,0,0,0,,2025-03-20T05:05:08.000Z,1786023421.1605914
harshbhogal1,user,HARSH BHOGAL,,False,,4,0,2,0,0,0,0,,2024-11-03T15:22:47.000Z,1786023421.1621034
harshc,user,Harshinder Chadha,,False,,4,0,2,0,0,0,0,,2023-08-21T00:20:09.000Z,1786023421.20828
harshbpathak,user,Harsh Bhushan Pathak,,False,,1,0,1,0,0,0,0,,2025-07-10T07:50:39.000Z,1786023421.21395
harshdadiya-wappnet,user,Harsh,,False,,3,2,0,1,1,0,0,,2026-01-29T11:29:57.000Z,1786023421.2612245
harshcode21,user,Pande,,False,,4,5,0,0,1,0,0,,2024-01-26T04:21:09.000Z,1786023421.270807
harshdangaich,user,Harsh Dangaich,,False,,1,0,0,0,0,0,0,,2026-02-11T12:20:30.000Z,1786023421.3087602
harshdeeps48,user,Harshdeep Singh,,False,,1,0,0,0,0,0,0,,2024-09-02T06:03:14.000Z,1786023421.3154643
harshdetroja,user,Harsh Detroja,,False,,1,0,0,0,1,0,0,,2025-03-08T14:20:15.000Z,1786023421.3616269
harshdhiman03,user,Harsh Dhiman,,False,,6,0,1,0,0,0,0,,2023-12-26T06:26:04.000Z,1786023421.3672743
harshdishwar,user,harsh dishwar,,False,,1,0,0,0,0,0,0,,2024-08-03T06:01:05.000Z,1786023421.4099975
harshdixit05,user,Harsh Dixit,,False,,2,0,1,0,0,0,0,,2025-02-01T22:26:35.000Z,1786023421.42784
harshdubey129,user,harsh kumar,,False,,1,0,0,0,0,0,0,,2023-10-24T05:47:25.000Z,1786023421.453109
harshdurgude,user,harsh durgude,,False,,2,0,0,0,4,1,0,,2024-02-22T06:09:20.000Z,1786023421.4748123
harshdwivediiiii,user,Harshvardhan Dwivedi,,False,,1,0,1,0,0,0,0,,2026-04-04T14:21:08.000Z,1786023421.499603
harshed,user,harshed abdulla,,False,,2,0,2,0,0,0,0,,2024-04-06T16:55:10.000Z,1786023421.5168695
harshee77,user,Harsha Karanth,,False,,11,0,0,0,0,3,0,,2023-09-27T03:46:57.000Z,1786023421.5448434
harsheet35,user,Harsheet Singh,,False,,1,0,0,0,0,0,0,,2025-09-23T11:46:56.000Z,1786023421.5626936
harsheetakhandelwal,user,harsheeta khandelwal,,False,,1,0,5,0,0,0,0,,2024-12-10T13:26:06.000Z,1786023421.5955245
harshfromnow,user,Harshini Babu,,False,,1,0,1,0,0,0,0,,2025-11-11T09:29:06.000Z,1786023421.6041863
harshg9,user,Harsh G,,False,,1,0,0,2,1,0,0,,2023-04-06T19:13:01.000Z,1786023421.6405666
harshg97,user,Harsh Gupta,,False,,1,0,1,0,4,0,0,,2024-10-13T18:43:43.000Z,1786023421.6556034
harshgauti,user,Harsh singh,,False,,1,0,0,0,0,0,0,,2025-08-09T20:37:03.000Z,1786023421.683125
harshghandwani-ai,user,Harsh ghandwani,,False,,2,0,1,0,0,0,0,,2026-03-28T08:33:54.000Z,1786023421.703729
harshgods,user,Harsh Bisht,,False,,2,0,1,1,0,0,0,,2024-02-15T19:06:06.000Z,1786023421.7310233
harshgola89,user,harshgola,,False,,1,0,0,0,0,0,0,,2023-02-01T18:00:32.000Z,1786023421.7494662
harshgoyal2004,user,Harsh Goyal,,False,,1,0,1,0,0,0,0,,2024-08-12T17:12:18.000Z,1786023421.7776797
harshgulati,user,Harsh Gulati,,False,,1,1,1,0,0,1,0,,2024-02-19T11:27:05.000Z,1786023421.8029222
harshgurjar,user,Harsh Gurjar,,False,,1,0,0,0,0,0,0,,2025-07-04T05:52:01.000Z,1786023421.823937
harshh1307,user,harsh agarwal,,False,,6,0,1,0,0,0,0,,2023-05-09T10:46:18.000Z,1786023421.8462384
harshhhhhshshs,user,hasrh sahu,,False,,1,0,0,0,0,0,0,,2024-08-01T07:00:14.000Z,1786023421.8679907
harshhitan,user,Harshit Anand,,False,,2,0,0,0,0,0,0,,2025-01-19T17:15:48.000Z,1786023421.8930492
harshhitha,user,Gollapalli Harshitha,,False,,3,1,0,0,0,0,0,,2025-08-25T05:28:39.000Z,1786023421.9239547
harshhmaniya,user,Harsh Maniya,,False,,13,0,0,0,4,2,0,,2025-02-06T09:33:12.000Z,1786023421.9677112
harshhrawte,user,Harsh Rawte,,False,,1,0,0,0,0,0,0,,2024-10-23T17:44:57.000Z,1786023421.9703243
harshhub,user,Harsh Swarnkar,,False,,1,0,0,0,1,0,0,,2026-04-23T16:24:46.000Z,1786023422.0111012
harshhvermaa,user,harsh verma,,False,,1,0,0,0,0,0,0,,2025-04-03T14:52:09.000Z,1786023422.0202267
harshi-123,user,Harshitha kotapati,,False,,1,0,0,0,0,0,0,,2025-01-29T12:54:28.000Z,1786023422.056059
harshi0178,user,sushant kokate,,False,,1,0,0,0,0,0,0,,2024-09-10T08:18:21.000Z,1786023422.0978904
harshi0212,user,Harshita Kalva,,False,,2,0,0,0,0,0,0,,2024-11-07T04:23:29.000Z,1786023422.1431496
harshi173,user,Harshith Alle,,False,,13,11,1,0,3,0,0,,2023-10-12T05:11:31.000Z,1786023422.1873999
harshi2005,user,HARSHIT RAI,,False,,2,0,0,0,1,0,0,,2025-05-23T19:41:27.000Z,1786023422.2314503
harshi-kolluru,user,kolluru harshitha,,False,,2,0,1,0,0,0,0,,2026-03-28T04:34:15.000Z,1786023422.2524762
harshi321,user,badeti,,False,,2,2,0,0,0,1,0,,2024-05-21T11:25:42.000Z,1786023422.2861476
harshi5355,user,Harsith G Raj,,False,,1,0,0,0,0,0,0,,2026-05-13T08:42:28.000Z,1786023422.3005455
harshify,user,Harsh Raj Mishra,,False,,1,0,0,0,0,0,0,,2024-01-12T08:22:29.000Z,1786023422.334864
harshiiiiiii,user,Harshitha,,False,,2,1,0,0,0,0,0,,2025-02-18T15:53:56.000Z,1786023422.344589
harshiitsingh,user,Harshit Singh,,False,,2,1,0,0,0,0,0,,2023-05-25T17:37:03.000Z,1786023422.3821292
harshiiuiiio,user,Harshita Oberoi,,False,,1,0,0,0,0,0,0,,2025-10-26T06:42:36.000Z,1786023422.3954298
harshikareddy,user,V HARSHIKA REDDY,,False,,1,0,0,0,0,0,0,,2026-06-11T04:49:40.000Z,1786023422.4280162
harshil-1402,user,Harshil Pathria,,False,,1,0,0,0,0,0,0,,2026-03-14T07:39:51.000Z,1786023422.4368014
harshil0217,user,Harshil Chidura,,False,,2,0,0,0,0,0,0,,2024-08-16T18:56:07.000Z,1786023422.478807
harshil10,user,harshil,,False,,6,0,0,0,0,0,0,,2023-07-29T00:48:17.000Z,1786023422.4851632
harshil128,user,Harshil Dave,,False,,15,0,0,0,0,0,0,,2022-12-02T02:31:31.000Z,1786023422.5259004
harshil30401,user,Harshil Patel,,False,,1,0,0,0,0,0,0,,2023-06-30T04:16:05.000Z,1786023422.5306957
harshil30402,user,Harshil,,False,,7,1,0,0,0,0,0,,2023-11-29T09:57:50.000Z,1786023422.5780058
harshil5426,user,Harshil Lakkad,,False,,2,0,0,0,0,0,0,,2024-05-01T05:43:18.000Z,1786023422.5818288
harshil64,user,Harshil Gajjar,,False,,2,0,0,0,0,0,0,,2025-01-25T15:36:12.000Z,1786023422.6217713
harshildarji,user,Harshil,,True,,1,3,3,6,2,6,6,,2022-09-19T12:46:10.000Z,1786023422.6283324
harshilg-77,user,Harshil Chauhan,,False,,1,0,1,1,0,0,0,,2023-08-29T07:04:46.000Z,1786023422.6671462
harshilgohil,user,Harshil,,False,,1,0,0,0,0,0,0,,2024-03-10T00:21:50.000Z,1786023422.6734793
harshillodhiya,user,Harshil Lodhiya,,False,,2,0,0,0,0,0,0,,2024-11-06T11:33:52.000Z,1786023422.7201927
harshilj0310,user,Harshil  Singh Juneja,,False,,1,0,0,0,0,0,0,,2024-06-10T11:38:13.000Z,1786023422.7631097
harshilprojects,user,Harshil P,,False,,1,0,0,0,0,0,0,,2026-06-26T16:22:17.000Z,1786023422.7685628
harshini200,user,HarshiniNampally,,False,,1,0,3,0,0,0,0,,2025-05-27T00:11:53.000Z,1786023422.8096106
harshinde,user,Harsh,,False,,4,10,4,11,24,7,1,,2024-04-03T18:07:21.000Z,1786023422.847289
harshinis,user,HARSHINI S,,False,,1,4,0,0,0,0,0,,2024-10-03T08:54:20.000Z,1786023422.8562298
harshinisree7,user,Harshini Sree,,False,,1,0,0,0,0,0,0,,2026-03-11T06:33:51.000Z,1786023422.8930519
harshiq,user,Harshit Agarwal,,False,,1,0,0,0,0,0,0,,2025-05-19T04:53:45.000Z,1786023422.9007034
harshisfun,user,Harsh,,False,,1,0,0,0,2,0,0,,2025-01-29T02:55:58.000Z,1786023422.932768
harshism1,user,HARSH MAHESHWARI,,False,,2,0,0,0,203,2,0,,2024-08-07T12:34:06.000Z,1786023422.9740207
harshit-070,user,Harshit,,False,,3,0,0,0,0,0,0,,2023-01-05T09:56:32.000Z,1786023422.9848578
harshit-bstack,user,Harshit,,False,,1,0,0,0,0,0,0,,2025-04-24T10:22:45.000Z,1786023423.0221257
harshit-rapid,user,Harshit Gupta,,False,,1,0,0,0,0,0,0,,2023-07-17T09:01:11.000Z,1786023423.0306358
harshit-sinha-49,user,Harshit sinha,,False,,3,0,0,0,1,0,0,,2024-03-16T12:38:24.000Z,1786023423.069075
harshit03,user,jajoria,,False,,6,3,0,0,0,0,0,,2024-01-18T09:59:25.000Z,1786023423.0782557
harshit0593,user,lodhi,,False,,1,0,3,0,7,1,0,,2024-03-17T15:36:02.000Z,1786023423.1192966
harshit1230,user,Harshit singh,,False,,1,0,0,0,0,0,0,,2026-05-17T06:50:23.000Z,1786023423.1256742
harshit1308,user,Harshit Harsh,,False,,1,1,0,0,0,0,0,,2026-03-28T17:38:34.000Z,1786023423.1681223
harshit147,user,Pandit,,False,,1,0,0,0,3,0,0,,2025-01-09T01:09:20.000Z,1786023423.1733203
harshit158,user,Harshit Sharma,,False,,1,0,1,0,0,1,0,,2021-06-14T23:37:08.000Z,1786023423.2215362
harshit2312,user,Harshit Brahmbhatt,,False,,1,0,0,0,0,0,0,,2025-11-07T20:31:18.000Z,1786023423.2417428
harshit2551,user,Harshit Bhargava,,False,,2,0,0,0,0,0,0,,2025-03-05T03:01:17.000Z,1786023423.2642934
harshit28,user,Harshit Divekar,,False,,2,0,2,0,0,0,0,,2025-06-17T08:12:47.000Z,1786023423.289144
harshit311,user,saxena,,False,,1,0,0,0,0,0,0,,2026-01-10T12:57:16.000Z,1786023423.3167317
harshit36,user,Harshit S,,False,,2,1,0,0,5,0,0,,2024-06-19T15:03:51.000Z,1786023423.3660305
harshit379817,user,singh,,False,,1,0,0,0,0,0,0,,2024-09-23T10:57:06.000Z,1786023423.4483426
harshit345,user,harshit katyal,,False,,5,0,0,1,4,0,0,,2021-10-23T21:46:21.000Z,1786023423.490969
harshit4real,user,Harshit Gupta,,False,,1,0,0,0,0,0,0,,2023-12-27T12:21:26.000Z,1786023423.542828
harshit4711,user,Harshit Nilesh Pandhare,,False,,2,0,0,0,0,0,0,,2026-01-05T09:17:25.000Z,1786023423.553583
harshit567,user,Pushpendra Singh,,False,,1,0,0,0,0,0,0,,2025-05-01T18:20:41.000Z,1786023423.5899916
harshit989,user,Harshit Rajak,,False,,1,0,0,0,0,0,0,,2023-08-16T07:52:46.000Z,1786023423.6371012
harshit777,user,Harshit Patidar,,False,,3,0,0,0,0,0,0,,2021-03-17T03:40:17.000Z,1786023423.643689
harshita-21-balani,user,Harshita Balani,,False,,5,2,0,0,0,0,0,,2024-11-25T07:57:42.000Z,1786023423.68703
harshitAlgoNest,user,harshit,,False,,1,0,0,0,0,0,0,,2025-10-18T18:38:16.000Z,1786023423.6928256
harshita12,user,Harshita Batra,,False,,1,0,0,0,0,0,0,,2023-06-24T10:40:04.000Z,1786023423.735333
harshita078,user,harshita sharma,,False,,1,0,0,0,0,0,0,,2025-06-15T17:30:45.000Z,1786023423.7367208
harshita23sh,user,Harshita Sharma,,False,,3,1,0,1,0,0,0,,2021-07-21T16:58:46.000Z,1786023423.775148
harshita3012,user,harshitaketharaman,,False,,2,0,0,0,0,0,0,,2025-10-13T20:32:53.000Z,1786023423.783718
harshita3030,user,Harshita Bansal,,False,,1,0,0,0,0,0,0,,2026-03-30T03:17:13.000Z,1786023423.8342295
harshita9500,user,harshita singh,,False,,1,0,0,0,0,0,0,,2024-06-21T17:15:16.000Z,1786023423.8819525
harshita624,user,Harshita Sharma,,False,,2,0,0,0,0,0,0,,2024-12-15T08:16:41.000Z,1786023423.9011757
harshitaay,user,Harshitaa Yarramsetti,,False,,1,1,0,0,0,0,0,,2023-11-17T00:04:59.000Z,1786023423.9326565
harshitabatta,user,harshita batta,,False,,1,0,0,0,0,0,0,,2025-02-07T06:30:20.000Z,1786023423.943004
harshitagarwal04,user,Harshit Agarwal,,False,,1,0,1,0,2,0,0,,2025-03-30T16:49:04.000Z,1786023423.9750435
harshitakukreja,user,Harshita Kukreja,,False,,1,0,0,0,0,0,0,,2023-08-13T16:34:09.000Z,1786023423.9907625
harshitap0903,user,harshita patil,,False,,2,0,0,0,1,0,0,,2024-07-30T04:36:58.000Z,1786023424.0220706
harshitarora28,user,Harshit Arora,,False,,1,1,0,0,0,0,0,,2025-08-12T05:45:02.000Z,1786023424.045737
harshitasaxena,user,Harshita Saxena,,False,,1,1,0,0,0,0,0,,2024-01-15T11:10:20.000Z,1786023424.0716805
harshitasayala,user,Harshita Sayala,,False,,4,0,0,0,0,0,0,,2025-11-06T20:10:54.000Z,1786023424.1081214
harshitaskh,user,Harshita Khandelwal,,False,,9,0,0,0,2,0,0,,2022-11-14T07:18:15.000Z,1786023424.1278808
harshitdceggn,user,Harshit Pandey,,False,,2,0,1,0,0,0,0,,2025-02-26T18:34:02.000Z,1786023424.1587474
harshitdubey00,user,Harshit Dubey,,False,,1,0,4,0,0,0,0,,2025-07-27T07:26:14.000Z,1786023424.1749456
harshitdy,user,dubey,,False,,1,0,0,0,0,0,0,,2023-06-07T07:39:03.000Z,1786023424.1986263
harshitg1003,user,Harshit Hemant Gupta,,False,,2,0,0,0,0,0,0,,2024-12-23T10:52:22.000Z,1786023424.2179413
harshitgaur6155,user,Harshit Gaur,,False,,1,0,0,0,0,0,0,,2025-02-18T00:57:23.000Z,1786023424.2470279
harshitgoyal1206,user,Harshit Goyal,,False,,1,0,2,0,0,0,0,,2026-03-06T22:19:14.000Z,1786023424.2620625
harshitgoyal394,user,Harshit Goyal,,False,,1,0,0,0,0,0,0,,2023-12-06T09:37:15.000Z,1786023424.296031
harshitgupta04022004,user,Harshit Gupta,,False,,1,0,0,1,3,0,0,,2025-02-17T18:36:35.000Z,1786023424.3107865
harshith-7,user,Harshith Srigadde,,False,,11,0,1,1,0,1,0,,2023-11-21T06:54:09.000Z,1786023424.342839
harshith0214,user,Harshith Kori Raj,,False,,4,0,0,0,0,0,0,,2024-12-20T05:08:53.000Z,1786023424.3550787
harshith10,user,Harshith Nagula,,False,,1,0,0,0,0,1,0,,2025-04-23T19:06:07.000Z,1786023424.385847
harshith12345678,user,T. Harshith,,False,,1,0,0,0,0,0,0,,2025-04-27T21:51:28.000Z,1786023424.4080255
harshith12e,user,s,,False,,1,0,0,0,0,0,0,,2023-11-08T15:27:05.000Z,1786023424.4299638
harshith1811,user,M S Harshith Reddy,,False,,2,0,0,0,0,0,0,,2023-10-13T06:58:03.000Z,1786023424.4492364
harshith20,user,harshith,,False,,1,0,0,0,0,0,0,,2023-04-01T05:30:23.000Z,1786023424.4886053
harshith2794,user,Padigela,,False,,1,0,0,0,0,1,3,,2023-11-23T15:31:52.000Z,1786023424.4981601
harshith28,user,Harshith,,False,,1,0,1,0,1,0,0,,2024-02-19T15:34:08.000Z,1786023424.5321965
harshith292,user,Harshith Chennupati,,False,,4,0,0,0,0,0,0,,2025-04-11T15:36:55.000Z,1786023424.5436182
harshith3289,user,harshith leburu,,False,,1,0,8,0,0,0,0,,2025-03-05T06:55:20.000Z,1786023424.5784872
harshith34,user,harshith kasthuri,,False,,6,0,1,0,0,0,0,,2023-03-16T05:49:50.000Z,1786023424.5974379
harshith3987-lgtm,user,Harshithchiliveru,,False,,1,0,0,0,0,0,0,,2026-03-31T13:27:15.000Z,1786023424.6203976
harshith7,user,P.harshith,,False,,2,0,0,0,0,0,0,,2023-11-06T16:42:36.000Z,1786023424.6414962
harshith9010,user,harshithreddy,,False,,1,0,0,0,0,0,0,,2024-06-20T16:11:53.000Z,1786023424.660882
harshith987,user,goda,,False,,1,0,0,0,0,0,0,,2024-02-25T05:44:49.000Z,1786023424.6914747
harshith99,user,Harshith Belagur,,False,,2,2,2,0,5,0,0,,2020-11-26T08:26:49.000Z,1786023424.7037623
harshitha-44S,user,Harshitha S,,False,,11,0,0,0,0,0,0,,2025-12-14T07:29:28.000Z,1786023424.7358704
harshitha008,user,Harshitha Puttaswamy,,False,,1,1,0,0,0,0,0,,2025-06-13T00:22:12.000Z,1786023424.7546687
harshitha11ravani,user,harshitha ravani,,False,,1,0,0,0,0,0,0,,2024-01-08T16:05:51.000Z,1786023424.7834492
harshitha2406,user,Kancheti Harshitha,,False,,1,1,0,0,0,0,0,,2025-02-18T09:37:25.000Z,1786023424.8011346
harshitha33333,user,harshithaksherasagar,,False,,1,0,3,0,0,0,0,,2026-01-15T06:56:01.000Z,1786023424.8278935
harshitha672,user,Mandadi Harshitha Reddy,,False,,2,2,0,0,0,0,0,,2025-03-22T14:37:08.000Z,1786023424.845676
harshithaarlapalli,user,Arlapalli Harshitha,,False,,1,0,0,0,0,0,0,,2025-12-08T14:30:57.000Z,1786023424.878311
harshithaj,user,Harshitha J,,False,,1,0,0,0,0,0,0,,2024-12-06T18:16:58.000Z,1786023424.8921468
harshithan,user,Harshithan K S,,False,,1,1,0,0,0,1,0,,2024-03-01T19:23:57.000Z,1786023424.9217324
harshithareddy12,user,harshithareddy,,False,,1,0,0,0,1,0,0,,2025-04-06T05:48:06.000Z,1786023424.934887
harshithareddy24,user,Harshitha Reddy,,False,,1,0,0,0,0,0,0,,2026-04-08T11:27:55.000Z,1786023424.9677708
harshithas0600,user,Harshitha Samudrala,,False,,1,0,0,0,0,0,0,,2024-12-21T02:55:50.000Z,1786023424.9841824
harshithasudhakar,user,Harshitha Sudhakar,,False,,1,0,2,0,0,0,0,,2024-09-15T10:43:06.000Z,1786023425.0285127
harshithcd,user,Shhd,,False,,1,0,0,0,0,0,0,,2026-03-20T09:05:58.000Z,1786023425.030124
harshithkethavath,user,Harshith Kethavath,,False,,1,0,0,1,2,0,1,,2025-10-13T19:11:18.000Z,1786023425.074242
harshithgbv,user,B V Harshith,,False,,1,0,0,0,0,0,0,,2026-05-23T09:35:26.000Z,1786023425.125823
harshithseera,user,Harshith Seera,,False,,4,0,0,0,0,0,0,,2026-03-23T08:04:12.000Z,1786023425.1714582
harshithsaiv,user,Harshith Sai Veeraiah,,False,,1,0,0,0,1,0,0,,2023-11-16T20:17:02.000Z,1786023425.2040148
harshithvh,user,Harshith VH,,False,,6,4,0,0,0,0,0,,2023-12-07T07:28:47.000Z,1786023425.2225246
harshitisback,user,Harshit Tiwari,,False,,3,0,0,0,0,0,0,,2025-03-04T21:40:42.000Z,1786023425.2503405
harshitjain567,user,Harshit Anil Jain,,False,,6,0,0,0,0,0,0,,2025-11-10T20:06:34.000Z,1786023425.2846453
harshitkacholiya,user,Harshit Kacholiya,,False,,1,0,0,0,0,0,0,,2024-11-05T00:34:30.000Z,1786023425.325662
harshitkaran,user,Harshit Karan,,False,,1,2,0,0,0,0,0,,2022-08-22T08:33:18.000Z,1786023425.3340666
harshitkr12,user,Harshit Kumar,,False,,1,0,0,0,0,0,0,,2024-03-02T20:42:46.000Z,1786023425.3835976
harshitkgupta,user,Harshit Kumar Gupta,,False,,1,0,1,1,2,0,0,,2022-11-19T04:51:59.000Z,1786023425.4281983
harshitme08,user,Harshit,,False,,1,0,0,0,0,0,0,,2025-03-10T20:14:22.000Z,1786023425.4526484
harshitnarangg,user,Harshit Narang,,False,,1,0,1,0,1,0,0,,2025-11-06T14:16:46.000Z,1786023425.4690063
harshitpatelz,user,Harsh raj,,False,,1,0,3,0,0,0,0,,2025-01-03T09:18:57.000Z,1786023425.496988
harshitpundir,user,Harshit Pundir,,False,,1,0,1,0,0,0,0,,2026-06-03T11:10:07.000Z,1786023425.5168839
harshitsharma18,user,Harshit Sharma,,False,,2,0,0,0,0,0,0,,2024-11-09T07:23:04.000Z,1786023425.566083
harshitraj2409,user,Harshit Raj,,False,,6,8,0,1,5,0,0,,2024-04-10T22:36:25.000Z,1786023425.5742524
harshitsingh,user,Harshit Singh,,False,,1,0,0,0,0,0,0,,2023-10-22T19:45:26.000Z,1786023425.6083171
harshitsiwach,user,harshit siwach,,False,,3,0,0,0,2,2,0,,2025-12-27T21:28:58.000Z,1786023425.6182039
harshitsoni1903,user,Harshit,,False,,1,0,0,0,1,0,0,,2025-01-17T00:56:02.000Z,1786023425.6629453
harshitssj,user,Harshit Sharma,,False,,1,0,1,0,0,0,0,,2023-08-30T07:32:37.000Z,1786023425.664435
harshitvashistha,user,Harshit Vashistha,,False,,1,0,1,0,0,0,0,,2025-10-08T16:18:02.000Z,1786023425.708856
harshitvashisht,user,Harshit Vashisht,,False,,2,0,0,0,0,0,0,,2023-07-01T15:11:30.000Z,1786023425.7186575
harshiv,user,patel,,False,,4,2,10,0,0,0,0,,2023-04-15T10:13:53.000Z,1786023425.7528803
harshj0506,user,joshi,,False,,6,0,5,0,2,0,0,,2023-04-21T16:11:46.000Z,1786023425.7669094
harshj23,user,Harsh Jawajiwar,,False,,2,2,0,0,3,1,0,,2024-09-12T21:01:45.000Z,1786023425.8016481
harshjha29058,user,Harshanand,,False,,1,0,0,0,0,0,0,,2026-04-26T06:41:03.000Z,1786023425.8180702
harshjoshi2211,user,Harsh Joshi,,False,,2,2,5,0,0,0,0,,2025-02-06T13:40:21.000Z,1786023425.8477917
harshjoshi23,user,Harshvardhan Joshi,,False,,1,0,0,0,0,0,0,,2024-12-03T01:43:18.000Z,1786023425.8628
harshjoshi8611,user,harsh joshi,,False,,1,0,0,0,0,0,0,,2025-05-13T04:22:39.000Z,1786023425.9000368
harshjshah04,user,Harsh J Shah,,False,,2,1,1,0,0,0,0,,2024-03-06T02:54:17.000Z,1786023425.9245892
harshk33,user,Harsh Khandelwal,,False,,1,0,0,0,0,0,0,,2024-12-04T18:23:08.000Z,1786023425.9440155
harshkh,user,Harshvardhan Khaitan,,False,,1,0,0,0,0,0,0,,2026-02-27T21:50:35.000Z,1786023425.9696617
harshkhare,user,Harshavardhan Khare,,False,,3,0,0,0,0,0,0,,2023-06-26T04:46:20.000Z,1786023426.0022602
harshkpatel,user,Harshkumar Patel,,False,,2,0,0,0,0,0,0,,2025-09-12T04:52:35.000Z,1786023426.0147922
harshkumar1663,user,Harsh Kumar,,False,,1,0,0,0,0,0,0,,2023-03-30T10:10:26.000Z,1786023426.0460567
harshkumarchourasia,user,Harsh Chourasia,,False,,6,0,0,0,0,0,0,,2023-04-17T06:24:55.000Z,1786023426.0607939
harshm121,user,Harsh Maheshwari,,False,,1,0,2,0,1,0,0,,2023-03-27T18:58:11.000Z,1786023426.1116705
harshm121-sarvam,user,Harsh Maheshwari,,False,,2,0,1,0,1,1,0,,2025-06-11T09:45:16.000Z,1786023426.1658423
harshlaghave,user,Harsh Laghave,,False,,4,0,1,0,0,0,0,,2025-09-02T05:58:18.000Z,1786023426.1827219
harshm16,user,Harsh Mishra,,False,,5,0,0,0,1,0,0,,2022-04-15T17:41:43.000Z,1786023426.2137406
harshmanjhi124,user,harshmanjhi,,False,,1,0,0,0,0,0,0,,2025-03-03T07:47:58.000Z,1786023426.2545195
harshmakwana,user,hars,,False,,5,1,0,2,0,0,0,,2023-12-12T20:43:31.000Z,1786023426.264707
harshmatoliya,user,Harsh Matoliya,,False,,1,0,1,0,2,0,0,,2022-10-12T09:00:10.000Z,1786023426.3106675
harshmaster123,user,Harshavarthan,,False,,1,0,0,0,0,0,0,,2026-06-02T08:35:33.000Z,1786023426.3430696
harshmehta,user,Harsh Mehta,,False,,1,0,0,0,0,0,0,,2023-07-27T07:46:21.000Z,1786023426.3567753
harshmishra8,user,Harsh Mishra,,False,,1,0,1,0,1,0,0,,2025-04-06T10:23:05.000Z,1786023426.3892157
harshmjenya,user,Harsh Mistry ,,False,,1,0,0,0,2,0,0,,2023-08-12T09:47:10.000Z,1786023426.4113328
harshmori,user,harsh_mori,,False,,1,0,0,0,0,0,0,,2022-09-05T09:04:59.000Z,1786023426.4395459
harshnarayan12,user,Harsh Narayan,,False,,2,1,4,0,2,1,0,,2024-02-04T15:59:56.000Z,1786023426.485983
harshneedsclaude0,user,Harshavardhan Tiruvaipati,,False,,1,0,0,0,0,0,0,,2026-05-29T06:28:45.000Z,1786023426.4892137
harshnema4567,user,Harsh Nema,,False,,1,0,0,0,0,0,0,,2025-09-10T22:42:30.000Z,1786023426.5350537
harshnextgenmarkating,user,harsh,,False,,2,0,1,0,0,0,0,,2025-08-27T09:02:31.000Z,1786023426.5374284
harshoo19741,user,Harsha Vardhan,,False,,1,0,1,0,3,0,0,,2023-02-16T12:00:13.000Z,1786023426.5784009
harshoswal711,user,Harsh Oswal,,False,,1,0,1,0,0,0,0,,2023-04-25T20:49:55.000Z,1786023426.5819304
harshpatel080503,user,Patel Harsh Satishkumar,,False,,9,0,11,0,2,0,0,,2024-01-18T10:58:45.000Z,1786023426.6260383
harshpoddar21,user,harsh,,False,,2,0,3,0,0,0,0,,2023-06-09T10:33:54.000Z,1786023426.667279
harshp8l,user,Harsh Patel,,False,,2,0,2,0,0,0,0,,2023-05-24T13:56:09.000Z,1786023426.6858957
harshprasad03,user,Harsh Prasad,,False,,3,0,0,0,0,0,0,,2025-12-28T09:31:02.000Z,1786023426.7168329
harshpreet931,user,Harshpreet Singh,,False,,3,0,0,0,0,0,0,,2025-05-16T15:01:57.000Z,1786023426.734976
harshqtphi,user,Harsh Bafna,,False,,1,0,0,0,0,0,0,,2024-04-13T06:20:15.000Z,1786023426.7613397
harshqwen,user,120T,,False,,1,0,0,0,0,0,0,,2026-07-30T12:02:17.000Z,1786023426.7754066
harshradius,user,harshvardhan sharma,,False,,3,0,0,0,0,0,0,,2025-02-10T10:25:15.000Z,1786023426.8080761
harshrai3112,user,Harsh Rai,,False,,1,0,0,0,0,0,0,,2023-09-13T11:33:31.000Z,1786023426.8206625
harshraj187y78,user,raj,,False,,1,0,0,0,0,0,0,,2025-11-30T16:33:19.000Z,1786023426.868238
harshraj193,user,harshraj ray,,False,,1,0,0,0,0,0,0,,2026-05-21T10:11:50.000Z,1786023426.9176853
harshraj,user,Harsh Raj,,False,,7,7,0,0,6,4,0,,2023-08-02T09:25:11.000Z,1786023426.9192612
harshraj21,user,Harsh Raj,,False,,3,0,2,0,1,0,0,,2026-03-17T04:24:18.000Z,1786023426.9616442
harshraj741,user,Harsh Rajput,,False,,1,0,0,1,0,0,0,,2025-03-08T14:43:07.000Z,1786023426.9673197
harshrajsaxena,user,Harsh Raj,,False,,2,0,3,0,0,1,0,,2023-07-13T00:28:40.000Z,1786023427.0089815
harshrajsinghc,user,Harshraj Singh Chouhan,,False,,1,0,0,0,0,0,0,,2024-09-19T07:42:48.000Z,1786023427.0137815
harshrao-dev,user,HARSH RAO,,False,,1,0,0,0,0,0,0,,2026-06-17T21:04:26.000Z,1786023427.0503366
harshroxnox,user,Harsh Kumar,,False,,3,0,0,0,2,0,0,,2024-08-16T09:09:05.000Z,1786023427.0612688
harshs21,user,Harsh Sagar,,False,,26,1,0,0,0,1,0,,2023-05-30T09:18:02.000Z,1786023427.1085281
harshrtr07,user,Harshvardhan Singh Shekhawat,,False,,1,0,0,0,0,0,0,,2026-07-20T20:02:11.000Z,1786023427.145651
harshs2708,user,Harsh Soni,,False,,1,0,1,0,0,0,0,,2024-12-23T05:25:45.000Z,1786023427.1530187
harshsavasil,user,Harsh gupta,,False,,1,0,0,0,0,0,0,,2023-06-28T06:42:44.000Z,1786023427.1912928
harshseth,user,Harsh Seth,,False,,1,0,0,0,0,0,0,,2023-06-08T18:07:15.000Z,1786023427.234638
harshsh013,user,Harsh Sharma,,False,,1,0,1,0,1,0,0,,2024-12-05T18:09:44.000Z,1786023427.2983024
harshsaxena7,user,Harsh Saxena,,False,,1,0,0,0,0,0,0,,2025-11-06T11:30:03.000Z,1786023427.3319008
harshsharma2024,user,Harsh Sharma,,False,,1,0,0,0,0,0,0,,2024-03-26T18:18:00.000Z,1786023427.384802
harshshashwat,user,Shashwat Harsh,,False,,1,0,0,0,0,0,0,,2023-05-21T09:47:49.000Z,1786023427.4278836
harshshekhar15,user,Harsh Shekhar,,False,,2,0,0,0,0,0,0,,2023-12-06T12:38:07.000Z,1786023427.4915226
harshshah456,user,Harsh Shah,,False,,3,0,0,0,0,0,0,,2026-07-17T07:29:47.000Z,1786023427.5099564
harshsher,user,SINGH24,,False,,1,0,0,0,0,0,0,,2025-03-07T15:06:15.000Z,1786023427.5446463
harshsingh0018,user,harshsingh,,False,,1,0,0,0,0,0,0,,2025-03-30T10:04:39.000Z,1786023427.5590234
harshsingh24,user,harsh,,False,,1,0,0,0,0,0,0,,2022-12-17T21:20:54.000Z,1786023427.5877924
harshsingh7275,user,Harsh Singh,,False,,1,0,0,0,0,0,0,,2024-11-19T05:17:01.000Z,1786023427.6062927
harshsinghr63,user,Harsh Singh Rajput ,,False,,1,0,0,0,0,0,0,,2024-06-23T12:06:15.000Z,1786023427.6303513
harshtambade,user,Harsh Tambade,,False,,1,0,0,0,0,0,0,,2025-10-07T05:41:27.000Z,1786023427.6566541
harshtd,user,reddy,,False,,2,1,3,0,0,1,0,,2024-11-29T07:30:25.000Z,1786023427.6721296
harshthorat,user,Harsh Thorat,,False,,4,0,0,0,0,0,0,,2026-04-28T11:30:53.000Z,1786023427.7034519
harshtrivedi,user,Harsh,,False,,2,0,0,1,0,1,1,,2020-07-27T01:24:15.000Z,1786023427.716939
harshu101202,user,harshada v,,False,,2,0,0,0,0,0,0,,2023-08-30T09:37:33.000Z,1786023427.7462852
harshu202,user,harshada valvaikar,,False,,1,0,0,0,0,0,0,,2023-08-25T11:16:40.000Z,1786023427.7667472
harshuldashora,user,Harshul Dashora,,False,,1,0,0,0,0,0,0,,2026-04-01T13:02:06.000Z,1786023427.792009
harshuos,user,Harsh Edirisinghe,,False,,40,0,0,0,0,0,0,,2023-04-28T10:30:49.000Z,1786023427.8189113
harshupadhyayy,user,Harsh Upadhyay,,False,,2,0,0,0,0,0,0,,2023-10-24T05:09:54.000Z,1786023427.8380227
harshupanchal,user,Harshvardhan Panchal,,False,,1,0,0,0,0,0,0,,2023-10-07T09:40:24.000Z,1786023427.8659585
harshuuu620,user,Harshit sharma,,False,,1,0,0,0,0,0,0,,2025-06-26T19:37:49.000Z,1786023427.8838034
harshvadhiya,user,Harsh Vadhiya,,False,,1,0,0,0,1,0,0,,2023-08-31T05:14:58.000Z,1786023427.9096994
harshvardhan-1996,user,Harshvardhan Chaturvedi,,False,,2,0,0,0,0,0,0,,2025-01-28T20:54:56.000Z,1786023427.9308128
harshvardhan96,user,Harshvardhan Chaturvedi,,False,,5,0,3,0,0,0,0,,2023-01-29T12:05:39.000Z,1786023427.9547238
harshvardhanj733,user,Harsh Vardhan Jain,,False,,5,0,0,0,0,0,0,,2024-11-04T09:26:26.000Z,1786023427.9813066
harshvardhanmaskara,user,Harshvardhan Maskara,,False,,3,0,0,0,0,0,0,,2025-05-29T21:01:15.000Z,1786023428.0005097
harshvardhansharma1407,user,harsh,,False,,2,0,0,0,1,0,0,,2024-06-19T06:40:41.000Z,1786023428.0245697
harshvardhansinh90,user,harshvardhan,,False,,1,0,0,0,0,0,0,,2025-02-12T03:03:38.000Z,1786023428.0410378
harshvardhini123,user,Pandillapelly Harshvardhini,,False,,2,0,1,0,1,0,0,,2025-05-26T13:46:17.000Z,1786023428.069802
harshvarun,user,Harsh,,False,,1,0,0,0,0,0,0,,2024-12-22T07:30:38.000Z,1786023428.086695
harshvashisth10,user,Rajnesh,,False,,1,0,0,0,0,0,0,,2025-08-05T06:29:38.000Z,1786023428.1129575
harshverma2023,user,harshverma,,False,,2,0,0,0,0,0,0,,2023-09-11T10:43:21.000Z,1786023428.1330943
harshvictus1,user,harshithkumar,,False,,1,0,0,0,0,0,0,,2024-12-19T09:55:20.000Z,1786023428.1839356
harshvkarn,user,Harshvardhan Karn,,False,,1,0,0,0,0,0,0,,2022-07-13T10:11:16.000Z,1786023428.2278922
harshverma27,user,Harsh Verma,,False,,4,3,6,1,8,0,0,,2023-03-21T11:52:18.000Z,1786023428.2369459
harshvmai1,user,Harsh Dave,,False,,1,0,0,0,0,0,0,,2024-07-31T19:09:25.000Z,1786023428.2800307
harshvrdhn00,user,Harsh Vardhan Singh,,False,,1,0,0,0,0,0,0,,2025-02-12T09:01:22.000Z,1786023428.3252816
harshvm0001,user,Harshvardhan Mishra,,False,,1,0,0,0,0,0,0,,2023-12-04T12:16:02.000Z,1786023428.3331885
harshw030,user,Harsh Wadhwani,,False,,1,0,0,0,0,0,0,,2025-02-28T06:46:14.000Z,1786023428.378838
harshwithit,user,Harsh Karia,,False,,1,0,0,0,0,0,0,,2022-10-12T19:45:55.000Z,1786023428.3844376
harshxt12,user,Harshit Soni,,False,,1,0,0,0,0,0,0,,2024-07-21T09:49:22.000Z,1786023428.422716
harshyadav00,user,Harsh yadav,,False,,1,0,0,0,0,0,0,,2025-05-12T11:33:09.000Z,1786023428.4426913
harshyoooo05,user,Harsh Bhosale,,False,,1,0,4,0,0,0,0,,2025-04-16T18:39:39.000Z,1786023428.4685497
harsimran2004,user,Harsimranjit singh,,False,,1,0,0,0,0,0,0,,2024-02-23T20:46:46.000Z,1786023428.490424
harsimrat11,user,Harsimrat Singh,,False,,2,0,0,0,0,0,0,,2024-02-24T15:08:13.000Z,1786023428.5124793
harsingh1,user,Hardeep Singh,,False,,1,0,0,0,0,0,0,,2025-01-06T10:46:50.000Z,1786023428.5401587
harsita21,user,Harsita Mohanty,,False,,1,1,0,0,0,0,0,,2025-07-03T18:11:43.000Z,1786023428.5605724
harsith05,user,HARSITH. S,,False,,7,0,0,0,0,0,0,,2026-01-03T05:49:18.000Z,1786023428.5849674
harsithr,user,Harsith R,,False,,1,0,2,0,0,0,0,,2024-03-07T20:58:24.000Z,1786023428.6035633
harslan,user,Hasan,,False,,3,0,2,0,1,0,0,,2023-03-01T17:48:41.000Z,1786023428.630474
harslan584,user,Huseyin,,False,,1,0,0,0,0,0,0,,2023-09-25T21:19:38.000Z,1786023428.6494756
harsshrathod1928,user,Harsh Rathod,,False,,2,0,0,0,0,0,0,,2026-01-16T14:57:46.000Z,1786023428.6798866
harsvhj,user,Hddgff,,False,,1,0,0,0,0,0,0,,2024-12-21T16:19:17.000Z,1786023428.697252
harsyuio,user,hars,,False,,1,0,0,0,0,0,0,,2026-07-26T12:57:20.000Z,1786023428.7271624
hart11,user,hart ram,,False,,1,1,1,0,1,0,0,,2026-03-04T08:29:16.000Z,1786023428.745577
hartadiekop,user,Hartadi,,False,,1,0,0,1,0,0,0,,2023-06-18T22:18:35.000Z,1786023428.7754803
hartemj,user,Martin,,False,,5,0,0,0,0,0,0,,2023-07-28T12:01:05.000Z,1786023428.7930388
harterybeylotte,user,gffffffh,,False,,1,0,0,0,0,0,0,,2025-05-14T08:05:49.000Z,1786023428.8232377
harthai,user,Harris Thai,,False,,4,0,0,0,0,0,0,,2024-12-26T03:04:40.000Z,1786023428.8409216
harthik2006,user,Harthik Varma Addepalli,,False,,1,0,0,0,0,0,0,,2026-06-17T02:57:09.000Z,1786023428.8662806
hartholt,user,Arno Hartholt,,False,,1,0,0,0,0,0,0,,2023-06-14T21:34:16.000Z,1786023428.8920972
hartinsolih,user,Hatin,,False,,1,0,0,0,0,0,0,,2025-10-08T02:17:31.000Z,1786023428.9274695
hartleydermot,user,hartleydermot,,False,,1,0,0,0,0,0,0,,2025-04-25T09:12:05.000Z,1786023428.9338806
hartmado,user,Donald Maciver,,False,,2,0,0,8,0,0,0,,2024-07-16T03:01:02.000Z,1786023428.9845335
hartllyna,user,Harlina,,False,,1,0,0,0,0,0,0,,2025-05-08T06:27:06.000Z,1786023429.03396
hartmamt,user,Matthew Hartman,,False,,1,0,0,0,1,1,0,,2022-12-23T13:02:19.000Z,1786023429.04306
hartman2021743,user,William Hartman,,False,,2,0,5,0,0,1,0,,2026-01-27T00:12:47.000Z,1786023429.0776577
hartman23,user,Erika hartman,,False,,17,0,0,0,0,0,0,,2024-11-15T22:12:04.000Z,1786023429.0900354
hartmani,user,Nicholas Hartman,,False,,1,0,0,3,0,1,0,,2023-08-31T01:58:41.000Z,1786023429.1271002
hartmut,user,mut,,False,,1,0,0,0,0,0,0,,2022-08-31T13:45:02.000Z,1786023429.1494255
hartoni,user,hartoni,,False,,2,0,2,0,0,0,0,,2025-03-09T05:05:20.000Z,1786023429.1734116
hartryseeverh,user,hartryseeverh,,False,,36,0,0,0,0,0,0,,2025-09-03T00:36:55.000Z,1786023429.1986942
harttj,user,TJ Hart,,False,,2,0,0,0,0,0,0,,2023-10-31T23:42:02.000Z,1786023429.2179928
hartular,user,Serban Hartular,,False,,84,106,0,0,0,0,0,,2024-03-03T09:34:19.000Z,1786023429.243015
haru0401,user,haru,,False,,1,0,0,0,0,0,0,,2024-03-20T09:24:54.000Z,1786023429.2722762
haru101,user,haruharo101,,False,,2,1,0,0,1,0,0,,2024-06-17T11:26:46.000Z,1786023429.2892334
haru1030,user,haru1030,,False,,2,0,0,0,7,0,0,,2022-08-25T10:01:01.000Z,1786023429.3200421
haru12343,user,賴韋綸,,False,,7,0,0,0,0,0,0,,2023-12-22T08:33:26.000Z,1786023429.3305779
haru466,user,haru,,False,,2,5,0,0,0,0,0,,2026-07-26T06:40:20.000Z,1786023429.3718889
haruchaaa,user,harucha,,False,,1,0,0,0,0,0,0,,2024-10-14T02:47:13.000Z,1786023429.4147787
haru74,user,haru hongo,,False,,1,0,0,0,0,0,0,,2024-10-29T06:47:14.000Z,1786023429.4218366
harucom2,user,Haruki Kondo,,False,,1,0,0,0,1,0,0,,2026-01-30T04:20:30.000Z,1786023429.4561229
harudaru,user,Haruhi Darumi,,False,,1,0,0,0,0,0,0,,2026-05-01T04:18:47.000Z,1786023429.4663012
harudeguchi2020,user,Nguyen Hoang Hiep,,False,,1,0,0,0,0,0,0,,2024-12-01T03:48:34.000Z,1786023429.506258
haruharvest,user,HIROTSUGU ASARI,,False,,1,0,0,0,0,0,0,,2025-04-09T17:55:35.000Z,1786023429.511886
haruiz,user,Henry,,False,,1,0,0,0,0,0,0,,2023-02-20T21:40:49.000Z,1786023429.5531962
haruk12,user,haruki1,,False,,1,0,0,0,0,0,0,,2023-02-11T02:49:33.000Z,1786023429.5571916
haruka08,user,Haruka Takano,,False,,1,0,0,0,0,0,0,,2023-08-13T05:37:24.000Z,1786023429.5958812
harukadoyu,user,Haruka Doyu,,False,,2,2,0,0,0,0,0,,2024-05-10T05:57:24.000Z,1786023429.6026127
harukiaaaaa,user,yamashitaharuki,,False,,1,0,0,0,0,0,0,,2025-11-25T05:17:39.000Z,1786023444.6459816
harukk11,user,26,,False,,1,0,0,0,0,0,0,,2024-07-18T08:58:13.000Z,1786023477.8460903
harunakkus35,user,harun,,False,,1,0,0,0,0,0,0,,2025-02-13T15:44:51.000Z,1786023540.9076433
harunsaricam,user,Harun SARIÇAM,,False,,1,0,0,0,0,0,0,,2024-09-26T09:39:58.000Z,1786023586.0648377
harvey0416,user,han,,False,,1,0,0,0,0,0,0,,2024-07-12T14:58:11.000Z,1786023697.570793
harveychain,user,machine,,False,,1,0,0,0,0,0,0,,2023-04-29T09:03:22.000Z,1786023721.512856
harveykim,user,harveykims,,False,,3,0,0,0,0,0,0,,2026-05-27T00:48:16.000Z,1786023721.5669055
harveykw,user,Harvey Kwong,,False,,1,0,1,0,0,0,0,,2024-02-09T18:10:52.000Z,1786023721.6144912
harveymannering,user,Harvey Mannering,,False,,14,5,0,0,7,5,0,,2022-10-14T14:25:42.000Z,1786023721.6629124
harveywatkins,user,harvey watkins,,False,,2,0,0,0,0,0,0,,2025-08-25T13:28:37.000Z,1786023721.7090116
harvinder676,user,Harvinder Singh,,False,,7,0,2,1,2,0,0,,2023-04-05T09:11:12.000Z,1786023721.716237
harveydr,user,Harvey Davis,,False,,1,0,2,0,1,1,0,,2023-09-24T05:59:30.000Z,1786023721.753035
harvjehevh,user,Atharv,,False,,1,0,1,0,0,0,0,,2025-10-25T04:46:01.000Z,1786023721.7559397
harvneetsingh,user,Harvneet Singh,,False,,3,0,0,0,0,0,0,,2024-10-17T10:29:43.000Z,1786023721.7655478
harwainnepotic,user,harwain,,False,,1,0,0,0,0,0,0,,2025-05-26T10:18:56.000Z,1786023721.80932
harvo2,user,Timoxa,,False,,1,0,0,0,0,0,0,,2025-02-06T14:08:19.000Z,1786023721.8465672
harxsan,user,Harii Sankar S,,False,,8,4,2,1,4,6,0,,2024-08-03T07:17:25.000Z,1786023721.8599217
harveygrowform,user,Harvey Carpenter,,False,,1,0,0,0,0,0,0,,2025-11-25T15:55:57.000Z,1786023721.8608053
harvs12121,user,Harvey,,False,,1,0,0,0,0,0,0,,2024-11-19T17:26:43.000Z,1786023721.8700175
hary0427,user,Suhyun Lee,,False,,1,0,0,0,0,0,0,,2026-02-24T06:39:57.000Z,1786023721.9102907
haryads,user,Haryad Saber,,False,,2,0,0,0,1,0,0,,2025-09-23T12:59:24.000Z,1786023721.9194458
hary0101,user,michal hary,,False,,2,3,1,0,0,1,0,,2025-01-05T01:27:54.000Z,1786023721.920933
haryardiansyah12,user,Hary Ardiansyah,,False,,1,0,0,0,0,0,0,,2025-01-29T16:16:38.000Z,1786023721.9578307
haryeongshin,user,haryeongshin,,False,,2,0,0,0,0,0,0,,2023-10-08T10:37:45.000Z,1786023721.9703414
haryde,user,JJ Montero,,False,,3,0,1,0,0,0,0,,2025-04-29T19:25:37.000Z,1786023721.9719388
hary1,user,alex,,False,,1,0,0,0,0,0,0,,2025-03-10T04:15:45.000Z,1786023722.0056593
haryoaw-mbzuai,user,Haryo Akbarianto Wibowo,,False,,42,0,0,0,0,0,0,,2025-08-25T13:18:23.000Z,1786023722.018627
haryxa,user,haryxa,,False,,1,0,0,0,0,0,0,,2025-10-12T13:55:47.000Z,1786023722.0197456
haryoaw,user,HaryoAW,,True,,582,12,2,3,10,6,3,,2022-04-14T09:26:06.000Z,1786023722.0497124
harzarddd,user,eden,,False,,1,0,0,0,0,0,0,,2026-06-30T15:51:16.000Z,1786023722.0526612
harzer,user,He Xinna,,False,,1,0,0,0,0,0,0,,2024-02-24T02:03:29.000Z,1786023722.0578547
has-abi,user,Hassan Abida,,False,,3,0,0,6,2,0,0,,2022-05-24T22:05:42.000Z,1786023722.0645838
has5an,user,Hassan Mojtahedi,,False,,1,0,0,0,0,0,0,,2023-11-13T21:24:05.000Z,1786023722.0988703
hasaan1108,user,Muhammad Hasaan,,False,,1,0,0,1,0,0,0,,2023-10-15T17:35:28.000Z,1786023722.1124408
hasan-ert,user,Hasan Cinar,,False,,1,0,0,0,0,0,0,,2023-04-01T10:26:28.000Z,1786023722.144955
has0327,user,minwoo_H,,False,,4,0,0,0,0,0,0,,2025-09-02T05:10:17.000Z,1786023722.1692252
hasan-imani,user,Hassan Imani,,False,,1,0,0,0,1,0,0,,2025-03-05T17:43:11.000Z,1786023722.1887343
hasan-farooq,user,Hasan,,False,,8,2,1,0,5,0,0,,2024-04-12T20:13:08.000Z,1786023722.1895971
harveyagraphcore,user,Harvey Ayling,,False,,3,0,0,0,0,0,0,,2022-08-02T10:24:49.000Z,1786023722.2005749
hasan-mr,user,Mohammad Rashedul Hasan,,False,,7,0,0,0,0,0,0,,2023-10-16T18:04:14.000Z,1786023722.2134604
hasab-ai,org,Hasab AI,,,False,1,0,0,4,,,0,1,,1786023722.2250977
hasan123hasan,user,hasan elsyafiq,,False,,1,0,0,0,0,0,0,,2026-03-01T12:37:34.000Z,1786023722.2317455
hasan-toontech,user,Hasan,,False,,4,0,0,0,0,0,0,,2024-02-11T03:38:15.000Z,1786023722.2348444
hasan1358007,user,hasan1358,,False,,1,0,3,0,0,0,0,,2025-11-05T16:55:31.000Z,1786023722.2502236
hasan2026,user,hasan salem almashaqbah,,False,,1,0,0,0,0,0,0,,2025-01-29T06:30:52.000Z,1786023722.2685106
hasan37829,user,khan,,False,,1,0,2,0,0,0,0,,2025-11-18T17:01:04.000Z,1786023722.2871242
hasan6155,user,hüseyin,,False,,1,0,0,1,0,0,0,,2025-07-03T20:59:44.000Z,1786023722.2955854
hasan1414,user,yuksel,,False,,1,0,0,0,0,0,0,,2025-03-17T22:20:44.000Z,1786023722.3016226
hasan3133,user,Hasan,,False,,1,0,0,0,0,0,0,,2025-04-22T17:46:39.000Z,1786023722.304227
hasan62742,user,Muhammad Abdul Qadeer,,False,,1,0,2,0,0,0,0,,2026-05-07T10:08:29.000Z,1786023722.317797
hasan6322,user,MD Hasan,,False,,1,0,0,0,0,0,0,,2024-12-15T06:33:37.000Z,1786023722.3356555
hasanabedalqader,user,Hasan Abedalqader,,False,,1,0,0,0,0,0,0,,2026-02-09T21:41:07.000Z,1786023722.34827
hasan712,user,Hasan Zakrour,,False,,2,0,0,0,0,0,0,,2025-06-17T09:52:27.000Z,1786023722.3499424
hasanacademic,user,Hasan Bromer,,False,,9,1,0,0,0,0,0,,2025-09-05T09:20:39.000Z,1786023722.3664532
hasanarcas,user,hasan arcas,,False,,1,0,0,0,0,0,0,,2023-03-29T15:20:52.000Z,1786023722.3921413
hasanalay,user,Hasan Alay,,False,,4,0,1,0,0,0,0,,2022-04-30T22:26:43.000Z,1786023722.3998702
hasanali9992,user,hasan ali,,False,,1,0,0,0,0,0,0,,2023-01-05T13:45:37.000Z,1786023722.4014156
hasanbahadir,user,Hasan Bahadır,,False,,3,3,1,0,0,0,0,,2024-06-12T16:00:12.000Z,1786023722.414183
hasanbakaye01,user,hasanbakaye01,,False,,1,0,0,0,0,0,0,,2025-04-29T11:10:25.000Z,1786023722.4401422
hasanbakayeh,user,hasanbakayeh,,False,,21,0,0,0,0,0,0,,2025-05-14T16:06:54.000Z,1786023722.442381
hasanbilgehan,user,Hasan Bilgehan,,False,,1,0,0,0,0,0,0,,2023-05-31T16:18:41.000Z,1786023722.4615245
hasanat,user,hasanat lodhi,,False,,4,2,0,1,1,1,0,,2024-03-01T05:01:54.000Z,1786023722.477294
hasancanbiyik,user,Hasan Can Biyik,,False,,2,2,2,0,3,0,0,,2024-03-07T01:02:29.000Z,1786023722.4864483
hasancanonder,user,Hasan,,False,,3,3,0,3,0,0,0,,2024-12-05T07:52:32.000Z,1786023722.5063078
hasancesur,user,hasancesur,,False,,1,0,0,0,0,1,0,,2025-01-16T00:47:51.000Z,1786023722.5249891
hasanciftci,user,hasan ciftci,,False,,1,0,0,0,0,0,0,,2023-10-23T08:18:31.000Z,1786023722.5394444
hasanbudi10,user,Hasan Budi,,False,,1,0,0,0,0,0,0,,2024-11-11T03:36:10.000Z,1786023722.548823
hasanbasbunar,user,Hasan B.,,False,,17,0,6,19,36,3,0,,2023-11-28T09:16:35.000Z,1786023722.5500212
hasandabul,user,hasan dabul,,False,,1,0,2,0,0,0,0,,2026-02-26T21:15:14.000Z,1786023722.5512292
hasanfadh,user,Hasan Fadhlurrahman,,False,,1,0,0,0,0,0,0,,2025-11-26T00:15:13.000Z,1786023722.5735579
hasanfaesal,user,Hasan Faisal,,False,,3,0,3,0,0,0,0,,2024-09-20T02:40:16.000Z,1786023722.5915036
hasangoren,user,HASAN GOREN,,False,,1,0,5,0,0,0,0,,2024-07-17T21:15:55.000Z,1786023722.5929747
hasangamethmal,user,Hasanga Methmal,,False,,1,0,0,0,0,0,0,,2022-01-07T06:06:13.000Z,1786023722.597239
hasanghori,user,Hasan Ghori,,False,,3,0,0,0,0,0,0,,2023-09-29T02:54:11.000Z,1786023722.6025152
hasanhafi,user,HASAN Hafi,,False,,3,0,0,0,0,0,0,,2025-01-11T18:20:23.000Z,1786023722.614911
hasanhasbullohbdm,user,hasan hasbulloh,,False,,1,0,1,0,0,1,0,,2025-04-02T01:40:46.000Z,1786023722.6356215
hasanhighticket,user,Muhammad Farhan,,False,,3,0,0,0,0,0,0,,2024-10-14T17:38:50.000Z,1786023722.6453073
hasankerimarda,user,Hasan Kerim Arda Çay,,False,,2,2,0,0,0,0,0,,2025-12-14T18:24:56.000Z,1786023722.6634238
hasanhosam,user,HASSAN HOSSAM,,False,,1,0,0,0,0,0,0,,2024-12-04T12:06:51.000Z,1786023722.665617
hasankalyoncu,org,hasan kalyoncu üniversitesi,,,False,1,0,0,1,,,0,1,,1786023722.7023547
hasankh,user,Hasan Alkhder,,False,,2,0,0,0,2,0,0,,2024-04-25T14:09:55.000Z,1786023722.7086833
hasankkaz,user,hasan kurnaz,,False,,1,0,0,0,0,0,0,,2023-07-22T14:40:11.000Z,1786023722.70974
hasankhan017936,user,Mehedihasan,,False,,1,0,0,0,0,1,0,,2024-03-18T16:12:30.000Z,1786023722.713292
hasankursun,user,Hasan Kurşun,,False,,4,11,0,7,23,6,0,,2024-03-02T05:32:16.000Z,1786023722.7146173
hasanmaku09,user,hasan,,False,,1,0,0,0,1,1,0,,2024-12-28T09:50:22.000Z,1786023722.7464776
hasanmehedi2309,user,MD MEHEDI HASAN,,False,,1,0,0,0,0,0,0,,2024-03-14T18:44:40.000Z,1786023722.7531996
hasanmrx,user,zero one black,,False,,1,0,0,0,0,0,0,,2025-03-12T14:22:33.000Z,1786023722.7544153
hasanmustafa0503,user,Mohammed Hasan Mustafa R,,False,,3,0,4,0,0,1,0,,2024-08-21T05:44:53.000Z,1786023722.7560418
hasanmuzak,user,Hasan Muzak,,False,,2,0,0,0,1,2,0,,2025-11-10T15:24:08.000Z,1786023722.7596867
hasannawaz1234,user,hasan,,False,,1,0,0,0,1,2,0,,2025-04-21T13:51:18.000Z,1786023722.7920313
hasanriaz121,user,Hassan Riaz,,False,,1,1,4,0,0,0,0,,2022-10-27T17:18:03.000Z,1786023722.8005693
hasanrr,user,HASAN,,False,,1,0,0,0,0,0,0,,2026-03-23T22:46:28.000Z,1786023722.8039618
hasans090,user,Hasan,,False,,1,10,0,0,1,1,0,,2026-02-17T12:34:37.000Z,1786023722.807028
hasanozekin,user,Hasan Özekin,,False,,1,0,0,0,0,0,0,,2025-04-08T20:21:09.000Z,1786023722.8136308
hasansrbi,user,hasan,,False,,1,0,0,0,0,0,0,,2024-12-10T05:10:06.000Z,1786023722.846648
hasansezertasan,user,Hasan Sezer Taşan,,False,,1,0,0,0,0,0,0,,2026-08-01T08:25:49.000Z,1786023722.8490167
hasansuhail,user,‪Hasan Suhail‬‏,,False,,1,0,0,0,0,0,0,,2026-03-20T12:26:04.000Z,1786023722.8513298
hasanyigitcebeci,user,HASAN YİĞİT CEBECİ,,False,,1,0,0,0,0,0,0,,2024-06-27T07:23:28.000Z,1786023722.8688514
hasarinduperera,user,Hasarindu Perera,,False,,16,3,0,0,0,1,0,,2022-12-07T15:35:53.000Z,1786023722.8925653
hasbar,user,hasananet,,False,,2,0,0,0,0,0,0,,2025-07-07T12:28:53.000Z,1786023722.8957438
hasbai,user,hasbai,,False,,1,0,0,0,0,0,0,,2026-03-01T03:26:38.000Z,1786023722.897921
hasbcd,user,asdkjbdg iuhsabd,,False,,1,0,0,0,0,0,0,,2023-11-12T19:26:05.000Z,1786023722.9230242
hasanyelaldi,user,Hasan Yelaldı,,False,,1,1,0,1,0,0,0,,2025-01-14T17:49:32.000Z,1786023722.9281085
hasbiscoring,user,Saaid Hasbi,,False,,1,0,0,0,0,0,0,,2024-03-09T19:19:35.000Z,1786023722.9455543
hasbigani,user,Hasbi Gani,,False,,2,0,3,0,0,0,0,,2025-04-30T14:21:14.000Z,1786023722.9520683
hascrack,user,Hascrack,,False,,1,0,0,0,1,0,0,,2025-09-21T04:53:29.000Z,1786023722.9677863
hasdal,user,hasdal,,False,,805,0,0,0,0,0,0,,2025-04-10T20:27:41.000Z,1786023722.977643
hasdhas,user,HUZAIFA ALI,,False,,1,0,1,0,8,0,0,,2023-06-12T09:54:59.000Z,1786023722.9959512
hasdkjhasdb,user,zz,,False,,3,0,0,0,0,0,0,,2025-07-23T01:13:03.000Z,1786023723.012182
haseeb-iqbal,user,Haseeb Iqbal,,False,,1,0,0,0,0,0,0,,2026-05-15T18:24:38.000Z,1786023723.0253038
haseeb1zahid,user,Haseeb Zahid,,False,,1,0,0,0,0,0,0,,2025-07-20T17:44:12.000Z,1786023723.0382304
hasdelx,user,Adeel Afzal,,False,,1,0,0,0,0,0,0,,2024-10-18T09:07:12.000Z,1786023723.0492446
hasbiiii,user,rizqulloh,,False,,1,0,1,0,0,0,0,,2025-03-20T07:09:22.000Z,1786023723.0508616
haseeb437,user,haseeb,,False,,1,0,0,0,0,0,0,,2024-12-07T18:52:49.000Z,1786023723.0575237
haseebabdulsyed,user,Syed Abdul haseeb,,False,,1,0,0,0,0,0,0,,2022-08-09T11:31:34.000Z,1786023723.0718853
haseebakhlaq2000,user,Haseeb Akhlaq,,True,,4,3,1,1,2,0,0,,2023-11-06T18:49:22.000Z,1786023723.0865707
haseebasif100,user,Haseeb Asif,,False,,1,0,0,0,1,0,0,,2023-04-25T12:24:04.000Z,1786023723.0921035
haseebfarooq,user,haseeb farooq,,False,,2,0,1,0,0,0,0,,2026-05-05T21:29:49.000Z,1786023723.09717
haseebkhatri009,user,Haseeb Khatri,,False,,1,0,0,0,0,0,0,,2025-01-15T06:59:41.000Z,1786023723.1109953
haseebnawazz,user,Haseeb Nawaz,,False,,2,0,1,0,0,0,0,,2025-03-16T00:11:29.000Z,1786023723.1188946
haseebpsd,user,Muhammad Haseeb,,False,,1,0,0,0,0,0,0,,2025-08-15T02:21:06.000Z,1786023723.1355555
haseebsultankhan,user,Haseeb Sultan,,False,,1,0,0,0,1,3,0,,2023-12-15T06:47:16.000Z,1786023723.1395948
haseebullahmemon,user,Haseebullah Memon,,False,,1,0,0,0,0,0,0,,2026-05-20T10:15:14.000Z,1786023723.1585748
haseena84,user,Haseena Shaik,,False,,2,2,2,0,0,0,0,,2025-12-14T03:59:41.000Z,1786023723.1803172
hasegawashinichi,user,hasegawa,,False,,1,0,0,0,0,0,0,,2025-10-12T00:43:23.000Z,1786023723.1823847
haseh2se,user,Bogdan,,False,,2,0,1,0,0,0,0,,2026-05-05T18:15:09.000Z,1786023723.202737
haseeeb,user,Haseeb Ul Hassan,,False,,1,0,0,0,0,1,0,,2023-06-08T05:41:38.000Z,1786023723.2065604
haseebuddin,user,shaikh,,False,,1,0,0,0,0,0,0,,2025-12-07T12:38:02.000Z,1786023723.2079985
hasenalbanna,user,hasen al banna,,False,,1,0,4,0,0,0,0,,2025-10-12T13:48:46.000Z,1786023723.2208679
haseose2408,user,Mh kong,,False,,1,0,0,0,0,0,0,,2024-04-10T11:31:10.000Z,1786023723.2460322
haseppa,user,Harri Seppälä,,False,,1,0,0,0,0,0,0,,2024-08-02T09:28:25.000Z,1786023723.25684
hasfuraa,user,andres hasfura,,False,,3,0,0,0,0,0,0,,2025-04-21T02:17:24.000Z,1786023723.2840183
hash2004,user,Hashim Muhammad Nadeem,,False,,5,0,0,0,1,0,0,,2024-04-11T09:51:05.000Z,1786023723.3009381
haseong8012,user,HaSeong Jung,,False,,20,11,0,2,12,0,0,,2023-09-13T11:05:58.000Z,1786023723.3028815
hash1524,user,Sri Harsha Amam,,False,,1,1,0,0,0,0,0,,2023-04-27T10:09:01.000Z,1786023723.3198295
hash7967,user,hash7967,,False,,11,0,0,0,0,0,0,,2025-02-11T18:02:47.000Z,1786023723.3249607
hashF,user,Hashem ,,False,,2,0,0,0,1,0,0,,2024-09-30T16:31:02.000Z,1786023723.3440948
hasham365,user,hash,,False,,2,0,0,0,0,0,0,,2025-08-25T10:03:27.000Z,1786023723.3479426
hashammubarak1,user,Hasham Mubarak,,False,,1,0,1,0,0,0,0,,2026-05-02T10:02:48.000Z,1786023723.3711948
hashamakram244,user,Hasham Akram,,False,,2,0,0,0,0,0,0,,2024-02-29T08:23:23.000Z,1786023723.3827069
hashamulhaq,user,Hasham Ul Haq,,False,,1,0,0,1,0,0,0,,2022-08-24T03:19:32.000Z,1786023723.3906748
hash-map,user,appala sai sumanth,,False,,7,2,6,0,0,1,0,,2025-05-20T10:41:57.000Z,1786023723.392172
hashaste,user,PEDRO HENRIQUE ALMEIDA SALES,,False,,1,0,1,0,0,0,0,,2025-07-04T21:03:29.000Z,1786023723.4257793
hashayoob,user,Hashim Ayoob,,False,,1,0,2,0,0,0,0,,2023-11-19T08:32:45.000Z,1786023723.4317594
hashbangproject,user,Bernard Leverich,,False,,1,0,0,6,0,0,0,,2024-07-14T14:28:49.000Z,1786023723.4452565
hashb,user,Harshad Bhandwaldar,,False,,3,0,4,0,1,1,0,,2022-07-26T20:24:36.000Z,1786023723.4690049
hashdao1296,user,Sergeihashdao,,False,,1,0,0,0,0,0,0,,2024-10-25T10:11:05.000Z,1786023723.4718115
hashdoa,user,AFun,,False,,1,3,0,0,35,0,0,,2025-05-26T06:47:14.000Z,1786023723.4850383
hashedpotato,user,wcy,,False,,2,0,0,0,0,0,0,,2024-06-25T08:00:19.000Z,1786023723.492393
hashan-7,user,Chamira Hashan,,False,,1,2,12,2,6,1,0,,2025-07-08T11:42:36.000Z,1786023723.5096266
hashemalsaket,user,Hashem Alsaket,,False,,1,0,0,0,0,0,0,,2023-06-19T03:05:30.000Z,1786023723.5215437
hashemhesky,user,‪Hashem Mohamed‬‏,,False,,1,0,0,0,0,0,0,,2025-01-13T05:23:46.000Z,1786023723.536403
hashemipy,user,hasan,,False,,1,0,2,0,0,0,0,,2025-02-21T21:46:14.000Z,1786023723.5397732
hashemzargari,user,hashem zargari,,False,,1,0,0,0,0,0,0,,2024-05-24T18:46:50.000Z,1786023723.5675616
hashemalialjarrah,user,Hashem Aljarrah,,False,,1,1,0,0,0,0,0,,2023-11-05T11:06:38.000Z,1786023723.570389
hashfidpr,user,Hashfi,,False,,1,0,0,0,0,0,0,,2025-04-25T10:22:27.000Z,1786023723.591534
hashemkhodor,user,Hashem Khodor,,False,,2,0,0,0,0,0,0,,2024-03-29T11:45:00.000Z,1786023723.599265
hashen,user,hashen sandesh,,False,,1,0,0,0,0,0,0,,2025-04-17T02:16:52.000Z,1786023723.6007774
hashi-b,user,Tetsuya Hashimoto,,False,,4,0,0,0,0,0,0,,2024-01-18T02:20:15.000Z,1786023723.610976
hashhh123,user,Hashim Shah,,False,,5,0,0,0,0,0,0,,2026-03-31T19:32:20.000Z,1786023723.615181
hashi0813-source,user,TakayoriHashimoto,,False,,1,0,0,0,0,0,0,,2025-10-06T14:01:21.000Z,1786023723.6334665
hashifei,user,Feixiaomou,,False,,1,0,0,0,0,0,0,,2025-04-09T04:01:37.000Z,1786023723.641467
hashiiw,user,Iwao Hashimoto,,False,,1,0,0,0,0,0,0,,2022-12-28T10:59:25.000Z,1786023723.6582148
hashim032006,user,Hashim Bagwan,,False,,1,0,0,0,0,0,0,,2025-10-23T17:43:13.000Z,1786023723.6599464
hashim57,user,hashim,,False,,31,30,0,0,0,0,0,,2025-04-25T13:27:19.000Z,1786023723.6823447
hashim64,user,Hashim Inayat,,False,,1,0,1,0,0,0,0,,2026-07-06T09:17:42.000Z,1786023723.6850865
hashiikhan,user,hashir ali khan,,False,,14,0,0,0,0,0,0,,2023-04-26T16:23:12.000Z,1786023723.6872506
hashimazim,user,Hashim Azim,,False,,1,4,0,0,0,0,0,,2024-07-29T13:52:20.000Z,1786023723.7066605
hashinikarunathilaka,user,Ranasinghe Dewage Hashini Bhagya Karunathilaka,,False,,1,0,2,0,0,0,0,,2025-04-02T13:41:33.000Z,1786023723.7289732
hashir-Ali,user,Hashir Ali,,False,,3,0,0,0,0,0,0,,2025-05-01T16:33:55.000Z,1786023723.7304888
hashimrazi9,user,Hashim Razi,,False,,3,0,0,0,2,0,0,,2023-08-11T20:03:46.000Z,1786023723.7353864
hashir123,user,Hashir Tahie,,False,,5,1,0,0,0,0,0,,2022-06-24T11:20:36.000Z,1786023723.7512767
hashir2221,user,niazi,,False,,1,0,0,0,0,0,0,,2025-04-27T09:09:40.000Z,1786023723.7784543
hashir72,user,Hashir Zaki,,False,,4,0,2,0,0,0,0,,2025-02-25T14:15:37.000Z,1786023723.7824066
hashir532,user,Mohammed Hashir,,False,,1,1,0,0,0,0,0,,2025-06-26T14:56:19.000Z,1786023723.784009
hashintel,org,HASH,,,True,2,0,0,5,,,0,4,,1786023723.784897
hashira007,user,hashira,,False,,1,0,0,0,0,0,0,,2024-06-24T14:45:47.000Z,1786023723.8255615
hashiranhar,user,Hashir Anhar,,False,,1,0,1,0,0,0,0,,2022-11-01T22:16:52.000Z,1786023723.8304195
hashirabdullah,user,KHAN,,False,,1,0,0,0,0,0,0,,2025-04-27T08:36:09.000Z,1786023723.841525
hashiting,user,Pengqiu Li,,False,,2,0,0,0,0,0,0,,2025-03-05T07:15:09.000Z,1786023723.8719985
hashir92,user,Muhammad Hashir,,False,,1,0,0,0,0,0,0,,2023-07-05T07:33:48.000Z,1786023723.8921156
hashk1,user,hashk1,,False,,1,0,0,0,0,0,0,,2021-01-12T08:29:59.000Z,1786023723.9126132
hashk,user,hash kad,,False,,1,0,0,0,0,0,0,,2023-11-29T16:23:46.000Z,1786023723.9267938
hashketh,user,"Chng Yuan Long, Randy",,False,,1,0,0,0,0,0,0,,2022-11-20T07:36:50.000Z,1786023723.9382334
hashmarks,user,Hashim sadiq,,False,,1,0,0,0,0,0,0,,2024-09-23T17:05:14.000Z,1786023723.9676867
hashirconfinlaity,user,Hashir Muzaffar,,False,,71,0,0,0,0,0,0,,2024-11-22T21:56:44.000Z,1786023724.0299904
hashmalmellow,user,alsh,,False,,1,0,0,0,0,0,0,,2024-05-11T10:25:30.000Z,1786023724.075024
hashirilyas18,user,Muhammad Hashir Ilyas,,False,,2,0,0,0,0,0,0,,2026-02-08T19:18:42.000Z,1786023724.097677
hashmath2005,user,Mohammed Hashmath Ali,,False,,1,0,2,0,0,0,0,,2026-03-03T23:45:27.000Z,1786023724.1279504
hashstonerr,user,Andrey,,False,,2,0,0,0,0,0,0,,2023-09-16T12:18:04.000Z,1786023724.1742237
hashtag7781,user,Mani Praneeth Chilukuri,,False,,2,0,0,0,0,0,0,,2023-04-24T14:52:03.000Z,1786023724.2178154
hashu786,user,Hasanain Rashid,,False,,4,0,0,14,0,3,0,,2024-02-05T20:02:45.000Z,1786023724.2608564
hashtagg1,user,hash tagg,,False,,2,0,0,0,24,12,0,,2025-06-07T05:47:43.000Z,1786023724.2630074
hashu,user,Hashim Saheer,,False,,5,0,0,0,0,0,0,,2023-08-10T06:14:55.000Z,1786023724.2797241
hashvibe007,user,Vibhash Kumar,,False,,13,0,2,2,2,0,0,,2024-12-28T09:12:21.000Z,1786023724.3042269
hasi01,user,Hasindu Dewasurendra,,False,,2,0,0,0,2,0,0,,2025-01-29T06:05:40.000Z,1786023724.3156462
hashofsea,user,SDDDF,,False,,1,0,0,0,0,0,0,,2025-05-03T06:33:17.000Z,1786023724.3176422
hasi511,user,MUhammad Haseeb Raza,,False,,1,0,1,0,0,0,0,,2025-07-24T18:21:24.000Z,1786023724.323828
hashraikar,user,hash raikar,,False,,1,0,0,0,0,0,0,,2023-08-22T10:50:54.000Z,1786023724.3484669
hasib01987,user,Hasibul Hasan,,False,,1,0,0,0,0,0,0,,2025-02-12T14:15:46.000Z,1786023724.3561497
hasib303,user,Md Hasibul Islam Hasib,,False,,1,0,2,0,0,0,0,,2024-12-03T13:02:36.000Z,1786023724.36279
hasib8006,user,Hasibuzzaman,,False,,2,0,0,1,0,0,0,,2025-03-06T11:38:15.000Z,1786023724.3642402
hasib313,user,Mahmudul Hasan Hasib,,False,,1,0,0,0,0,0,0,,2026-04-24T06:25:56.000Z,1786023724.36905
hasibagen,user,hasi bagen,,False,,1,0,0,0,16,0,0,,2023-06-12T17:12:16.000Z,1786023724.3925717
hasibasahin,user,Hasiba Sahin,,False,,1,0,0,0,0,0,0,,2025-05-03T07:47:39.000Z,1786023724.402751
hasibirok0,user,S.konishi,,False,,19,0,0,0,1,0,0,,2023-09-03T08:07:52.000Z,1786023724.410255
hasibhosssen,user,Hasib Hossen,,False,,1,0,0,0,0,0,0,,2024-08-22T05:25:08.000Z,1786023724.411409
hasibevnriaz,user,Hasib Evn Riaz,,False,,1,0,0,0,0,0,0,,2026-05-14T20:50:22.000Z,1786023724.4135778
hasibul1ah,user,Hasib Ullah,,False,,20,2,0,2,0,0,0,,2023-05-28T12:09:59.000Z,1786023724.4368935
hasibulm,user,Hasibul Mondal,,False,,1,0,0,0,0,0,0,,2023-09-03T09:06:50.000Z,1786023724.450805
hasif,user,moonryong,,False,,1,0,0,0,0,0,0,,2022-12-31T13:20:24.000Z,1786023724.455624
hasiburrahman,user,Hasibur Rahman,,False,,2,0,0,0,0,0,0,,2023-12-28T07:25:24.000Z,1786023724.4589796
hasif777,user,Hasif,,False,,1,0,1,0,0,0,0,,2026-05-05T16:08:33.000Z,1786023724.4821076
hasibzunair,user,Hasib Zunair,,False,,4,1,8,4,17,2,3,,2022-05-05T19:26:13.000Z,1786023724.4960423
hasifa,user,c,,False,,1,0,0,0,0,0,0,,2025-02-19T09:54:43.000Z,1786023724.5006142
hasihunyr,user,Muhammad Hasseb Zia,,False,,1,0,5,0,0,0,0,,2025-08-10T11:25:22.000Z,1786023724.505839
hasilancs,user,Hasilan,,False,,1,0,0,0,0,0,0,,2025-05-23T12:01:16.000Z,1786023724.5256944
hasilm1,user,Mohamed Hasil,,False,,4,4,3,0,0,0,0,,2026-03-09T00:09:12.000Z,1786023724.5419137
hasika-11,user,b,,False,,2,0,0,0,0,0,0,,2024-06-27T03:50:34.000Z,1786023724.5451746
hasim030,user,Hasiimmm,,False,,1,0,0,0,1,0,0,,2023-04-22T17:45:03.000Z,1786023724.5466912
hasin023,user,Hasin Mahtab,,False,,2,2,0,0,15,0,1,,2024-04-06T13:50:37.000Z,1786023724.5554657
hasindu-k,user,Hasindu Koshitha,,False,,3,0,0,0,6,0,0,,2024-07-12T07:57:59.000Z,1786023724.590591
hasindrae,user,Rasoamialy Hasindrae Sophie,,False,,2,0,0,0,0,0,0,,2025-04-25T07:40:06.000Z,1786023724.5997784
hasiniaina,user,Iarisoa,,False,,4,1,0,0,0,0,0,,2024-11-20T10:39:36.000Z,1786023724.6035113
hasinibangale,user,Bangale,,False,,1,0,0,0,0,0,0,,2025-02-14T06:55:14.000Z,1786023724.6051252
hasinduOnline,user,Hasindu Rangika,,False,,6,3,1,1,12,0,0,,2024-11-25T08:59:22.000Z,1786023724.615681
hasininawoda,user,Hasini Nawoda,,False,,28,0,0,0,0,0,0,,2024-06-20T11:19:07.000Z,1786023724.6319673
hasiniv,user,Hasini Vijayarathna,,False,,1,0,0,0,0,0,0,,2023-08-19T12:40:48.000Z,1786023724.6486185
hasinu123,user,Hasinu,,False,,1,0,0,0,0,0,0,,2024-10-30T23:43:14.000Z,1786023724.653141
hasinur95,user,MD HASINUR RAHMAN HEMEL,,False,,5,5,0,0,0,0,0,,2025-08-11T09:03:23.000Z,1786023724.662615
hasinzzz,user,Mostofa Hasin Mahdi,,False,,1,0,0,0,0,0,0,,2026-07-08T15:25:55.000Z,1786023724.674384
hasinthakapiyumal,user,Hasinthaka Piyumal Senanayaka,,False,,8,2,0,1,2,2,0,,2025-06-13T14:21:22.000Z,1786023724.6892667
hasipfaruk,user,Haseeb Farooq,,False,,1,0,1,0,0,0,0,,2025-03-24T17:51:45.000Z,1786023724.694458
hasithadar,user,Hasitha Madushan,,False,,1,0,0,0,0,0,0,,2026-05-17T13:08:21.000Z,1786023724.7055793
haskespancake,user,ghfgh,,False,,1,0,0,0,0,0,0,,2025-05-12T01:59:09.000Z,1786023724.7373285
hasir41,user,Hasirul,,False,,1,0,1,0,0,0,0,,2026-02-03T03:38:01.000Z,1786023724.7437322
haskucy,user,Rendya Yuschak,,False,,1,1,0,0,0,0,0,,2022-10-28T16:23:57.000Z,1786023724.753708
hasky227,user,Andrey,,False,,1,0,0,0,0,0,0,,2025-07-20T10:24:21.000Z,1786023724.7801726
haslam,user,Haroon Aslam,,False,,7,0,0,0,0,0,0,,2023-01-30T11:53:42.000Z,1786023724.7873764
hasle1975,user,Anders Hasle Nielsen,,False,,3,0,0,0,0,0,0,,2022-10-21T15:08:39.000Z,1786023724.8041086
haskolotol,user,boris jhonson,,False,,4,0,0,0,0,0,0,,2026-01-29T18:56:51.000Z,1786023724.8054287
hasitthakkar,user,Hasit Thakkar,,False,,1,0,0,0,0,0,0,,2024-01-23T04:13:25.000Z,1786023724.8138812
hasled,user,team radical profr,,False,,2,0,0,0,0,0,0,,2025-07-24T17:51:52.000Z,1786023724.8271525
haslitt,user,hasli,,False,,9,9,0,0,0,0,0,,2025-12-29T01:33:28.000Z,1786023724.829393
harveybro,user,Haoyu Guo,,False,,73,0,0,0,0,0,0,,2024-02-11T22:44:56.000Z,1786023724.8544981
hasmalik,user,Hasan Malik,,False,,1,0,2,0,0,0,0,,2023-03-14T07:33:01.000Z,1786023724.856669
hasmet065,user,hasmet can,,False,,2,0,0,0,0,0,0,,2025-06-07T16:32:21.000Z,1786023724.8610537
hasmeu,user,Hayden Smith,,False,,1,0,0,0,1,0,0,,2025-02-08T20:25:42.000Z,1786023724.8714516
hasmita09,user,Hasmita,,False,,1,0,3,0,0,0,0,,2025-08-29T22:34:09.000Z,1786023724.872965
hasnaahatem16,user,hatem,,False,,1,0,11,0,1,0,0,,2026-05-27T19:03:11.000Z,1786023724.8973284
hasmar03,user,Hasmar,,False,,2,0,1,0,2,0,0,,2025-09-23T08:43:17.000Z,1786023724.9031453
hasnafk,user,Hasna Fitriyani Khairunissa,,False,,1,0,0,0,0,0,0,,2024-11-09T13:02:00.000Z,1786023724.908247
hasnain-vivasoft,user,Md. Hasnain Ali,,False,,1,0,0,0,5,0,0,,2025-05-28T23:14:48.000Z,1786023724.9179764
hasnain1669,user,Muhammad Haroon,,False,,1,0,7,0,1,0,0,,2024-01-27T00:37:38.000Z,1786023724.9558861
hasnain43,user,Hasnain Tariq,,False,,1,0,0,0,1,0,0,,2024-08-19T09:44:42.000Z,1786023724.956746
hasnain99,user,kiyani,,False,,1,0,0,0,0,0,0,,2024-08-21T18:54:23.000Z,1786023724.9585872
harveyho,user,phucho,,False,,3,1,0,0,3,0,0,,2025-04-09T14:13:12.000Z,1786023724.966314
hasnain1212,user,Hasnain Ali,,False,,1,0,0,0,0,0,0,,2024-07-05T09:36:57.000Z,1786023724.9734316
hasnainexpertllc,user,Hasnain Expert,,False,,1,0,0,0,0,0,0,,2025-04-24T23:43:57.000Z,1786023725.0012639
hasnain3142,user,Hasnain Ali,,False,,3,0,1,0,8,0,0,,2022-09-25T07:04:05.000Z,1786023725.0031154
hasnainayaz,user,Hasnain Ayaz,,False,,1,0,0,0,0,0,0,,2024-08-21T07:49:54.000Z,1786023725.004872
hasnainahmad167,user,hasnainahmad,,False,,1,1,0,0,0,0,0,,2026-02-23T15:59:56.000Z,1786023725.009032
hasnainn34,user,Syed Hasnain ali naqvi,,False,,2,0,0,0,0,0,0,,2024-08-15T08:59:27.000Z,1786023725.0182827
hasnainkhan123,user,Hasnain Khan,,False,,1,0,0,0,0,0,0,,2026-03-28T05:57:34.000Z,1786023725.019488
hasnainnaeem,user,Hasnain Naeem,,False,,1,0,0,0,0,0,0,,2022-04-05T14:33:22.000Z,1786023725.0449731
hasnainraza03,user,Mohammad Hasnain Raza,,False,,1,0,0,0,0,0,0,,2025-10-06T01:28:31.000Z,1786023725.0500822
hasnanhaq,user,Hasnan,,False,,1,0,2,0,0,0,0,,2024-12-16T02:14:09.000Z,1786023725.0640123
hasnat79,user,HASNAT MD ABDULLAH,,False,,3,5,0,0,1,2,1,,2024-02-15T16:55:37.000Z,1786023725.0659106
hasnatz,user,Hasnat Hridoy,,False,,11,0,2,0,2,1,0,,2024-01-25T15:52:01.000Z,1786023725.0880585
hasnaynajmal,user,Hasnain Ajmal,,False,,2,0,0,0,0,0,0,,2024-04-19T10:35:11.000Z,1786023725.0927873
hasn78,user,Aldihis,,False,,1,0,0,0,0,0,0,,2023-12-08T04:06:44.000Z,1786023725.097804
hasnineiftekar9,user,IFTEKAR MAHMUD HASNINE,,False,,5,0,0,0,0,0,0,,2025-07-19T09:15:55.000Z,1786023725.1099818
hasnii,user,Hassan Jan,,False,,1,0,0,0,0,0,0,,2026-01-15T15:56:51.000Z,1786023725.111573
hasnatahmed-27,user,hasnat ahmed,,False,,1,0,0,0,0,0,0,,2026-05-08T10:34:17.000Z,1786023725.1278272
hasnirezgane22,user,hasni rezgane,,False,,1,0,0,0,0,0,0,,2025-04-23T16:47:55.000Z,1786023725.1327767
hasoja,user,aza,,False,,3,0,0,0,0,0,0,,2025-09-19T12:57:49.000Z,1786023725.1443083
hasnanmr,user,Hasnan Ramadhan,,False,,5,0,3,2,2,0,0,,2024-02-02T13:10:07.000Z,1786023725.1738276
haspide,user,haspide,,False,,1,0,0,0,0,0,0,,2026-03-04T21:25:56.000Z,1786023725.1854105
hassan100ehab,user,hassanehab,,False,,1,0,0,0,0,0,0,,2024-01-16T20:28:54.000Z,1786023815.6358361
hassan2314,user,Hassan Ahmed,,False,,2,0,1,1,0,0,0,,2025-07-16T06:29:50.000Z,1786023881.9590147
hassanblend,user,Hassan,,False,,9,0,0,100,4,45,0,,2022-09-29T13:18:05.000Z,1786024020.555473
hassanbtc,user,Hassan Berry,,False,,1,0,0,0,0,0,0,,2024-12-11T08:54:57.000Z,1786024020.6060889
hassancd,user,yousefi,,False,,1,0,0,0,0,0,0,,2025-11-26T05:42:48.000Z,1786024020.6584697
hassane123,user,Hassan Shaikh,,False,,1,0,1,0,0,0,0,,2024-06-02T13:20:49.000Z,1786024020.705486
hassanelmghari,user,Hassan El Mghari,,True,,1,0,0,20,0,1,0,,2024-09-26T13:10:28.000Z,1786024020.755843
hassanepulga,user,Hassane Sanogo,,False,,5,1,1,1,1,0,0,,2024-12-16T14:40:21.000Z,1786024020.8060248
hassanfff,user,am,,False,,1,0,0,0,0,0,0,,2025-05-13T10:32:49.000Z,1786024020.8524203
hassanforge,user,Muhammad Hassan,,False,,1,0,0,0,0,0,0,,2026-04-22T08:06:45.000Z,1786024021.015114
hassanghurki,user,Hassan Mushtaq,,False,,1,0,0,1,1,0,0,,2024-09-19T03:50:25.000Z,1786024021.0676262
hassangpaul-rs,user,Paul Kapuku,,False,,2,0,0,1,0,0,0,,2025-01-23T00:55:08.000Z,1786024021.1227422
hassanhaseen,user,Hassan Haseen,,False,,8,0,0,0,0,0,0,,2025-03-15T19:26:49.000Z,1786024021.173903
hassanhelmy,user,hassanhelmy,,False,,1,0,0,0,0,0,0,,2026-06-11T01:08:29.000Z,1786024021.2193024
hassanhk,user,Hassan,,False,,1,0,0,0,0,0,0,,2024-10-13T06:58:13.000Z,1786024021.2659905
hassanhmed,user,Hassan Ahmed,,False,,1,0,1,0,0,0,0,,2026-04-12T14:36:16.000Z,1786024021.3107426
hassanhom,user,hommad,,False,,1,0,0,0,0,0,0,,2025-08-26T11:53:17.000Z,1786024021.3596032
hassanhshah,user,Hassan Shah,,False,,1,0,3,0,0,0,0,,2023-11-02T00:15:43.000Z,1786024021.4114902
hassanij,user,Hassani Jawaheer,,False,,1,0,0,0,0,0,0,,2024-01-02T17:03:17.000Z,1786024021.4620373
hassanishere,user,Hassan Kamran,,False,,1,0,0,0,0,0,0,,2024-03-28T13:54:42.000Z,1786024021.5109887
hassanjbara,user,Hassan Jbara,,False,,3,6,1,0,55,2,0,,2023-04-09T19:37:17.000Z,1786024021.564864
hassankhan14,user,Hassan khan,,False,,1,0,0,0,0,0,0,,2024-10-24T01:59:54.000Z,1786024021.6144643
hassankhan2608,user,Mohd Hassan Khan,,False,,1,0,0,0,0,0,0,,2024-03-10T16:35:01.000Z,1786024021.65863
hassankhan5805,user,hassan khan,,False,,1,0,0,0,0,0,0,,2025-08-12T15:36:28.000Z,1786024021.7115161
hassankhurram,user,Hassan Khurram,,False,,5,0,1,0,0,0,0,,2025-07-11T14:38:37.000Z,1786024021.758097
hassanki,user,hassan,,False,,1,0,0,0,0,0,0,,2024-08-27T20:23:34.000Z,1786024021.8026931
hassanmzia,user,Zia Hassan,,True,,2,0,2,0,0,0,0,,2024-02-24T05:50:04.000Z,1786024021.8490677
hassanql,user,hassan,,False,,6,2,0,0,1,0,0,,2023-10-04T13:44:03.000Z,1786024021.8991058
hassanqureshi,user,HassanQureshi,,False,,1,0,0,0,0,0,0,,2025-04-08T05:48:09.000Z,1786024021.945445
hassanraha,user,Hassan R,,False,,1,1,0,0,7,5,0,,2023-04-26T11:22:09.000Z,1786024021.992435
hassanrasheedk,user,Hassan Rasheed,,False,,1,0,0,0,0,0,0,,2024-01-06T15:27:03.000Z,1786024022.040569
hassansattar,user,Muhammad Hassan Sattar,,False,,1,0,0,0,0,0,0,,2024-03-13T10:56:47.000Z,1786024022.0876262
hassansh,user,Hassan Shapourian,,False,,2,12,0,2,0,1,1,,2023-08-09T18:28:10.000Z,1786024022.1330762
hassanshah9153,user,Syed Hassan Ali,,False,,1,0,2,0,0,0,0,,2025-06-29T21:27:30.000Z,1786024022.1748817
hassanshahbaz,user,Hassan shahbaz,,False,,1,0,1,0,0,0,0,,2024-10-18T05:44:59.000Z,1786024022.2179534
hassanshahzad2003,user,Hassan Shahzad,,False,,11,0,0,0,0,0,0,,2025-09-16T08:13:35.000Z,1786024022.2660153
hassanshaik82,user,hassan,,False,,1,0,0,0,0,0,0,,2024-07-18T14:59:01.000Z,1786024022.3152966
hassanshka,user,hasan aldhahi,,False,,8,0,3,1,1,0,0,,2023-12-19T19:51:16.000Z,1786024022.3863983
hassanshour,user,Hassan Shour,,False,,1,0,0,0,0,0,0,,2025-02-18T22:55:29.000Z,1786024022.434066
hassansilim339,user,- مستر توك -,,False,,1,0,1,0,1,2,0,,2025-11-30T07:30:31.000Z,1786024022.4768448
hassansoliman,user,Hassan Soliman,,False,,12,0,1,0,0,0,0,,2023-03-20T14:21:04.000Z,1786024022.5195217
hassanta84,user,Hassan Talaat,,False,,1,0,0,0,0,0,0,,2025-05-04T16:32:53.000Z,1786024022.5700157
hassantheai,user,Muhammad Hassan ,,False,,1,0,0,0,0,0,0,,2024-06-27T08:21:10.000Z,1786024022.6197894
hassanvandi,user,IRAJHassanvandi,,False,,1,0,0,0,0,0,0,,2024-08-22T19:26:00.000Z,1786024022.6660843
hassanzadeh,user,Hamid,,False,,1,0,0,0,0,1,0,,2020-10-26T01:40:53.000Z,1786024022.7089064
hassanzaibjadoon,user,Hassan Zaib Jadoon,,False,,1,0,0,0,0,0,0,,2025-09-14T21:46:28.000Z,1786024022.7975001
hassatorn1989,user,hassatorn kwanhom,,False,,2,0,0,0,0,0,0,,2026-07-27T14:42:03.000Z,1786024022.8495665
hasseeb,user,ahmed,,False,,1,0,0,0,0,0,0,,2025-05-23T00:12:42.000Z,1786024022.901778
hassen228,user,Hassen Ortiz,,False,,8,0,0,0,0,0,0,,2025-11-18T00:53:41.000Z,1786024022.9527462
hassen96,user,Hassen Elmir,,False,,1,0,0,0,0,0,0,,2025-07-01T19:18:08.000Z,1786024022.9954824
hassenamri005,user,Hassen Amri,,False,,1,0,0,5,9,0,0,,2024-01-06T14:50:38.000Z,1786024023.0403898
hassanbakry,user,Hassan Abdelsamad,,False,,2,0,0,0,0,0,0,,2023-12-08T01:12:22.000Z,1786024023.0468252
hassghari,user,hossein,,False,,1,0,1,0,0,0,0,,2024-09-14T10:47:12.000Z,1786024023.0940843
hassiahk,user,Haswanth Aekula,,False,,3,0,0,0,11,0,0,,2021-03-23T03:34:34.000Z,1786024023.1478758
hassenhamdi,user,hassenhamdi,,False,,7,0,0,19,36,15,0,,2023-07-24T22:14:20.000Z,1786024023.180485
hassija,user,raj hassija,,False,,2,0,0,0,0,0,0,,2024-06-18T20:37:46.000Z,1786024023.1929212
hassimlala,user,Hesh,,False,,1,0,0,0,0,0,0,,2026-06-09T12:50:44.000Z,1786024023.2302346
hassinee,user,doraiHassine,,False,,1,0,0,0,0,0,0,,2026-06-09T06:33:52.000Z,1786024023.2804496
hassinaLetxbe,user,SADDEDINE,,False,,1,0,0,0,0,0,0,,2023-12-05T22:09:18.000Z,1786024023.2992923
hassnain,user,Muhammad Hassnain,,False,,27,0,0,0,0,0,0,,2022-04-27T07:43:24.000Z,1786024023.3255315
hassnainali25,user,Hassnain Ali,,False,,2,0,0,0,0,0,0,,2026-06-06T15:26:27.000Z,1786024023.3465657
hassnainfida,user,Hasnain Fida,,False,,1,0,0,0,0,0,0,,2026-03-06T12:28:19.000Z,1786024023.3733323
hassno,user,Mohamed Hassen Amara,,False,,5,2,0,0,0,0,0,,2023-10-19T00:30:50.000Z,1786024023.3999598
hassonofer,user,Ofer Hasson,,False,,4,0,0,4,30,1,0,,2022-12-03T11:47:40.000Z,1786024023.4254713
hassu619,user,Hasnain ,,False,,6,7,1,0,2,0,0,,2024-01-09T15:57:16.000Z,1786024023.472593
hassony-105,user,hassan,,False,,1,0,0,0,0,0,0,,2025-03-22T20:05:37.000Z,1786024023.4748666
hassy0811,user,Yusuke Hashimoto,,False,,1,0,0,2,0,0,0,,2023-08-02T01:53:06.000Z,1786024023.5184436
hast2,user,Takehiro Hashimoto,,False,,7,2,0,0,0,0,0,,2023-09-28T04:58:26.000Z,1786024023.5250306
hasta123,user,M.,,False,,2,0,0,0,0,0,0,,2024-09-09T17:02:16.000Z,1786024023.5678236
haster,user,haster,,False,,4,0,0,0,0,0,0,,2022-09-09T08:05:22.000Z,1786024023.6076035
hasthdfsgj,user,htaejhgsj,,False,,1,0,0,0,0,0,0,,2025-05-29T09:36:12.000Z,1786024023.6094556
hastin,user,hastin,,False,,3,1,0,0,0,0,0,,2024-05-09T06:46:59.000Z,1786024023.6506581
hastyle,user,Mohammed Alhazmi,,True,,2,1,1,0,5,0,0,,2022-11-03T11:12:01.000Z,1786024023.6548471
hastylol,user,akshat,,False,,2,3,0,0,0,0,0,,2023-09-24T19:28:59.000Z,1786024023.6955574
hasu123,user,king,,False,,1,0,0,0,0,0,0,,2023-05-20T18:18:59.000Z,1786024023.697903
hasya-damia,user,Puteri Hasya Damia,,False,,2,0,0,0,0,0,0,,2025-05-11T03:10:50.000Z,1786024023.7424693
hasu234,user,Hasmot Ali,,False,,2,0,2,0,0,0,0,,2023-01-21T09:24:26.000Z,1786024023.7551157
hasyimas91,user,Hasyim asyari,,False,,2,0,0,0,0,0,0,,2026-06-08T14:44:15.000Z,1786024023.7853506
hasyimazwawi,user,hasyim,,False,,1,0,0,0,0,0,0,,2025-05-17T12:40:09.000Z,1786024023.8081582
hat12319,user,jonathan,,False,,2,0,0,0,0,0,0,,2022-08-14T07:38:22.000Z,1786024023.842031
hat228,user,Heather Tietjen,,False,,1,0,0,0,0,0,0,,2025-01-30T18:10:30.000Z,1786024023.8537154
hata87,user,atae,,False,,1,0,0,0,0,0,0,,2025-06-29T01:38:20.000Z,1786024023.8916554
hataeuk,user,hataeuk,,False,,1,0,0,0,0,0,0,,2025-12-10T01:20:59.000Z,1786024023.8979964
hatahata774,user,hata,,False,,1,0,0,0,0,2,0,,2023-04-26T15:18:27.000Z,1786024023.938048
hatak0955,user,hatak,,False,,5,0,0,0,0,0,0,,2023-07-06T05:54:25.000Z,1786024023.9415824
hatake669,user,hatake,,False,,1,0,0,0,0,0,0,,2025-05-28T13:41:18.000Z,1786024023.979861
hatakekksheeshh,user,Hieu Nguyen,,False,,1,3,0,0,1,0,0,,2025-07-22T10:27:41.000Z,1786024023.9888532
hatakex,user,hatakexleo,,False,,1,0,1,0,0,0,0,,2024-02-17T10:30:48.000Z,1786024024.0314305
hataketed,user,Zhang Gang,,False,,1,0,0,0,0,0,0,,2023-04-11T07:09:45.000Z,1786024024.0326343
hatamo,user,Kamil Kukiełka,,False,,1,1,3,0,0,0,0,,2025-12-08T21:42:30.000Z,1786024024.0830607
hatakeyama-llm-team,org,Team Hatakeyama,,,False,2,10,1,28,,,0,19,,1786024024.1151693
hatanp,user,Väinö Hatanpää,,False,,3,0,0,3,0,0,0,,2022-10-21T19:49:53.000Z,1786024024.1316857
hatao443,user,hatao,,False,,4,0,0,0,0,0,0,,2026-03-11T06:38:14.000Z,1786024024.163905
hataphu,user,Ha Van Tan,,False,,3,1,1,3,10,1,0,,2024-06-25T03:30:01.000Z,1786024024.1785374
hataro13,user,Veronika,,False,,10,0,0,0,0,0,0,,2025-03-01T19:31:52.000Z,1786024024.2143514
hatbassist,user,Andreas,,False,,2,0,0,0,0,0,0,,2022-09-07T05:28:29.000Z,1786024024.2207594
hatcat,user,Full Name,,False,,2,0,0,0,0,0,0,,2022-02-07T01:14:56.000Z,1786024024.2684336
hatbirb,user,hatbirb,,False,,5,0,0,1,0,3,0,,2023-01-13T16:31:10.000Z,1786024024.2968986
hatcha82,user,Ha,,False,,1,0,0,0,0,0,0,,2026-01-08T09:17:54.000Z,1786024024.3159585
hatedog,user,hatedog,,False,,3,0,0,0,0,0,0,,2025-04-12T10:32:34.000Z,1786024024.3568456
hategi12,user,woohyen,,False,,1,1,3,0,0,0,0,,2026-02-06T04:05:15.000Z,1786024024.3626945
hatem00005,user,hatem alkhateb,,False,,2,0,0,0,3,0,0,,2026-02-10T20:28:38.000Z,1786024024.401486
hatem969,user,hatem hamdan salem,,False,,1,0,0,0,0,1,0,,2025-05-17T23:14:56.000Z,1786024024.413936
hatemestinbejaia,user,hatem m'hamed amine,,False,,12,8,0,0,0,0,0,,2022-08-06T13:51:18.000Z,1786024024.4444637
hatemilkins,user,Hate Milkins,,False,,4,0,0,0,0,0,0,,2023-07-01T18:22:50.000Z,1786024024.4617026
hatemnoaman,user,Hatem Noaman,,False,,5,0,0,0,0,0,0,,2022-10-09T21:16:06.000Z,1786024024.4940019
hateslopacademy,user,hateslop_academy,,False,,2,1,1,0,3,0,0,,2025-01-17T04:11:28.000Z,1786024024.5061927
hatestreakkk,user,blah,,False,,2,0,0,0,0,0,0,,2026-02-19T19:04:41.000Z,1786024024.5412295
hatficon,user,Connor Hatfield,,False,,1,0,0,0,0,0,0,,2026-04-20T21:19:26.000Z,1786024024.5549521
hath,user,lee,,False,,1,0,0,0,0,0,0,,2022-01-20T15:06:14.000Z,1786024024.5891578
hathappend,user,Asep Yaman Suryaman,,False,,1,0,1,0,0,0,0,,2025-11-28T13:09:22.000Z,1786024024.5994701
hathimazman,user,Hathim Azman,,False,,1,0,1,0,0,0,0,,2025-06-19T16:56:46.000Z,1786024024.642515
hathibelagal,user,Ashraff Hathibelagal,,False,,2,1,5,4,77,1,0,,2025-02-06T22:52:59.000Z,1786024024.6617725
hathoowalshe,user,zxcvxcv,,False,,1,0,0,0,0,0,0,,2025-05-21T10:45:37.000Z,1786024024.6882765
hathu110808,user,Thu Ha,,False,,173,0,0,0,0,0,0,,2025-08-13T01:23:34.000Z,1786024024.712322
hathu11088,user,Ha Thu,,False,,180,0,0,0,0,0,0,,2025-04-12T09:29:38.000Z,1786024024.7356205
hathucviet,user,Viet Ha,,True,,4,0,1,0,0,0,0,,2026-06-08T21:09:44.000Z,1786024024.7537923
hatiami,user,majbut,,False,,1,0,0,0,0,0,0,,2025-11-02T16:28:46.000Z,1786024024.800949
hathuyen,user,Thuyen Bui,,False,,3,0,0,0,0,0,0,,2026-02-15T09:26:21.000Z,1786024024.8145957
hatice3302,user,hatice,,False,,1,0,0,0,0,0,0,,2025-08-24T08:58:40.000Z,1786024024.8484373
haticekubrakilinc,user,kübra kılınç,,False,,2,0,0,0,0,0,0,,2023-03-26T20:35:25.000Z,1786024024.8672965
haticenurcakr,user,hatice nur çakır,,False,,2,3,1,8,5,0,0,,2025-11-26T22:21:31.000Z,1786024024.890994
haticenuryavas,user,Hatice Nur Yavaş,,False,,12,0,1,0,0,0,0,,2026-04-25T13:10:39.000Z,1786024024.9135385
hatien,user,Tiên Huỳnh,,False,,1,0,0,0,0,0,0,,2025-07-17T19:23:23.000Z,1786024024.9355202
hatikshop,user,hatik,,False,,2,0,0,0,0,0,0,,2025-04-17T16:37:16.000Z,1786024024.9599335
hatim-s,user,Hatim Shakir,,False,,2,0,0,0,0,0,0,,2023-11-04T02:12:08.000Z,1786024024.9812996
hatim00101,user,Hatim Saad,,False,,4,0,5,0,0,0,0,,2024-07-31T15:08:44.000Z,1786024025.0074904
hatim85,user,Hatim Unwala,,False,,5,0,2,0,0,0,0,,2025-03-04T08:13:59.000Z,1786024025.0358644
hatimalhomid,user,Hatim Saad,,False,,1,0,0,0,0,0,0,,2025-04-05T16:47:11.000Z,1786024025.0536382
hatimhbr,user,Hatim Raipurwala,,False,,4,0,0,0,0,0,0,,2025-03-27T08:44:39.000Z,1786024025.094138
hatimismyname,user,khan,,False,,1,0,1,0,0,0,0,,2024-06-16T01:46:42.000Z,1786024025.138895
hatimbr,user,Hatim Bourfoune,,False,,8,1,0,2,1,2,0,,2021-06-28T12:25:23.000Z,1786024025.150547
hatimkanorwala5253,user,Hatim Kanorwala,,False,,1,0,0,0,0,0,0,,2026-01-25T14:20:02.000Z,1786024025.1842446
hatimoo22,user,Hatim Nuh,,False,,1,0,0,0,0,0,0,,2023-09-01T14:54:25.000Z,1786024025.2020721
hatimotarid,user,Hatim Otarid,,False,,1,0,0,0,0,0,0,,2023-10-30T12:46:18.000Z,1786024025.2281263
hatimqman,user,mansour,,False,,1,0,4,0,0,0,0,,2026-06-15T19:28:19.000Z,1786024025.2547755
hatirshawl,user,hatir ashiq shawl,,False,,1,0,0,0,0,0,0,,2025-03-15T22:07:42.000Z,1786024025.295268
hatinda,org,Hatinda Shiv Parvati Mandir,,,False,1,0,1,1,,,0,1,,1786024025.3116186
hatlem,user,Andreas Hatlem,,False,,1,0,0,0,2,0,0,,2022-12-11T00:33:06.000Z,1786024025.3389106
hatleon,user,huang,,False,,1,0,0,0,0,0,0,,2023-05-20T17:04:03.000Z,1786024025.385631
hatlonely,user,hatlonely,,False,,1,0,0,0,0,0,0,,2024-06-23T09:35:13.000Z,1786024025.3868592
hatnof,user,Bayley Hiku,,False,,1,0,0,0,0,0,0,,2026-03-30T09:09:08.000Z,1786024025.4340205
hatmimoha,user,Mohamed Hatmi,,False,,2,0,0,5,3,2,0,,2020-10-15T17:00:41.000Z,1786024025.4362772
hatnyan,user,hatnyan,,False,,1,0,0,0,0,0,0,,2023-05-08T09:35:47.000Z,1786024025.4781451
hato2023,user,hatopop,,False,,1,0,0,0,0,0,0,,2023-07-03T15:13:10.000Z,1786024025.4926271
hatosan,user,hato san,,False,,1,0,0,1,5,0,0,,2023-04-01T10:20:24.000Z,1786024025.5261881
hatosei03,user,HatoSei,,False,,2,0,0,0,0,0,0,,2023-12-14T12:58:43.000Z,1786024025.536154
hatoum,user,Carl HATOUM,,False,,1,12,0,1,2,0,0,,2022-08-07T09:17:27.000Z,1786024025.5737827
hatrat,user,Rahat Rahman,,False,,1,0,0,0,0,0,0,,2024-11-20T18:46:19.000Z,1786024025.585318
hatred666,user,haattte,,False,,1,0,0,0,0,0,0,,2026-01-14T21:58:07.000Z,1786024025.6199503
hatrinh,user,ha van trinh,,False,,1,0,0,0,0,0,0,,2023-01-04T15:29:03.000Z,1786024025.6294343
hatruong3996,user,Xuan Truong Ha,,False,,3,0,0,0,1,0,0,,2023-06-15T13:47:34.000Z,1786024025.661985
hats123450,user,jaeden curbison,,False,,1,0,0,0,0,0,0,,2023-04-17T17:47:57.000Z,1786024025.6864927
hatsukaze86,user,Koki Sato,,False,,5,0,0,0,2,0,0,,2024-09-11T05:10:13.000Z,1786024025.7438574
hatsmagee,user,Tom Jacobs,,False,,3,0,0,1,0,0,0,,2024-10-20T22:24:25.000Z,1786024025.7460332
hatsukime,user,Rogério Nakamura,,False,,1,0,0,0,0,0,0,,2024-01-16T16:28:17.000Z,1786024025.7927706
hatsuyuki,user,yukino,,False,,3,0,0,0,2,1,0,,2022-11-02T00:45:44.000Z,1786024025.7940106
hattori317,user,hibki hattori,,False,,5,9,0,0,0,0,0,,2026-06-23T02:36:21.000Z,1786024025.8394551
hattiezhou,user,Hattie Zhou,,False,,3,0,0,0,0,0,0,,2024-09-29T02:50:31.000Z,1786024025.8407981
hattorin462,user,Hattorin,,False,,2,0,0,0,1,0,0,,2025-04-22T09:21:51.000Z,1786024025.8874073
hattran,user,hattranthi,,False,,7,0,0,0,18,4,0,,2023-04-27T07:32:48.000Z,1786024025.8898728
hattyz,user,hatty-z,,False,,55,18,0,0,0,0,0,,2025-05-11T12:50:45.000Z,1786024025.9340672
hatuananh1006,user,Hà Tuấn Anh,,False,,1,0,0,0,0,0,0,,2025-02-26T08:19:59.000Z,1786024025.940448
hatuankiet,user,Hà Tuấn Kiệt,,False,,1,0,0,0,0,0,0,,2026-04-30T20:44:01.000Z,1786024025.9785028
haturusinghe,user,S Haturusinghe,,False,,194,10,0,1,0,0,0,,2023-12-30T13:05:25.000Z,1786024025.9859374
hatushimo,user,村上幸治,,False,,1,0,0,0,0,0,0,,2026-06-04T01:05:45.000Z,1786024026.0239792
hatyan,user,maykon navarro,,False,,1,0,0,0,0,0,0,,2025-10-03T18:02:32.000Z,1786024026.036198
hatyt,user,ahhfcd,,False,,1,0,0,0,0,0,0,,2025-04-26T10:08:08.000Z,1786024026.0674427
hau062,user,VO THI NGOC HAU,,False,,1,0,0,0,0,0,0,,2026-06-14T15:52:27.000Z,1786024026.0867853
hauabagta77,user,hauabagta77,,False,,1,0,0,0,0,0,0,,2025-09-27T15:36:38.000Z,1786024026.115312
hauahatta31,user,hauahatta31,,False,,1,0,0,0,0,0,0,,2025-09-28T17:41:49.000Z,1786024026.1339657
hauajavagsg122,user,Image generation,,False,,1,0,1,0,0,0,0,,2025-06-29T22:53:18.000Z,1786024026.1644359
haubelerche,user,Hau Luong,,False,,2,0,1,1,3,0,0,,2025-01-06T16:01:53.000Z,1786024026.2140582
haubunny,user,Nguyen Viet Hau,,False,,1,0,1,0,0,0,0,,2026-04-03T08:30:34.000Z,1786024026.229043
haudangvan14,user,haudangvan14,,False,,241,0,0,0,0,0,0,,2025-08-27T14:18:44.000Z,1786024026.2758403
haueinfachab,user,KB,,False,,1,0,0,0,0,0,0,,2022-11-21T09:53:03.000Z,1786024026.279107
hauferm,user,Michal Haufer,,False,,1,0,0,0,0,0,0,,2024-07-03T14:36:04.000Z,1786024026.3262072
hauf,user,q,,False,,2,0,0,0,0,0,0,,2024-03-12T07:37:38.000Z,1786024026.3275743
haugeelboa3673,user,ytuytu,,False,,1,0,0,0,0,0,0,,2025-06-03T02:34:44.000Z,1786024026.3702307
hauhuu,user,hauhuu,,False,,3,0,1,0,0,0,0,,2025-11-05T14:01:46.000Z,1786024026.3717072
hauiottd,user,dnfh,,False,,1,0,0,0,0,0,0,,2025-06-03T13:41:00.000Z,1786024026.4120953
haujla2391,user,Harman,,False,,1,0,1,0,0,0,0,,2024-09-20T20:18:48.000Z,1786024026.4151762
haukit,user,Hau Kit Yong,,False,,3,0,0,0,13,0,0,,2024-01-14T22:37:00.000Z,1786024026.4591336
haukelicht,user,Hauke Licht,,True,,7,0,0,1,1,3,0,,2023-07-11T12:25:17.000Z,1786024026.48256
haukurpj,user,Haukur Páll Jónsson,,False,,1,0,0,2,1,346,0,,2022-02-15T10:33:02.000Z,1786024026.5147893
haulingsimon,user,Simon Haul,,False,,1,0,3,0,1,0,0,,2022-06-11T12:20:11.000Z,1786024026.5324917
hault,user,Lê Trung Hậu,,False,,1,0,0,0,0,0,0,,2024-01-27T02:55:01.000Z,1786024026.5697792
haunguyen11,user,nguyen minh hau,,False,,1,0,0,0,0,0,0,,2025-04-29T01:39:25.000Z,1786024026.5835967
haunt224,user,Nguyen Trung Hau,,False,,1,0,0,0,0,0,0,,2022-05-18T15:42:48.000Z,1786024026.615182
hauntedpilot,user,Svan Vatutin,,False,,1,0,0,0,0,0,0,,2026-02-26T06:25:13.000Z,1786024026.637065
haurajahra,user,Afifah Nurlaila,,False,,9,2,0,0,0,2,0,,2023-04-04T07:54:22.000Z,1786024026.6593542
hause1986,user,Graff,,False,,1,0,0,0,0,0,0,,2025-08-01T13:54:04.000Z,1786024026.6919918
hausenlot,user,Paul John Sopranes,,False,,1,0,0,0,0,0,0,,2025-04-15T20:18:20.000Z,1786024026.7080817
hauser458b,user,hauser,,False,,8,0,0,7,62,9,0,,2026-02-02T13:19:47.000Z,1786024026.748697
haushuk,user,Mouse CP,,False,,1,0,0,2,1,0,0,,2025-03-06T13:42:50.000Z,1786024026.7547495
hauson-fan,user,hauson fan,,False,,5,0,0,0,0,0,0,,2024-07-15T02:54:19.000Z,1786024026.7911015
hausschuh2301,user,Tim,,False,,1,0,0,0,0,0,0,,2025-09-13T17:37:15.000Z,1786024026.8115833
hautc,user,Hau Cong Tieu,,False,,19,0,0,0,2,0,0,,2024-04-21T18:58:32.000Z,1786024026.8370404
hautran7201,user,Trần Hoàng Hậu,,False,,3,0,0,0,0,0,0,,2024-01-08T15:56:00.000Z,1786024026.8560388
hautranvan1967,user,hautranvan1967,,False,,247,0,0,0,0,0,0,,2025-04-15T13:46:57.000Z,1786024026.8822687
hauuto,user,To Thanh Hau,,False,,1,0,0,0,0,0,0,,2025-06-24T11:29:03.000Z,1786024026.9269598
hauttttt,user,to,,False,,2,0,2,0,1,0,0,,2026-04-19T15:07:11.000Z,1786024026.9302218
hauver,user,xu,,False,,1,0,0,0,0,0,0,,2022-05-13T01:51:23.000Z,1786024026.9748652
hauzantsaaqif,user,Hauzan Tsaaqif Mushaddaq,,False,,10,0,0,0,0,0,0,,2025-05-09T16:37:52.000Z,1786024026.9772322
havaferber,user,Hava Ferber,,True,,1,1,1,0,0,0,0,,2026-07-08T10:55:33.000Z,1786024027.0189626
havahu,user,hava huri,,False,,1,0,0,0,0,0,0,,2024-09-12T16:15:50.000Z,1786024027.0230715
havai,user,hui,,False,,3,0,0,0,0,0,0,,2023-01-10T14:01:32.000Z,1786024027.0634906
haval995,user,haval rezan majnun,,False,,7,0,0,0,0,0,0,,2025-06-26T09:21:12.000Z,1786024027.0723267
havalassa,user,hava ha,,False,,3,0,0,0,0,0,0,,2026-03-15T02:56:52.000Z,1786024027.1117017
havask,user,Håvard,,False,,7,0,0,0,0,0,0,,2025-04-02T19:50:23.000Z,1786024027.1156032
havasricky,user,havas addagtla,,False,,1,0,0,0,0,0,0,,2024-06-12T09:54:13.000Z,1786024027.1608717
havefun1567,user,Muhammad,,False,,1,0,2,0,0,0,0,,2025-08-06T17:24:10.000Z,1786024027.167289
havehill,user,Jaewon Jung,,False,,1,0,0,0,4,0,0,,2023-05-08T07:27:02.000Z,1786024027.20707
haven-ai-companion,org,Haven AI Companion,,,False,9,4,1,2,,,0,1,,1786024027.2537374
havendays,user,parkjunsu,,False,,1,0,0,0,0,0,0,,2024-05-29T04:48:39.000Z,1786024027.26082
havengo,user,havengo,,False,,1,0,0,0,0,0,0,,2026-04-21T09:23:42.000Z,1786024027.3010516
havenhq,org,Haven,,,False,1,0,1,11,,,0,2,,1786024027.3590994
havenoammo,user,a b,,False,,3,0,0,35,56,11,0,,2022-09-06T04:03:34.000Z,1786024027.3603356
havens2,user,Haotian Teng,,False,,6,10,0,0,0,0,0,,2022-10-28T06:31:30.000Z,1786024027.4020333
havenothing21,user,havannguyen,,False,,1,0,0,0,0,0,0,,2023-09-26T06:48:02.000Z,1786024027.4067245
havenvl,user,haven,,False,,1,0,0,0,0,0,0,,2023-07-01T13:23:53.000Z,1786024027.4497817
havenvanheusen,user,Haven Van Heusen,,False,,1,0,0,0,1,0,0,,2022-10-29T02:43:53.000Z,1786024027.458162
haveoffduty,user,son,,False,,3,0,0,0,0,0,0,,2026-07-26T02:29:04.000Z,1786024027.5002546
havenwood,user,Shannon Skipper,,False,,1,0,0,0,0,0,0,,2024-12-10T02:00:27.000Z,1786024027.5307727
havibohra,user,Havi,,False,,1,0,0,0,0,0,0,,2023-04-10T14:35:20.000Z,1786024027.5429363
havikz,user,fox,,False,,2,0,6,0,0,0,0,,2025-08-04T12:20:51.000Z,1786024027.5757391
havinash-ai,user,havinash,,False,,725,0,0,0,0,0,0,,2025-01-08T15:47:55.000Z,1786024027.5914943
having-salt,user,zihanqin,,False,,1,0,0,0,4,0,0,,2025-02-20T05:55:13.000Z,1786024027.6207275
havingAfish,user,Iris,,False,,1,0,0,0,0,0,0,,2023-07-01T09:05:27.000Z,1786024027.6399965
havocy28,user,Brian Hur,,False,,2,0,0,1,2,2,0,,2021-03-18T00:18:48.000Z,1786024027.6854875
havlli,user,Jakub Havlicek,,False,,1,0,0,0,0,0,0,,2024-09-22T13:29:58.000Z,1786024027.7222266
havoic206,user,Maina Maurice Macharia,,False,,8,0,0,0,0,1,0,,2024-06-07T16:46:06.000Z,1786024027.7325265
havok2,user,Matthias Weiner,,False,,2,0,0,4,1,2,0,,2023-02-23T20:20:23.000Z,1786024027.7671208
havryleshko,user,Alex Havryleshko,,False,,1,0,0,0,0,0,0,,2026-02-25T09:49:06.000Z,1786024027.7743344
havvanilsu,user,Havva Nilsu Oz,,False,,1,1,0,0,0,0,0,,2023-10-16T23:12:32.000Z,1786024027.8153908
havvanur92,user,Havvanur,,False,,3,0,0,0,0,0,0,,2025-10-28T16:57:41.000Z,1786024027.8191168
havyamsh,user,havyamsh maruthai,,False,,1,0,0,0,0,0,0,,2025-03-12T05:44:35.000Z,1786024027.8614085
havypho,user,phohavy,,False,,1,0,0,0,0,0,0,,2024-01-09T04:29:46.000Z,1786024027.866109
hawaee,user,Salman,,False,,2,0,0,1,0,0,0,,2024-04-30T21:14:58.000Z,1786024027.912571
hawada,org,HawAda,,,False,11,0,0,2,,,0,2,,1786024027.9600277
hawaii222,user,y a,,False,,14,0,0,0,0,0,0,,2026-02-06T14:39:42.000Z,1786024027.9652574
hawaiimonkey,user,JT Bresson,,False,,1,0,0,0,0,0,0,,2024-03-11T19:38:57.000Z,1786024028.005021
hawaiiscott,user,scott ahn,,False,,1,0,0,0,0,1,0,,2025-07-27T09:31:32.000Z,1786024028.0135968
hawaiivan,user,Ivan Silva,,False,,5,0,0,0,0,1,0,,2023-04-09T09:37:06.000Z,1786024028.0509994
hawalurahman,user,Halim Wildan Awalurahman,,False,,58,1,6,1,2,0,0,,2024-01-16T12:33:10.000Z,1786024028.060918
hawandonnell,user,Altair,,False,,1,0,0,0,1,0,0,,2023-12-13T10:12:55.000Z,1786024028.092016
hawanlee,user,Haiwang Li,,False,,1,0,0,0,0,0,0,,2025-08-10T08:17:11.000Z,1786024028.1054058
hawarechvz,user,zxcvzxcv,,False,,1,0,0,0,0,0,0,,2025-05-22T02:35:35.000Z,1786024028.1410732
hawaskar,user,yasin,,False,,1,0,0,0,0,0,0,,2025-03-25T08:35:12.000Z,1786024028.1561031
hawckea,user,Emilio arellano,,False,,1,0,0,0,0,0,0,,2026-03-07T21:04:23.000Z,1786024028.2033477
hawcenhone,user,CHEN,,False,,1,0,0,0,0,0,0,,2025-03-09T07:07:11.000Z,1786024028.2147298
hawczh,user,jagfaha,,False,,1,0,0,0,0,0,0,,2025-05-30T06:14:23.000Z,1786024028.2496588
haweralzaer,user,Daniel Martinez,,False,,2,0,0,0,1,0,0,,2022-09-02T20:28:59.000Z,1786024028.2958736
hawei-z,user,asd,,False,,3,0,0,0,64,1,0,,2022-09-17T15:44:33.000Z,1786024028.315334
hawfdh,user,hsetrh,,False,,1,0,0,0,0,0,0,,2025-05-30T08:33:50.000Z,1786024028.3371663
hawhamed,user,Hamed,,False,,1,0,0,0,0,0,0,,2025-02-20T22:08:20.000Z,1786024028.3592234
hawhyhb,user,haw young,,False,,1,0,0,0,2,0,0,,2026-07-28T16:00:12.000Z,1786024028.3847227
hawierdev,user,Mikołaj Badyl,,False,,2,0,0,0,1,0,0,,2024-03-09T08:33:59.000Z,1786024028.4069326
hawiu01,user,김대훈,,False,,1,2,0,0,0,0,0,,2025-07-18T08:41:08.000Z,1786024028.4239068
hawj0147,user,wonjun,,False,,1,0,1,0,1,0,0,,2026-07-21T02:19:51.000Z,1786024028.4537253
hawk-face,user,Keyhan Hawkface,,False,,2,0,0,0,0,0,0,,2024-08-04T11:22:47.000Z,1786024028.468673
hawkeyeabl,user,hawke,,False,,1,0,0,0,0,0,0,,2025-09-29T16:55:40.000Z,1786024050.5031993
hawkeyes1345,user,Rayyanul Haque,,False,,2,0,1,0,0,0,0,,2026-06-04T06:13:30.000Z,1786024089.5814512
hawkwang,user,Hawk Wang,,False,,1,0,0,0,0,0,0,,2022-09-15T11:38:21.000Z,1786024155.9333544
haya25ms,user,Haya Mousa,,False,,1,0,0,0,0,0,0,,2024-03-02T14:14:08.000Z,1786024299.4924452
hay2628son,user,Hayson Chun Chuen Cheung,,False,,1,0,0,0,0,0,0,,2024-08-28T13:47:15.000Z,1786024320.5994833
hayago,user,Go Hayakawa,,False,,7,5,1,0,0,0,0,,2025-10-20T14:02:04.000Z,1786024320.6457055
hayaaa1425,user,haya mohammed,,False,,1,0,0,0,0,0,0,,2025-02-06T12:56:09.000Z,1786024320.670127
hayahamabha984,user,hayahamabha984,,False,,1,0,0,0,0,0,0,,2025-09-28T17:44:33.000Z,1786024320.697664
hayak713,user,Albert,,False,,2,0,0,0,0,0,0,,2025-05-14T09:46:33.000Z,1786024320.7178118
hayalatandrang,user,hagia latandrang,,False,,1,0,2,0,0,0,0,,2025-04-12T16:08:59.000Z,1786024320.74683
hayamansour,user,haya Mansour,,False,,1,0,0,0,0,0,0,,2026-05-30T11:34:16.000Z,1786024320.7676227
hayamma,user,nn,,False,,1,0,0,0,0,0,0,,2026-04-23T18:20:54.000Z,1786024320.7990222
hayamwahdan,user,Hayam Medhat Wahdan,,False,,1,0,0,0,0,0,0,,2026-03-03T18:15:06.000Z,1786024320.8190923
hayangSKEL,user,hayangSKEL,,False,,2,0,0,0,0,0,0,,2025-03-11T23:39:19.000Z,1786024320.842879
hayashiLin,user,Zhengyu Lin,,False,,1,0,0,2,10,0,1,,2022-12-08T15:02:24.000Z,1786024320.8670511
hayashiwaza1,user,hayashiwaza1,,False,,2,0,0,0,0,0,0,,2025-04-29T07:15:12.000Z,1786024320.8887846
hayashizawa,user,hayashizawa,,False,,5,0,0,0,0,0,0,,2025-04-16T04:42:09.000Z,1786024320.9133248
hayashyeah,user,InTheMaking,,False,,1,0,0,0,0,0,0,,2023-08-19T11:34:00.000Z,1786024320.937691
hayassoc1,user,Andrew Hay,,False,,2,0,0,0,1,0,0,,2023-01-11T18:11:06.000Z,1786024320.960978
hayat123,user,Hayat AIT LEHBIB,,False,,1,2,0,0,0,0,0,,2025-05-03T12:38:54.000Z,1786024320.9835794
hayat52-m,user,Mohammad Hayat,,False,,1,0,1,0,0,0,0,,2024-07-27T13:22:50.000Z,1786024321.014094
hayate269981371,user,hayate269981371,,False,,1,0,0,0,0,0,0,,2025-05-12T07:11:12.000Z,1786024321.030519
hayate3140,user,永峯颯,,False,,6,0,0,0,0,0,0,,2023-11-13T07:27:48.000Z,1786024321.0609906
hayathine,user,RYO SATO,,False,,1,2,1,0,13,0,0,,2024-09-05T09:44:55.000Z,1786024321.0783024
hayati1966,user,hayati,,False,,1,0,0,0,0,0,0,,2026-01-04T13:50:26.000Z,1786024321.1084645
hayatiali,user,hayati ali keles,,False,,4,0,1,0,0,0,0,,2023-05-30T10:22:07.000Z,1786024321.1269622
hayatkhan,user,Hayat Ullah,,False,,3,0,0,0,0,0,0,,2024-11-28T23:26:27.000Z,1786024321.151753
hayato-matsushita,user,HayatoMatsushita,,False,,2,0,0,0,0,0,0,,2024-09-15T23:42:25.000Z,1786024321.1747952
hayato012345,user,阿部　速斗,,False,,2,0,0,0,0,0,0,,2025-11-26T04:48:45.000Z,1786024321.211088
hayato0302,user,Hayato Yoshioka,,False,,1,0,0,0,0,0,0,,2025-11-02T09:09:57.000Z,1786024321.2244475
hayato92001,user,高勝慶,,False,,2,0,0,0,0,0,0,,2026-04-16T02:41:43.000Z,1786024321.2530365
hayatoshibahara,user,Hayato Shibahara,,False,,29,1,2,0,1,3,0,,2023-08-26T03:47:51.000Z,1786024321.2686684
hayatoshino05,user,Shinomura Hayato,,False,,1,0,0,0,0,0,0,,2024-11-03T15:12:06.000Z,1786024321.2978914
hayatu,user,Hayat Ullah,,False,,1,0,0,0,0,0,0,,2022-12-16T21:51:36.000Z,1786024321.3219028
haybales,user,Sam Furr,,False,,1,0,0,0,1,0,0,,2025-11-17T02:38:55.000Z,1786024321.3492885
haybee200,user,Abiola Ogunyemi,,False,,1,0,0,0,0,0,0,,2025-05-02T05:53:04.000Z,1786024321.368463
hayda21,user,fasfas,,False,,1,0,0,0,0,0,0,,2025-12-29T17:00:44.000Z,1786024321.415445
hayc,org,AirSecurity,,,False,1,0,0,2,,,0,2,,1786024321.4360313
haydar3737,user,önmömnömnömnönm,,False,,1,0,0,0,0,0,0,,2023-07-19T15:30:09.000Z,1786024321.4624658
haydardmry,user,demiray,,False,,1,0,0,0,0,0,0,,2025-03-14T14:48:37.000Z,1786024321.4874005
haydarkadioglu,user,haydar,,False,,4,3,0,4,16,3,0,,2025-06-02T06:46:20.000Z,1786024321.518999
haydarqw,user,kalabık san,,False,,1,0,0,0,0,0,0,,2024-04-14T01:19:17.000Z,1786024321.529421
hayabambah,user,hayabam,,False,,1,0,0,0,0,0,0,,2025-09-28T17:43:03.000Z,1786024321.5478663
hayden-donnelly,user,Hayden Donnelly,,False,,1,14,0,16,3,1,0,,2023-04-15T18:00:21.000Z,1786024321.56725
hayden-yuma,user,Hayden,,False,,3,1,0,0,0,0,0,,2024-03-12T14:04:17.000Z,1786024321.575507
haydee999,user,Haydee,,False,,5,0,0,0,29,0,0,,2025-12-03T19:07:04.000Z,1786024321.577182
hayabtrralo16,user,hayabtrralo16,,False,,1,0,0,0,0,0,0,,2025-09-27T15:57:05.000Z,1786024321.5957446
hayden615,user,hayden,,False,,1,0,0,0,0,0,0,,2024-03-11T15:26:03.000Z,1786024321.5966282
haydenbanz,user,H9,,False,,3,6,7,2,2,2,0,,2023-09-18T15:41:25.000Z,1786024321.60947
haydenbetts,user,Hayden Betts,,False,,1,0,0,1,0,0,0,,2022-02-10T20:49:41.000Z,1786024321.617465
haydenbspence,user,Hayden Spence,,False,,1,1,0,0,0,0,0,,2023-06-05T03:37:50.000Z,1786024321.6265395
haydenfirv,user,neil,,False,,1,0,2,0,0,0,0,,2024-08-13T06:54:45.000Z,1786024321.6424932
haydenfree,user,Hayden Free,,False,,3,0,0,0,0,0,0,,2026-04-26T01:53:14.000Z,1786024321.6672142
haydenhng,user,nguyen,,False,,1,0,0,0,0,0,0,,2025-05-10T18:46:08.000Z,1786024321.6685505
haydenjeune,user,Hayden Jeune,,False,,8,0,0,0,0,0,0,,2022-08-23T12:30:01.000Z,1786024321.6726086
haydenl108,user,Hayden Long,,False,,1,0,0,0,0,0,0,,2021-12-15T00:08:23.000Z,1786024321.6911173
haydenng,user,hoanguyen,,False,,1,0,0,0,0,0,0,,2025-05-11T19:42:56.000Z,1786024321.710326
haydenpham,user,Hayden Pham,,False,,2,0,0,0,0,0,0,,2025-12-28T12:56:55.000Z,1786024321.7126517
haydendoo,user,Hayden How Zong Han,,False,,4,0,0,0,0,0,0,,2026-05-14T07:55:17.000Z,1786024321.7225025
haydenshively,user,Hayden Shively,,False,,1,0,0,0,0,0,0,,2022-09-04T21:22:02.000Z,1786024321.7337713
haydenwass,user,Hayden Wasserman,,False,,1,1,1,0,0,0,0,,2025-08-10T19:12:41.000Z,1786024321.743597
hayder86al,user,Hayder Alraeai,,False,,1,0,0,0,0,0,0,,2024-07-18T17:17:13.000Z,1786024321.7588508
hayderab,user,hayder,,False,,1,0,0,0,0,1,0,,2023-05-13T21:36:10.000Z,1786024321.7600358
hayderfaras,user,hayderfarasalibrahimy,,False,,1,0,1,0,0,0,0,,2025-08-01T12:21:51.000Z,1786024321.7669444
hayderlabidi,user,labidi,,False,,1,0,0,0,0,0,0,,2025-04-03T22:18:24.000Z,1786024321.7769182
haydn-jones,user,Haydn Jones,,True,,9,15,0,3,34,3,0,,2022-09-07T20:57:37.000Z,1786024321.792842
haydso,user,Hayden So,,False,,7,0,3,0,1,0,0,,2024-04-19T06:47:03.000Z,1786024321.8092566
haydnllh,user,Haydn Lam,,False,,1,0,1,0,0,0,0,,2025-10-03T16:20:40.000Z,1786024321.8111973
hayeonkim,user,HayeonKim,,False,,1,0,1,0,7,2,4,,2023-01-03T10:08:37.000Z,1786024321.822905
hayabusaa,user,Dimetrius Berg,,False,,3,0,0,0,0,0,0,,2025-10-08T00:34:53.000Z,1786024321.8318524
hayeonnherein,user,Hayeon Jeon,,False,,2,0,0,0,1,0,0,,2025-03-17T08:09:14.000Z,1786024321.8335264
hayekaaa,user,Ahmed Alhayek,,False,,1,0,1,0,0,0,0,,2026-03-15T20:02:06.000Z,1786024321.8346882
hayetem,user,hayetem ghzel,,False,,1,0,0,0,0,0,0,,2025-05-31T23:21:54.000Z,1786024321.8553913
hayetkemiri,user,Hayet Khemiri,,False,,1,0,0,0,0,0,0,,2026-03-02T20:33:08.000Z,1786024321.8672128
hayitsmaddy,user,HC,,False,,2,0,2,0,0,0,0,,2025-11-19T09:52:22.000Z,1786024321.8750713
haykgrigorian,user,Hayk Grigorian,,False,,5,4,0,57,15,6,0,,2025-07-28T20:27:17.000Z,1786024321.880258
hayknersisyan,user,Hayk Nersisyan,,False,,1,0,0,0,0,0,0,,2022-01-27T15:18:55.000Z,1786024321.8819518
hayesyang,user,hayes.yang,,False,,1,5,1,0,0,0,0,,2023-03-12T02:05:20.000Z,1786024321.8878727
hayle,user,hayle  mason,,False,,3,0,2,0,2,0,0,,2023-01-01T22:54:38.000Z,1786024321.9090679
haylenik,user,DarwinNicholas Hayle,,False,,1,0,3,0,0,0,0,,2025-03-04T07:59:38.000Z,1786024321.9103475
hayleybluett46,user,hayleybluett46,,False,,1,0,0,0,0,0,0,,2025-04-26T13:33:20.000Z,1786024321.9230235
haylypinero8695,user,haylypinero8695,,False,,1,0,0,0,0,0,0,,2025-06-14T13:36:16.000Z,1786024321.9250531
hayleygale,user,hayleygale3,,False,,1,0,0,0,0,0,0,,2025-04-29T10:50:11.000Z,1786024321.9267092
hayack,user,hayack,,False,,1,0,0,0,0,0,0,,2023-03-07T05:35:50.000Z,1786024321.9276261
haymanhtun,user,Hay Man Htun,,False,,21,0,0,3,0,5,0,,2023-07-18T09:50:27.000Z,1786024321.9329493
haymanmk,user,Hayman Chan,,False,,2,12,0,0,0,0,0,,2026-05-26T07:13:42.000Z,1786024321.9585698
haymarhtun,user,Haymar Htun,,False,,1,0,0,0,0,0,0,,2026-03-24T10:04:44.000Z,1786024321.9679232
hayoon1,user,PARK HAYOON,,False,,2,0,0,0,0,0,0,,2025-10-22T02:11:40.000Z,1786024321.970457
hayoonsong,user,HAYOON SONG,,False,,6,0,0,1,0,0,0,,2025-03-21T02:41:18.000Z,1786024321.9731085
hayn404,user,Haneen Alaa,,False,,2,0,1,0,0,0,0,,2023-09-24T22:46:28.000Z,1786024321.9753826
hayooucom,user,youkpan,,False,,1,0,0,1,20,1,0,,2023-02-18T15:41:53.000Z,1786024321.9775972
hayoth,user,Jorge Lopez,,False,,1,0,0,0,0,0,0,,2023-01-02T18:09:43.000Z,1786024322.000875
haymanwuzup08,org,Everyone Loves A Lil Ego,,,False,1,0,0,1,,,0,1,,1786024322.0019374
hayounl061,user,Hayoun Lim,,False,,1,0,0,0,0,0,0,,2025-01-09T19:24:48.000Z,1786024322.019479
hayridombik,user,31,,False,,1,0,0,0,0,0,0,,2025-12-27T09:41:37.000Z,1786024322.0208662
hayoungpark,user,Ha Young Park,,False,,1,0,0,1,49,0,0,,2022-09-24T17:05:16.000Z,1786024322.0254436
hayren,user,Hairuo Liu(SII),,False,,3,15,0,1,4,0,0,,2024-08-27T12:59:58.000Z,1786024322.0271106
hayro35,user,hayro,,False,,1,0,0,0,1,0,0,,2025-01-30T18:15:11.000Z,1786024322.0451539
hayrunnisabiyikli,user,Hayrunnisa Bıyıklı,,False,,1,0,0,0,0,0,0,,2024-08-31T10:14:18.000Z,1786024322.0491302
haysonC,user,Hayson Cheung,,False,,1,0,0,0,1,0,0,,2025-02-12T15:18:43.000Z,1786024322.0623174
hayssamserhan,user,Hayssam Serhan,,True,,1,0,1,0,0,0,0,,2023-07-29T18:12:17.000Z,1786024322.0672927
haytamelouarrat,user,Haytam El Ouarrat,,False,,13,0,0,0,0,0,0,,2024-03-27T04:50:31.000Z,1786024322.0683131
haytamla,user,Haytam Lr,,False,,1,0,0,0,0,0,0,,2025-02-04T16:35:06.000Z,1786024322.0778334
haytch,user,Harrison Dempsey,,False,,1,0,0,0,1,0,0,,2023-01-07T02:27:12.000Z,1786024322.091206
haythamfox,user,Haitham hussein,,False,,1,0,0,0,1,0,0,,2023-02-11T19:28:18.000Z,1786024322.0946581
hayoungjung,user,Hayoung Jung,,False,,1,1,0,0,0,0,0,,2025-09-24T05:49:48.000Z,1786024322.1044133
haythamgggg,user,Jjzgsjz,,False,,2,0,0,0,0,2,0,,2025-07-12T00:54:25.000Z,1786024322.1068335
haythem96,user,Haythem,,False,,3,0,0,0,0,0,0,,2024-06-01T11:30:18.000Z,1786024322.1134136
haythembs,user,haythem ben slima,,False,,20,0,0,1,28,0,0,,2025-06-22T12:19:50.000Z,1786024322.126746
haytoox,user,Hayto Hashirama,,False,,1,0,0,0,0,0,0,,2023-10-18T00:05:40.000Z,1786024322.1387503
hayuh,user,Halanna Yuh,,False,,1,0,3,1,0,0,0,,2024-06-15T18:34:37.000Z,1786024322.144453
hayul,user,hayul,,False,,1,0,0,0,0,0,0,,2021-12-12T10:00:21.000Z,1786024322.1478956
hayul561,user,kimhayul,,False,,1,1,0,0,0,0,0,,2026-01-18T11:38:40.000Z,1786024322.164079
hayusuf,user,Yusuf,,False,,1,0,0,0,0,0,0,,2025-02-21T21:02:52.000Z,1786024322.1762826
hayw3254,user,Hay Wah,,False,,1,0,0,0,0,0,0,,2026-04-18T19:33:55.000Z,1786024322.186442
haz170,user,Hamza Qadus,,False,,3,0,0,0,0,0,0,,2025-09-15T07:39:14.000Z,1786024322.1937947
haywoodsloan,user,Sloan Haywood,,False,,3,1,0,4,0,5,0,,2024-04-23T18:46:29.000Z,1786024322.195569
hayulalab,org,HayulaLabs,,,False,79,0,2,2,,,0,2,,1786024322.1974347
haz18,user,Hassan Zayour ,,False,,1,0,0,0,0,0,0,,2023-06-16T12:26:08.000Z,1786024322.2118328
haz3-jolt,user,Hari Srinivasan,,False,,2,0,0,0,0,0,0,,2024-08-29T07:46:37.000Z,1786024322.226712
hazaard,user,hazard,,False,,1,0,0,0,0,0,0,,2024-08-20T21:18:10.000Z,1786024322.2311523
haytin69,user,Harsha Vardhan Reddy B,,False,,10,1,0,2,1,0,0,,2022-08-26T08:15:17.000Z,1786024322.2379167
hazal-karakus,user,Hazal Karakus,,False,,4,8,0,1,0,0,0,,2024-05-28T10:40:59.000Z,1786024322.241732
hazal,user,hazal türkmen,,False,,3,2,0,5,1,2,0,,2022-03-13T07:26:41.000Z,1786024322.2492194
hazalf,user,Hanif Azizan Alfath,,False,,1,0,0,0,0,0,0,,2026-02-11T18:54:14.000Z,1786024322.2589953
hazalpekesen,user,hazalpekesen,,False,,1,0,0,0,0,0,0,,2024-01-01T23:14:34.000Z,1786024322.2704728
hazanaza,user,hazaa,,False,,11,0,0,0,0,0,0,,2025-09-08T08:40:02.000Z,1786024322.2770867
hazanuzly,user,Haza Nuzly Abdull Hamed,,False,,2,0,0,0,0,0,0,,2024-09-30T01:27:00.000Z,1786024322.2826033
hazakuraOuO,user,Allen Chen,,False,,1,0,0,0,0,0,0,,2025-04-30T02:59:49.000Z,1786024322.283712
hazardous,user,Jatin Dalal,,False,,4,3,1,0,0,0,0,,2022-09-10T04:26:17.000Z,1786024322.2908623
hazardscarn10,user,David Babu,,False,,2,0,0,0,0,0,0,,2024-04-12T12:27:44.000Z,1786024322.300569
hazaritrading8,user,Madhu rani,,False,,1,0,0,0,0,0,0,,2024-03-01T12:09:24.000Z,1786024322.3180814
hazarsozer,user,Hazar Utku Sozer,,False,,2,0,0,0,0,0,0,,2025-08-29T09:53:13.000Z,1786024322.3244402
hazc138,user,hazc138,,False,,3,0,0,0,0,1,0,,2024-08-02T16:28:00.000Z,1786024322.3276362
hazd,user,hazd,,False,,3,0,0,0,0,0,0,,2024-04-17T20:35:45.000Z,1786024322.329644
hazaraUni,org,Hazara University Mansehra,,,False,1,0,0,1,,,0,1,,1786024322.3332028
haze12311,user,aa,,False,,1,0,0,0,0,0,0,,2024-09-10T06:44:34.000Z,1786024322.3385508
haze123tan,user,Power Tan,,False,,1,0,0,0,1,0,0,,2025-02-12T01:42:11.000Z,1786024322.3453228
hazeeb97,user,hazeeb marikar,,False,,1,0,0,0,0,0,0,,2024-06-24T05:23:51.000Z,1786024322.3674054
hazeeerrrrew,user,hghfghf,,False,,1,0,0,0,0,0,0,,2024-05-03T07:29:07.000Z,1786024322.371607
hazehate,user,hazehate,,False,,7,0,0,0,0,0,0,,2025-11-11T19:41:57.000Z,1786024322.3740597
hazel-Lee,user,hazel lee,,False,,1,0,0,0,0,0,0,,2024-12-03T10:05:29.000Z,1786024322.3759663
hazel1,user,hazel,,False,,1,0,0,0,0,0,0,,2025-03-23T11:25:42.000Z,1786024322.3813505
hazel070720,user,Hyunji Jo,,False,,2,0,0,0,0,0,0,,2026-01-28T03:45:37.000Z,1786024322.382962
hazel1016,user,hazel1016,,False,,1,1,0,0,0,0,0,,2026-07-11T09:46:39.000Z,1786024322.3928554
hazel34,user,Hania Khalid Shariff,,False,,1,0,0,1,2,1,0,,2024-06-12T08:54:19.000Z,1786024322.4178302
hazel7708,user,HJ,,False,,1,0,0,0,0,0,0,,2024-07-30T16:06:29.000Z,1786024322.4188256
hazelbestt,user,Michael Li,,False,,1,1,0,0,0,0,0,,2023-06-09T16:55:59.000Z,1786024322.4202256
hazelhazeziyu,user,zhang,,False,,1,0,0,0,0,0,0,,2025-07-24T01:08:21.000Z,1786024322.427385
hazelfvue,user,hazel fvue,,False,,6,0,0,0,0,0,0,,2025-09-09T07:05:57.000Z,1786024322.4284816
hazelhkim,user,Hazel Kim,,True,,1,0,0,0,0,0,0,,2022-03-12T05:27:21.000Z,1786024322.4373562
hazelkao,user,hazelkao,,False,,8,1,0,0,0,0,0,,2024-05-05T19:58:51.000Z,1786024322.4608893
hazelr125,user,Hazel Ratna,,False,,1,0,0,0,0,0,0,,2026-04-27T04:27:20.000Z,1786024322.470518
hazellyn,user,hazellyn_evelyn,,False,,1,0,0,0,0,0,0,,2024-12-18T05:05:44.000Z,1786024322.4797308
hazelthai,user,Hazel Thai,,False,,4,0,0,0,0,0,0,,2025-03-26T09:19:35.000Z,1786024322.4829752
hazelmark,user,Hazel Mark,,False,,2,0,0,0,0,0,0,,2024-04-29T17:08:03.000Z,1786024322.4846928
hazelc,user,arlee53,,False,,1,0,0,0,0,0,0,,2025-04-04T08:24:23.000Z,1786024322.5228677
hazelwardfell,user,hazelwardfell,,False,,2,0,0,0,0,0,0,,2025-11-27T06:25:49.000Z,1786024322.5241907
hazeljames,user,Hazelj Ames,,False,,1,0,0,0,0,2,0,,2024-05-17T07:00:21.000Z,1786024322.526352
hazelwise,user,hazelwise,,False,,1,0,0,0,0,0,0,,2025-04-24T07:07:03.000Z,1786024322.5283504
hazelwarre,user,hazelwarre,,False,,1,0,0,0,0,0,0,,2025-04-24T07:55:54.000Z,1786024322.5298717
hazelthornmere,user,hazelthornmere,,False,,2,0,0,0,0,0,0,,2025-11-26T16:14:22.000Z,1786024322.5517519
hazelvaq,user,Hazel,,False,,1,0,0,0,0,0,0,,2024-08-06T18:46:46.000Z,1786024322.559565
hazem-alabiad,user,Hazem,,False,,1,0,0,0,2,0,0,,2023-12-11T17:58:53.000Z,1786024322.5672069
hazelyan60,user,Hazel Yan,,False,,1,1,0,0,0,0,0,,2025-02-14T06:44:24.000Z,1786024322.5688303
hazem111zero,user,zero,,False,,1,0,0,0,0,0,0,,2026-03-26T01:06:13.000Z,1786024322.574204
hazem114,user,messaoudi,,False,,1,0,0,0,0,0,0,,2025-12-30T22:03:58.000Z,1786024322.5812807
hazem2233,user,hazem gamal,,False,,1,0,2,0,0,0,0,,2024-11-22T12:21:19.000Z,1786024322.601013
hazem-fahmy,user,Hazem Fahmy,,False,,4,0,0,0,2,0,0,,2024-03-08T09:06:19.000Z,1786024322.6127129
hazem74,user,hazem waleed khaled,,False,,7,0,0,0,0,0,0,,2024-05-21T10:44:23.000Z,1786024322.614934
hazemHa,user,soussi,,False,,1,0,0,0,0,0,0,,2025-01-30T16:53:44.000Z,1786024322.6164775
hazem1986,user,dahi,,False,,1,0,1,0,0,0,0,,2025-10-11T06:28:43.000Z,1786024322.6174293
hazemaaa,user,hazem 60202959 Shokr,,False,,2,0,6,0,1,0,0,,2026-06-09T14:50:18.000Z,1786024322.6388829
hazematavey,user,Hazem Elsayed,,False,,2,0,0,0,1,0,0,,2025-02-26T11:32:20.000Z,1786024322.6490204
hazemfreePalestine,user,Hazem Elemam,,False,,2,0,0,0,0,0,0,,2025-08-02T20:36:40.000Z,1786024322.6601593
hazemkhaled-94,user,Hazem Khaled,,False,,2,0,0,0,0,0,0,,2026-01-24T17:17:06.000Z,1786024322.6620624
hazemgalal1,user,Hazem Galal,,False,,6,0,3,0,0,1,0,,2025-10-25T16:14:45.000Z,1786024322.663665
hazemm25,user,Hazem Moharram,,False,,2,0,0,0,0,0,0,,2023-07-23T20:37:00.000Z,1786024322.6959202
hazemessam,user,Hazem Essam,,False,,1,35,0,2,40,10,3,,2022-02-02T15:38:50.000Z,1786024322.6975076
hazemmagdy,user,Hazem Magdy,,False,,1,1,0,0,1,0,0,,2025-01-30T15:29:24.000Z,1786024322.7051868
hazemmhassan,user,Hazem Hassan Aly,,False,,1,0,0,0,0,0,0,,2026-05-22T17:18:35.000Z,1786024322.7070467
hazemmohamedsayed123,user,hazem mohamed,,False,,1,0,0,0,0,0,0,,2026-01-10T14:58:50.000Z,1786024322.7127733
hazemtarek23,user,Hazem Tarek,,False,,1,1,0,0,0,0,0,,2025-08-05T07:00:01.000Z,1786024322.7402716
hazentr,user,Hazen,,False,,12,0,0,0,0,0,0,,2024-08-24T15:02:06.000Z,1786024322.7421968
hazerbean,user,harry cardew,,False,,1,0,0,0,0,0,0,,2023-05-23T12:22:42.000Z,1786024322.7475457
hazeum,user,plasma,,False,,1,0,2,0,0,1,0,,2024-04-11T20:19:03.000Z,1786024322.7578588
hazgar,user,hazgar hazgar,,False,,1,0,0,0,0,0,0,,2026-03-02T15:57:58.000Z,1786024322.7874851
hazewise,user,hazewise,,False,,1,0,0,0,0,0,0,,2023-06-29T17:14:41.000Z,1786024322.7927926
hazemOmrann14,user,Hazem Omran,,False,,10,0,0,0,0,0,0,,2023-06-26T10:17:20.000Z,1786024322.7949357
hazhu,user,harryzhu,,False,,1,0,0,0,0,0,0,,2023-02-08T09:12:17.000Z,1786024322.799125
haziem2345,user,haziem,,False,,1,0,0,0,0,0,0,,2025-04-23T22:13:42.000Z,1786024322.807193
hazerimandana,user,mandana,,False,,1,0,0,0,0,0,0,,2024-11-05T15:55:56.000Z,1786024322.8089933
hazemmabbas,user,Hazem Mohamed,,False,,1,0,0,2,0,0,0,,2024-11-05T07:16:12.000Z,1786024322.8099554
hazim658,user,hazim,,False,,1,0,0,0,0,0,0,,2025-04-27T13:08:50.000Z,1786024322.8351562
hazimedu,user,hazimedu,,False,,1,0,0,0,0,0,0,,2025-01-09T19:34:34.000Z,1786024322.836892
hazimhafiz,user,hafiz,,False,,1,0,0,0,0,0,0,,2023-08-14T04:18:33.000Z,1786024322.841027
hazimhanif,user,Hazim Hanif,,False,,1,0,0,0,0,0,0,,2022-06-14T13:58:39.000Z,1786024322.8420293
hazirann29,user,a,,False,,1,0,0,0,0,0,0,,2024-12-19T07:03:59.000Z,1786024322.8550153
haziqsumaid,user,Haziq Sumaid,,False,,1,0,0,0,0,0,0,,2023-12-29T04:14:48.000Z,1786024322.8560007
haziqjamil,user,Haziq Jamil,,False,,1,0,0,0,0,0,0,,2025-06-10T03:59:30.000Z,1786024322.858061
haziz18,user,Hakim Aziz,,False,,1,0,2,0,0,0,0,,2025-12-13T04:39:33.000Z,1786024322.8769445
hazmannaim,user,HAZMAN NAIM BIN AHSAN,,False,,2,2,0,1,2,0,0,,2023-11-08T13:07:04.000Z,1786024322.884008
hazmkopo,user,hazm,,False,,1,0,1,0,0,0,0,,2025-11-27T19:49:24.000Z,1786024322.886424
haznaat,user,Hasnaat Khalid,,False,,1,0,0,0,0,0,0,,2025-11-12T17:07:51.000Z,1786024322.9026737
haznft,user,haznft neo,,False,,2,0,0,0,0,0,0,,2025-08-24T12:04:13.000Z,1786024322.9094472
haznitrama,user,Faiz Ghifari Haznitrama,,False,,69,3,0,2,3,26,1,,2022-10-12T02:34:13.000Z,1786024322.9167871
hazqzafrn,user,haziq zafran,,False,,1,0,0,0,0,0,0,,2025-04-26T10:12:37.000Z,1786024322.9197612
hazrat5125,user,Md Hazrat Ali,,False,,1,0,0,0,0,0,0,,2023-09-30T22:51:38.000Z,1786024322.9291134
hazratullah,user,rhimi,,False,,1,0,0,0,0,0,0,,2022-12-07T13:42:45.000Z,1786024322.9333467
hazrul07,user,hazrultajuddin,,False,,1,0,0,0,0,0,0,,2023-06-15T07:31:11.000Z,1786024322.9476507
hazlePark,user,sohyeonPark,,False,,1,0,0,0,6,0,0,,2024-04-10T08:22:06.000Z,1786024322.9497151
hazrulakmal,user,Hazrul Akmal Hazarudin,,False,,8,0,0,1,0,1,0,,2022-06-20T07:17:03.000Z,1786024322.9561346
hazwan,user,M Hazwan,,False,,2,0,0,0,0,0,0,,2020-02-19T07:26:12.000Z,1786024322.9622748
haztha,user,Hasitha Prageeth,,False,,2,0,0,0,0,0,0,,2024-11-14T01:47:46.000Z,1786024322.9639933
hazypiff,user,kj,,False,,3,0,0,0,0,0,0,,2024-05-30T14:51:03.000Z,1786024322.980908
hazywang,user,Zhen Wang,,False,,2,0,0,0,0,0,0,,2023-07-04T03:58:54.000Z,1786024322.991253
hazza5,user,Harry Wu,,False,,1,0,0,0,1,0,0,,2025-02-27T07:26:43.000Z,1786024322.9979625
hazzelnut,user,Eric C,,False,,2,2,0,0,0,0,0,,2025-09-25T12:05:52.000Z,1786024323.0006936
hazzxk,user,Kang Xi,,False,,1,0,0,0,0,0,0,,2022-07-25T04:36:51.000Z,1786024323.0110028
hazzio,user,hazza,,False,,1,0,0,0,0,0,0,,2025-04-25T21:52:31.000Z,1786024323.0124798
hazyresearch,org,HazyResearch,,,False,58,54,0,80,,,0,40,,1786024323.0199327
hazzzz,user,cahyan irfan,,False,,1,1,0,0,0,0,0,,2023-10-06T02:19:34.000Z,1786024323.022286
hb-setosys,user,Harpreet Singh,,False,,1,0,12,0,0,0,0,,2024-04-19T23:37:25.000Z,1786024323.0310369
hb123xyz,user,minh,,False,,8,0,0,0,0,0,0,,2024-08-02T02:32:09.000Z,1786024323.056641
hb1115,user,Hardik,,False,,1,0,0,0,0,0,0,,2024-04-25T08:17:51.000Z,1786024323.0591404
hb01-hf,user,Githin Jose,,False,,1,0,0,0,0,0,0,,2023-08-18T18:54:07.000Z,1786024323.0607784
hb14,user,hb,,False,,1,0,1,0,0,0,0,,2024-05-14T11:11:51.000Z,1786024323.0618517
hb23,user,BOULAALA,,False,,4,0,0,0,4,0,0,,2023-12-14T18:20:22.000Z,1786024323.0667813
hb1679,user,Wang,,False,,1,0,0,0,0,0,0,,2024-09-02T08:55:52.000Z,1786024323.0684521
hb520506,user,bagheri,,False,,1,0,1,0,0,0,0,,2025-02-26T21:04:20.000Z,1786024323.077269
hb96,user,Harry,,False,,3,2,0,0,1,0,0,,2023-01-26T21:23:48.000Z,1786024323.104907
hb841,user,KOO,,False,,1,0,0,0,0,0,0,,2024-12-18T22:58:18.000Z,1786024323.1072967
hb9wt,user,Hb9wt.ch,,False,,1,0,0,0,0,0,0,,2026-02-12T16:34:44.000Z,1786024323.1084962
hbadri,user,Hojat badri,,False,,1,0,0,0,0,0,0,,2024-12-31T07:01:27.000Z,1786024323.1136248
hbacard,user,Hugo Bacard,,False,,10,0,0,1,0,3,0,,2023-06-06T10:21:43.000Z,1786024323.1180985
hbXNov,user,Hritik Bansal,,False,,53,79,2,13,40,9,12,,2021-12-24T12:51:35.000Z,1786024323.1216135
hbahuguna,user,Himanshu Bahuguna,,False,,1,0,1,0,0,0,0,,2023-05-27T17:28:44.000Z,1786024323.1308362
hbaianaga4,user,hbaianaga4,,False,,1,0,0,0,0,0,0,,2025-09-28T17:28:08.000Z,1786024323.1497645
hbaieb77,user,ahmed hbaieb,,False,,5,0,2,0,0,10,0,,2023-05-16T16:06:30.000Z,1786024323.1529143
hbakhsh,user,haroon bakhsh,,False,,1,0,0,0,0,0,0,,2022-11-05T09:57:37.000Z,1786024323.1557581
hbaighdc,user,Hassan Ahmed Baig,,False,,1,0,0,0,0,0,0,,2024-09-30T07:04:20.000Z,1786024323.1574373
hbalapan,user,Hitesh kumar,,False,,2,1,2,0,0,0,0,,2022-09-25T15:23:51.000Z,1786024323.1772118
hbakhtiar,user,Hamza Bakhtiar,,False,,1,1,0,0,0,0,0,,2025-09-16T14:22:24.000Z,1786024323.1845884
hbalkhafaji,user,Hassan Alkhafaji,,False,,1,0,0,0,2,0,0,,2025-01-18T21:11:15.000Z,1786024323.197163
hbaltaji,user,hania baltaji,,False,,2,0,0,0,0,0,0,,2025-01-13T18:33:45.000Z,1786024323.1989355
hbamoba,user,"Hasan Basri AKIRMAK, MSc Exec-MBA",,False,,1,1,0,0,0,0,0,,2022-01-14T19:13:24.000Z,1786024323.2006207
hbalen,user,Henry Balen,,False,,1,0,0,0,0,0,0,,2025-02-19T19:14:59.000Z,1786024323.2186544
hbakrim,user,hassan bakrim,,False,,8,0,0,0,0,0,0,,2023-10-30T14:39:55.000Z,1786024323.2197728
hbarlevilleParis,user,barleville,,False,,1,0,0,0,0,0,0,,2025-02-27T08:26:45.000Z,1786024323.230229
hbash,user,hbash,,False,,1,0,0,0,0,0,0,,2024-01-29T08:23:26.000Z,1786024323.2401922
hbanza,user,aza,,False,,3,0,0,0,0,0,0,,2025-09-26T12:27:29.000Z,1786024323.2413304
hbarret,user,Hadrien Barret,,False,,1,0,0,0,0,0,0,,2025-05-22T09:22:48.000Z,1786024323.242441
hbb1,user,Binbin Huang,,False,,1,0,0,2,1,0,0,,2022-11-14T10:47:01.000Z,1786024323.244561
hbbdhxkb,user,xxm,,False,,1,0,4,0,0,0,0,,2024-01-06T12:43:05.000Z,1786024323.2629204
hbbdmatyz3314,user,xcvxcv,,False,,1,0,0,0,0,0,0,,2025-05-16T02:22:15.000Z,1786024323.2642236
hbbhsy,user,hbb,,False,,1,0,1,0,0,0,0,,2023-06-09T19:40:10.000Z,1786024323.2780256
hbc88748,user,Walter,,False,,1,0,0,0,0,0,0,,2025-05-13T08:40:51.000Z,1786024323.2910914
hbcfx,user,Baochun He,,False,,1,1,0,0,0,0,0,,2025-06-10T06:11:09.000Z,1786024323.2928927
hbcho,user,Hyunbok Cho,,False,,2,0,0,0,0,0,0,,2023-11-06T08:43:17.000Z,1786024323.3058932
hbd557195,user,GFJKYTK,,False,,1,0,0,0,0,0,0,,2025-05-10T09:49:20.000Z,1786024323.3117533
hbdc01361,user,qqwwee,,False,,1,0,0,0,0,0,0,,2025-05-11T08:05:21.000Z,1786024323.319687
hbbteam,org,Hambobo's Team,,,False,1,0,0,2,,,0,1,,1786024323.3363464
hbdc117,user,tyrgh8i7u,,False,,1,0,0,0,0,0,0,,2025-05-15T06:11:05.000Z,1786024323.3383343
hbdc16,user,fbvd,,False,,1,0,0,0,0,0,0,,2025-05-11T05:54:58.000Z,1786024323.3392825
hbbz,user,Aigenerater,,False,,2,0,0,0,0,0,0,,2023-03-24T00:04:08.000Z,1786024323.3448966
hbdc42941,user,rtejhrejejchbb,,False,,1,0,0,0,0,0,0,,2025-05-11T05:08:45.000Z,1786024323.3760948
hbdc68747,user,fgewghewg,,False,,1,0,0,0,0,0,0,,2025-05-11T06:01:46.000Z,1786024323.3804746
hbdc69524,user,tyrgh8i7u,,False,,1,0,0,0,0,0,0,,2025-05-15T06:10:58.000Z,1786024323.383598
hbeen,user,이해빈,,False,,1,0,0,0,0,0,0,,2025-01-11T11:09:12.000Z,1786024323.3866725
hbelab,user,HBE,,False,,2,1,0,0,0,0,0,,2025-09-24T07:12:54.000Z,1786024323.390989
hbdc204,user,gewgewg,,False,,1,0,0,0,0,0,0,,2025-05-14T09:10:42.000Z,1786024323.4047732
hbenitez,user,Hernan Dario Benitez Restrepo,,False,,5,0,0,0,0,0,0,,2023-07-06T14:51:16.000Z,1786024323.4193132
hbetty,user,beth,,False,,1,1,0,0,0,0,0,,2024-01-24T16:53:19.000Z,1786024323.4287438
hbesler06,user,HASO,,False,,1,0,0,0,0,0,0,,2025-04-21T14:00:51.000Z,1786024323.4301383
hbeyhan,user,HİDAYET BEYHAN,,False,,1,0,0,0,0,0,0,,2025-02-18T11:24:40.000Z,1786024323.437215
hbfghgfh,user,hbfghgfh,,False,,1,0,0,0,0,0,0,,2025-05-03T09:10:45.000Z,1786024323.438754
hbdc62145,user,qqq,,False,,1,0,0,0,0,0,0,,2025-05-10T08:01:33.000Z,1786024323.4430454
hbfreed,user,Henry,,True,,22,6,1,0,0,0,0,,2023-07-20T16:39:58.000Z,1786024323.4584394
hbgml,user,alexander,,False,,1,1,0,0,0,0,0,,2023-09-19T18:49:52.000Z,1786024323.4624898
hbh281,user,VU THI NGOC BAO,,False,,1,0,0,0,0,0,0,,2025-07-04T07:39:03.000Z,1786024323.4697263
hbhalsydmhmd52,user,هبه السيد محمد,,False,,1,0,0,0,0,0,0,,2026-05-16T15:04:16.000Z,1786024323.475467
hbheiner,user,Heinrich Balles,,False,,1,0,1,0,2,0,0,,2024-07-24T17:07:58.000Z,1786024323.4879634
hbheiner26,user,Heinrich B.,,False,,1,0,0,0,0,0,0,,2026-05-15T21:32:41.000Z,1786024323.49076
hbhc2866,user,박은비,,False,,2,0,0,0,0,0,0,,2025-11-28T02:47:47.000Z,1786024323.4957328
hbib,user,mohamed habib,,False,,2,0,2,0,0,0,0,,2024-07-23T03:36:00.000Z,1786024323.5030475
hbhhyj,user,Yeonjun Hwang,,False,,2,2,0,1,0,0,0,,2025-04-30T08:02:30.000Z,1786024323.5261776
hbij,user,gt,,False,,1,0,0,0,0,0,0,,2025-04-06T16:19:58.000Z,1786024323.5341275
hbijen,user,Bijen Hemam,,False,,3,0,0,0,0,0,0,,2024-01-09T02:40:41.000Z,1786024323.5354803
hbin0701,user,Hyeonbin Hwang ,,False,,39,15,0,5,2,1,4,,2023-06-06T03:41:42.000Z,1786024323.5400507
hbiny,user,hyebin,,False,,12,0,0,0,1,1,0,,2025-01-13T13:53:45.000Z,1786024323.5496714
hbicer,user,Hasan Nazim Bicer,,False,,2,0,0,0,0,0,0,,2026-03-09T23:50:39.000Z,1786024323.564088
hbilal155,user,Bilal Ahmed,,False,,1,0,0,0,0,0,0,,2025-05-02T20:39:10.000Z,1786024323.5674517
hbjk,user,sdwfhy,,False,,1,0,0,0,0,0,0,,2025-05-14T14:51:53.000Z,1786024323.5747347
hbjoo,user,JOO HYEONBIN,,False,,3,0,0,0,0,0,0,,2024-06-27T02:11:49.000Z,1786024323.5784795
hbkdigitals,user,Kelli Jones,,False,,2,0,0,0,0,0,0,,2024-09-25T23:27:09.000Z,1786024323.600717
hbkim1234,user,kim,,False,,1,0,1,0,0,2,0,,2025-10-23T08:47:18.000Z,1786024323.609468
hbkjbkbjgtcjg,user,kkj,,False,,1,0,0,0,0,0,0,,2024-06-28T12:40:41.000Z,1786024323.6131754
hbkm12,user,hanbyeol kim,,False,,1,1,0,0,0,0,0,,2025-06-10T01:52:40.000Z,1786024323.6224809
hblaunte,user,HM,,False,,1,0,0,0,0,0,0,,2026-02-23T06:37:44.000Z,1786024323.6258788
hbjroberts,user,Henry Roberts,,False,,1,0,0,0,0,0,0,,2023-02-24T07:52:26.000Z,1786024323.6399262
hbjcjhscbhj,user,jshbchjsbbhj,,False,,1,0,0,0,0,0,0,,2025-02-03T12:47:29.000Z,1786024323.6489236
hblim,user,Halston Lim,,False,,1,3,1,0,1,0,0,,2025-03-27T03:33:35.000Z,1786024323.6524074
hblogan,user,Haley Logan,,False,,1,0,0,0,0,0,0,,2025-02-17T05:13:07.000Z,1786024323.656162
hbm209,user,Truong Huy Hoang,,False,,1,0,0,0,0,0,0,,2023-10-03T08:35:26.000Z,1786024323.6659982
hbmartin,user,Harold Martin,,True,,2,0,0,0,1,0,0,,2024-01-21T18:36:36.000Z,1786024323.668347
hblech,user,Hugo Blech,,False,,1,0,0,0,0,0,0,,2023-03-07T16:16:56.000Z,1786024323.6791408
hbminsi,user,Hwangbo Minseo,,False,,2,0,0,0,0,0,0,,2023-08-06T10:50:13.000Z,1786024323.6856534
hbmoon,user,Hwi Moon,,False,,1,0,0,0,0,0,0,,2023-03-31T04:21:30.000Z,1786024323.6909344
hbnjvhjn,user,bvng,,False,,1,0,0,0,0,0,0,,2025-05-16T04:17:49.000Z,1786024323.692075
hbo02,user,Has Bo,,False,,1,0,0,0,0,0,0,,2025-01-01T21:45:44.000Z,1786024323.6982267
hbohuang,user,hbohuang,,False,,1,0,0,0,0,0,0,,2025-03-16T13:25:17.000Z,1786024323.7111986
hboua,user,bouazzaoui,,False,,1,0,0,0,0,0,0,,2025-05-04T11:35:32.000Z,1786024323.7287273
hbot0001,user,hbot0001,,False,,1,0,0,0,2,0,0,,2023-09-14T05:43:52.000Z,1786024323.729945
hbp5181,user,Haixing Piao,,False,,1,0,0,1,0,0,0,,2025-02-12T14:13:21.000Z,1786024323.7393565
hbpencil01,user,bei,,False,,1,1,0,0,1,0,0,,2024-12-13T14:08:13.000Z,1786024323.7404695
hbofz,user,Hamzah,,False,,2,0,0,0,0,0,0,,2025-02-19T18:35:05.000Z,1786024323.7430031
hbr8594,user,iultghm,,False,,1,0,0,0,0,0,0,,2025-05-13T05:42:40.000Z,1786024323.761085
hbrahulstatus,user,Rahul khan,,False,,1,0,0,0,0,0,0,,2025-05-13T13:55:28.000Z,1786024323.770327
hbraswel,user,Hannah Braswell,,False,,1,0,0,0,0,0,0,,2024-05-16T18:23:10.000Z,1786024323.7787042
hbriegel,user,Hunter Briegel,,False,,1,0,0,0,0,0,0,,2024-09-28T15:29:31.000Z,1786024323.7818496
hbroak,user,hbroak,,False,,1,0,0,0,0,0,0,,2025-12-24T17:17:57.000Z,1786024323.7873063
hbpkillerX,user,Priyanshu Maurya,,False,,18,4,3,3,12,1,0,,2023-04-18T19:50:33.000Z,1786024323.7913282
